tweet,label,score,locations,timestamp,time
"#Calgary, I am so proud of you! Calgarians, you rock with your #solidarity! #hometownpride #love #canada #yyc #flooding #RT @wwwDORIca :)",LABEL_1,0.9995768666267396,"[None, 'Calgary', None]",,
@ZevKlymochko I skated (and loved) millennium park when I lived in Calgary. Is there any pics of millennium park post flood?,LABEL_1,0.9998472929000854,"[None, 'Calgary', 'millennium park']",,
"#News Floods displace nearly 200,000 in western Canada\http://t.co/2q8NrnECDm",LABEL_1,0.999918818473816,"[None, None, 'western Canada']",,
@windspeakernews @ABHumanServices thanks you too. I hope the people of Siska all got out safely. #YYC #abflood #floods #yccflood,LABEL_1,0.9999189376831056,"['Alberta', 'Calgary', 'Siska']",,
Christy Clark donated $250 to Calgary flood to say on Global news that is joke!,LABEL_1,0.9999110698699952,"[None, 'Calgary', None]",,
"Officials in #Calgary say evacuations will not end until water recedes; up to 30,000 still without power #abflood @weathernetwork",LABEL_1,0.9999159574508668,"['Alberta', 'Calgary', None]",,
Kennedy postpones oilsands trip due to Alberta floods: He was to tour an oilsands plant in the Fort McMurray a... http://t.co/HdVPSfyQxM,LABEL_1,0.9999163150787354,"['Alberta', None, 'Fort McMurray a']",,
Hoping & praying for those affected by the flooding in Alberta,LABEL_1,0.9999141693115234,"['Alberta', None, None]",,
"RT @jengerson: As hilarious as this is, most other cities would be dealing with looting. Calgary? Rogue canoes. #yycflood  http://t.co/uqXt…",LABEL_1,0.9999189376831056,"[None, 'Calgary', None]",,
"RT @kirbydreher: Atta boy @DaveMarkle66 @PGATOURCanada event cancelled in Calgary, players stand by 2 assist the flood relief effort. http:…",LABEL_1,0.9999158382415771,"[None, 'Calgary', None]",,
RT @redcrosscanada: We are looking for volunteers to help following south Alberta floods. Please register at: http://t.co/0zYRdw5TO8 “ #yyc…,LABEL_1,0.99991774559021,"[None, 'Calgary', 'south Alberta']",,
I feel like it's time for me to give back to this amazing city I live in... Project clean up yyc is a go! #volunteer #yycflood,LABEL_1,0.99991774559021,"[None, 'Calgary', None]",,
RT @vitaminwater_ab: tomorrow we will be joining @yycfoodtrucks at the @cgyfarmersmarkt to raise money for @redcrossab #yychelps #yycflood …,LABEL_1,0.9999128580093384,"[None, 'Calgary', '@cgyfarmersmarkt']",,
"RT @cenovus: Donate to @redcrosscanada to help w/ #abflood relief efforts. #Cenovus staff, we'll match employee donations http://t.co/d1Jz5…",LABEL_1,0.9999184608459472,"['Alberta', None, None]",,
"RT @ShitNenshiHasto: I can't believe I have to say this, but no, we won't be turning the Peace Bridge into a slip and slide.  #yycflood",LABEL_1,0.9998966455459596,"[None, 'Calgary', 'Peace Bridge']",,
RT @Metro_Katie: Fire department is looking at disconnecting some cars at either end. #yycflood #yyc,LABEL_1,0.9999195337295532,"[None, 'Calgary', None]",,
"RT @xlbuzz: Why #ABFlood Fundraising Should Be Donated To The Government, Not The Red Cross http://t.co/9EtYh72LGw",LABEL_1,0.9999160766601562,"['Alberta', None, None]",,
Calgary Flames say lower part of team's rink is 'a total loss' from flooding:      http://t.co/oQ7YbsJpIK,LABEL_1,0.9999009370803832,"[None, None, None]",,
RT @MadelnCanada: Smile. No matter how difficult the situation can be. #abflood http://t.co/1ilJPPcPu2,LABEL_1,0.9999154806137084,"['Alberta', None, None]",,
RT @Crackmacs: Pictures I took from around downtown #Calgary today http://t.co/9FNjfjhblt #yyc #yycflood - video coming shortly.,LABEL_1,0.9999191761016846,"[None, 'Calgary', 'downtown']",,
@calgarytransit Very much appreciated. Loved one home safe now. God bless you! #yycflood,LABEL_1,0.9999189376831056,"[None, 'Calgary', None]",,
RT @Mookalicious: This pic of an awesome firefighter in Mission needs to go viral.  Please share! #abflood http://t.co/H1YF3RhJZs,LABEL_1,0.999918818473816,"['Alberta', None, 'Mission']",,
"RT @AP: UPDATE: Three dead from flooding in Alberta as 75,000 people are evacuated: http://t.co/QjyqKNLBV4 -MM",LABEL_1,0.9999163150787354,"['Alberta', None, None]",,
"“@ENMAX: It is estimated that power will be restored to Mission, Cliff Bungalow, Beltline and Victoria Park by 10:00 PM today. #yycflood”",LABEL_1,0.9999181032180786,"[None, 'Calgary', 'Victoria Park']",,
5th Ave flyover car free #yycflood http://t.co/oujVqOx5gr,LABEL_1,0.999846577644348,"[None, 'Calgary', '5th Ave']",,
"Sending love to all those affected by the flooding in Calgary, Canmore, High River, Okotoks, Lethbridge and every... http://t.co/b52cjtwdhc",LABEL_1,0.9999178647994996,"[None, None, 'Lethbridge']",,
More live coverage from downtown #Calgary #ABFlood now on The Weather Network on TV road closures - river advisories - local weather!,LABEL_1,0.9999169111251832,"['Alberta', 'Calgary', 'downtown']",,
RT @BrentToderian: Hell or High Water. There's no stopping the @calgarystampede. #yycflood http://t.co/zU2p1QEr25,LABEL_1,0.9999170303344728,"[None, 'Calgary', None]",,
RT @unconstCFO: Cleanup time! Here's how to help in Calgary. http://t.co/XEEmKKQJPX #yychelps #ABflood,LABEL_1,0.9999185800552368,"['Alberta', 'Calgary', None]",,
Even the police weren't immune from the flood catching them unaware. #yycflood [pic]  https://t.co/jIO3LTxE72,LABEL_1,0.9999191761016846,"[None, 'Calgary', None]",,
RT @CTVNewsJett: Anyone in #Nanaimo have family displaced in #Calgary because of the massive flood?  Please message me.,LABEL_1,0.9999186992645264,"[None, 'Calgary', 'Nanaimo']",,
Canada floods: Three killed as waters threaten Calgary http://t.co/pYtQltRTwc,LABEL_1,0.9999161958694458,"[None, None, 'Calgary http']",,
@Cree8Dawn @Harv_Durocher Gravel roads in some areas r washed away. Bow River is rising. Most families evacuated themselves. Mainland is ok.,LABEL_1,0.9999186992645264,"[None, None, 'Mainland']",,
A true iron man @JKany has been reporting the news since 6am and still has salon quality hair #jordanburgandy #yycflood,LABEL_1,0.9997250437736512,"[None, 'Calgary', None]",,
"RT @ShelaghMXdonald: @KasiaMadera \As a British citizen in Canada, I am horrified by lack of attention to floods in Alberta.  The US gets a…",LABEL_1,0.9999160766601562,"['Alberta', None, 'US']",,
RT @CalgaryPolice: .@edmontonpolice you are true heroes. Thanks for helping us out! #yycflood,LABEL_1,0.9999172687530518,"[None, 'Calgary', None]",,
@nenshi @ENMAX we should light the tower in honour of Enmax efforts to relight the city. Good job boys. #yycflood,LABEL_1,0.9999032020568848,"[None, 'Calgary', None]",,
RT @TedMenzies: Happy Canada Day to all! Please take a moment to remember those who were impacted by the flood. See you in Pincher Creek an…,LABEL_1,0.9999186992645264,"[None, None, 'Pincher Creek']",,
"This is so good it, deserves to be posted again.\Cambodian orphans help Alberta flood victims\#amazing\http://t.co/wGBIu9zVgG",LABEL_1,0.9999130964279176,"['Alberta', None, None]",,
RT @leahhennelphoto: After the flood in Calgary a book lays in the muddy streets of Bowness. #abflood in #yyc http://t.co/m3lSsz5Z24,LABEL_1,0.9999163150787354,"['Alberta', 'Calgary', 'Bowness']",,
RT @CTVCalgary: Drop-In Centre wishlist - bring items to temp. centre (former hotel) 4804 Edmonton Trail NE #yyc #yycflood http://t.co/EATD…,LABEL_1,0.9997190833091736,"[None, 'Calgary', 'yyc']",,
Severe flood submerges parts of Flames' arena: Two rivers converged on the western Canadian city of Calgary ov... http://t.co/6fCFbov14b,LABEL_1,0.9999175071716307,"[None, 'Calgary', 'western Canadian city of']",,
RT @Kathleen_Wynne: Ontario is here for Calgary and all our friends in Alberta. We’ll work together to make sure they’re okay. #abflood #yy…,LABEL_1,0.9999161958694458,"['Alberta', 'Calgary', None]",,
RT @JoyceMeyer: Hand of Hope working to help victims of Calgary floods. https://t.co/Ei3gL7ADKU,LABEL_1,0.9999164342880248,"[None, 'Calgary', None]",,
RT @CP24: Alberta gives $1 billion for flood relief http://t.co/HFbCrtOTbb,LABEL_1,0.9999161958694458,"['Alberta', None, None]",,
Awesome day treating volunteers!  Treated Canadians from across the country who have come to help. #yycflood @nenshi http://t.co/SGAzGIvd59,LABEL_1,0.9999135732650756,"[None, 'Calgary', None]",,
New part of daily routine: read about amazing things that happened in my #yyc today. Cry in pride. Repeat. #yycflood cc @nenshi,LABEL_1,0.9997146725654602,"[None, 'Calgary', 'yyc']",,
"Media line for reporters to call for specific info, details & facts on #abflood: 780-644-4862",LABEL_1,0.99991774559021,"['Alberta', None, None]",,
Hmm. These TV ads in Australia promoting BC/Alberta tourism don't really work when shown right after #abfloods news footage. #yycfloods,LABEL_1,0.9999184608459472,"[None, None, 'BC/Alberta']",,
"RT @cityofcalgary: All Calgary Dams are operating as designed, there is NO risk of a dam breach. All Dams are safe and sound. #yyc #yycflood",LABEL_1,0.9999181032180786,"[None, 'Calgary', 'Calgary Dams']",,
Enbridge employees - offices will remain closed week of June 24; no impact to operations http://t.co/fYiwWGuWau #abfloods #yycflood,LABEL_1,0.9999178647994996,"[None, 'Calgary', None]",,
RT @dinnerwithjulie: Ran into chef Kevin Turner from @bravabistro - whose evacuated house was broken into & ransacked. #yycflood http://t.c…,LABEL_1,0.9999184608459472,"[None, 'Calgary', None]",,
RT @CalgaryPolice: Find Family Members affected by Flooding in Alberta here: http://t.co/pxeSDy4HM1 Canadian Red Cross #yycflood,LABEL_1,0.9999160766601562,"['Alberta', 'Calgary', None]",,
So I hear the Starbucks on 4th in Mission has a venti water issue. #yycflood,LABEL_1,0.9999181032180786,"[None, 'Calgary', 'Mission']",,
"Sewer is covered. Overflow is not. The insurance companies should lean towards covering if its mixed, as per starting trends. #abflood",LABEL_1,0.9999169111251832,"['Alberta', None, None]",,
PHOTOS:  View from above:  #Calgary flooding http://t.co/ONGAwSlVRs,LABEL_1,0.9999181032180786,"[None, 'Calgary', None]",,
Proud that #TAemployees were helping with the clean-up around the city today! #yychelps #yycflood http://t.co/0EUldUbLBK,LABEL_1,0.9999126195907592,"[None, 'Calgary', None]",,
RT @UnitedWaySEAB: If you would like to donate to Red Cross and Salvation Army flood relief efforts  text Flood to 70734  #ABflood,LABEL_1,0.9999173879623412,"['Alberta', None, None]",,
RT @GlobalCalgary: Full details on the outdoor water use ban in place for City of Calgary: http://t.co/SHTocwCBir #yycflood,LABEL_1,0.999918818473816,"[None, 'Calgary', 'City of Calgary']",,
"RT @CTVCalgary: The @calgarystampede says it's Hell or High Water.  Have never missed a show, not about to start now. #YYC #ABflood",LABEL_1,0.9999194145202636,"['Alberta', 'Calgary', None]",,
RT @VassyKapelos: 100 firefighters and equipment from #yeg heading to #yyc to help later today #abflood,LABEL_1,0.9999171495437622,"['Alberta', 'Calgary', 'yyc']",,
.@nenshi said he was moved to tears by seeing more than 200 people on one block helping to clean up #yycflood,LABEL_1,0.9999186992645264,"[None, 'Calgary', None]",,
"As for the flood victims, my heart bleeds for them but it's their own fault at the end of the day, Mayor of Calgary Rob Ford #Toronto",LABEL_1,0.999915361404419,"[None, 'Calgary', None]",,
Statoil Canada and PTTEP Canada Limited donate $1 million to Calgary and area flood relief: CALGARY -- Followi... http://t.co/1Xzl0ma14e,LABEL_1,0.9999164342880248,"[None, 'Calgary', None]",,
Some @CalgaryStampede events cancelled due to flooding #yycflood http://t.co/x0Tn84AHaM,LABEL_1,0.9999167919158936,"[None, 'Calgary', None]",,
RT @DianeOrihel: A useful irony: #CPC cancels convention due to natural disaster #climate #abflood #cdnpoli http://t.co/nXv49fgdpF,LABEL_1,0.9999169111251832,"['Alberta', None, None]",,
RT @metrocalgary: Tim Hortons offers up special Alberta flood donut http://t.co/Tl7nBmHAnd #yycflood,LABEL_1,0.9999182224273682,"['Alberta', 'Calgary', None]",,
RT @DonnaGobanna: @TheEllenShow We could use an ark! #flooding #Calgary #Edmonton #Alberta,LABEL_1,0.9998751878738404,"['Alberta', 'Edmonton', None]",,
"Alberta College of Art + Design to Closed Until Wednesday, June 26th - campus locked, all classes/events cancelled. #yycflood",LABEL_1,0.9999172687530518,"[None, 'Calgary', None]",,
RT @AlisonLoat: Watching Calgary's mayor #yycflood update. The City's officials & citizens set an extraordinary example of service & fortit…,LABEL_1,0.9999189376831056,"[None, 'Calgary', None]",,
RT @urstrong: Choppers flying along memorial drive telling people to get off the sidewalks & away from the river! #yycflood,LABEL_1,0.9999172687530518,"[None, 'Calgary', 'memorial drive']",,
"Truth: @CstShaw: For those inquiring about Deer Run, we have no evacuation order for your community at this time. #yycflood #yyc",LABEL_1,0.9999185800552368,"[None, 'Calgary', 'Deer Run']",,
RT @LindsayDunnCTV: This is apparently what the current state of the Saddledome is in from the flooding in Alberta. http://t.co/I8c0dCv1D9,LABEL_1,0.999918818473816,"['Alberta', None, 'the Saddledome']",,
RT @MikeHudema: I only hope my city's nightmare is the #climatechange wake-up Alberta needs: http://t.co/rHyriwpQCb #abflood #cdnpoli #ab…,LABEL_1,0.9999183416366576,"['Alberta', None, None]",,
@MeghanAlyson @goaliegirlmom31 Red Cross on Calgary are accepting donations for the local First Nations #yycflood #abflood,LABEL_1,0.9999164342880248,"['Alberta', 'Calgary', None]",,
"community cleanup in Elbow Park and Mission, but work can be done somewhere else : @nenshi #yycflood",LABEL_1,0.9999183416366576,"[None, 'Calgary', 'Mission']",,
RT @CalgaryPolice: .@klizanne27 here is a list of the most up-to-date road closures. #yycflood http://t.co/oPbJ5Qx9bQ,LABEL_1,0.999915361404419,"[None, 'Calgary', None]",,
#Alberta | #Canmore – Water levels in Bow River remain steady http://t.co/SZMhdNtyil #flooding,LABEL_1,0.999919056892395,"['Alberta', None, 'Bow River']",,
@redcrosscanada: We continue 2 assist those affected by flooding in #Alberta. Want 2 help? Donate here: http://t.co/7UHLaIGQA4   #abflood,LABEL_1,0.9999158382415771,"['Alberta', None, None]",,
Warm thoughts going out to our community of flight attendant friends and colleagues affected by the #Calgary #flooding,LABEL_1,0.9999148845672609,"[None, None, None]",,
"For those impacted by the #yycflood , stay safe!",LABEL_1,0.9999169111251832,"[None, 'Calgary', None]",,
RT @JoeAnglin2: RCMP stop volunteer aid worker in #highriver and ticket him for a cracked windshield. Really! #abflood #wrp,LABEL_1,0.999918818473816,"['Alberta', None, 'highriver']",,
"RT @BradenLatam: Wow, still pretty unbelievable.  RT @CalgaryPolice: Aerial photo of flooding at Prince's Island Park. #yycflood http://t.c…",LABEL_1,0.9999189376831056,"[None, 'Calgary', ""Prince's Island Park""]",,
RT @servprocleaning: Flood Don't: turn on ceiling fixtures if ceiling is wet also keep out of rooms where ceilings are sagging #yycflood ht…,LABEL_1,0.9999183416366576,"[None, 'Calgary', None]",,
RT @TrentJackson: AWESOME! @RegusCanada is offering free work space to support victims of #yycflood http://t.co/s5YwbrYMND #yyc #business,LABEL_1,0.9999096393585204,"[None, 'Calgary', None]",,
He wants pics people lots of great Calgary garden pics (see pic for info) @WBrettWilson #OMGP #YYCFlood http://t.co/oGm9LfdSBP,LABEL_1,0.9993759989738464,"[None, 'Calgary', None]",,
"RT @AliyaJasmine: Saying a prayer for Calgary, and everyone experiencing the floods in Alberta",LABEL_1,0.999914288520813,"['Alberta', 'Calgary', None]",,
RT @CalgaryPolice: Together we will rebuild. #WeAreCalgary Great video made by Bradley Stuckel: http://t.co/Pe7DOtu1zK #yycflood,LABEL_1,0.9999157190322876,"[None, 'Calgary', None]",,
RT @ctvedmonton: Province says 23 communities have declared a state of emergency: http://t.co/qyWyLicaAp #yycfloods #abfloods @CTVNews,LABEL_1,0.999919056892395,"[None, None, None]",,
"This Is What Love Looks Like: A Man and His Cat Swim to Safety in the Alberta, Canada, Flood http://t.co/XlzVsK8emZ via @catster",LABEL_1,0.9998347759246826,"[None, None, 'Alberta, Canada']",,
Looks like they're sending down the reinforcements. #yyc #yycflood #army #hangtight @ QE2 http://t.co/lNXubXlmMK,LABEL_1,0.9999091625213624,"[None, 'Calgary', 'QE2']",,
"I am so proud of our mayor, our heroic emergency responders and our city and its residents #yycflood #yyc http://t.co/BVTTwZywR0",LABEL_1,0.9999189376831056,"[None, 'Calgary', None]",,
"Friends, neighbors were more helpful than government after Sandy, poll finds: http://t.co/qRjOGMiM8X #ABflood",LABEL_1,0.9999179840087892,"['Alberta', None, None]",,
POLL: Has the flooding in Alberta affected you?  http://t.co/XX87b0qNzr,LABEL_1,0.9999161958694458,"['Alberta', None, None]",,
Nelson Mandela is gonna die. Fuck. This is way worse than NOT KNOWING ANYTHING ABOUT THE BRIDGE!!! #yycflood,LABEL_1,0.9997950196266174,"[None, 'Calgary', None]",,
RT @aldjohnmar: You have to see it to appreciate the speed of the water... #yyc #yyccc #yycflood http://t.co/IkxjYVaLsk,LABEL_1,0.9998865127563475,"[None, 'Calgary', None]",,
"RT @shmopes: Taking the #yycflood as a joke is wearing thin guys, you wouldn't be joking around if it was your house being affected #county…",LABEL_1,0.9999183416366576,"[None, 'Calgary', None]",,
@NHLFlames Oh mean! I heard what happened to your stadium! I hope everything is okay! #FlamesFan #yycflood #Stadium #Calgary #YoureStrong,LABEL_1,0.999890685081482,"[None, 'Calgary', None]",,
"RT @cbcDougDirks: @nenshi If you're still standing, @WBrettWilson donating $1 for every tweet, RT of hashtag #OMGP to max 50k for #yycflood…",LABEL_1,0.9999170303344728,"[None, 'Calgary', None]",,
RT @VanCanucks: Our thoughts go out to the city of #Calgary and all those affected by this week's flooding.,LABEL_1,0.9999148845672609,"[None, 'Calgary', None]",,
Garbage collection resumes in #yyc~ Click here to find out what to do with damaged property... http://t.co/eV3bsyc3Xa #yycflood @ctvnews,LABEL_1,0.9999191761016846,"[None, 'Calgary', 'yyc']",,
RT @andi_carey: Feeling helpless about #yycflood ? You can do something! #Donate http://t.co/UGY3GtB3Yr,LABEL_1,0.9999189376831056,"[None, 'Calgary', None]",,
Wtf. @alixveno: RT @4bsandak: @HomeDepotCanada extorts #yycflood victims by selling 24 bottles of water for $42.00. #disgusting .,LABEL_1,0.999915361404419,"[None, 'Calgary', None]",,
Alberta braced for fresh flooding: More communities in the Canadian province of Alberta are on flood alert as ... http://t.co/pTqkBVnxYD,LABEL_1,0.9999165534973145,"['Alberta', None, 'Canadian province of']",,
RT @CIAwesome: Amazing! Shaw has donated $1 million to @redcrosscanada to help with #abflood. You can make your donation here too: http://t…,LABEL_1,0.9999181032180786,"['Alberta', None, None]",,
"Harper joins Redford, Nenshi to survey Alberta flooding - CBC.ca: CBC.caHarper joins Redford, Nenshi to survey... http://t.co/XkNn7Gxjek",LABEL_1,0.9999136924743652,"['Alberta', None, None]",,
Can @nenshi be mayor of #yeg as well? What a machine. #yycflood,LABEL_1,0.9996566772460938,"[None, 'Calgary', 'yeg']",,
"#tarsand Alberta promises C$1 billion in flood funding, won't balance budget: Reuters http://t.co/qCR5j50JSA  http://t.co/Pkw74XxiwV",LABEL_1,0.9999170303344728,"['Alberta', None, None]",,
It all has to go: http://t.co/Mpw1yRg1kO. @FarahDhalla continues to report from the midst of #abflood cleanup in #yyc.,LABEL_1,0.9999154806137084,"['Alberta', 'Calgary', 'yyc']",,
"Dear @TalismanCentre, we miss you. Pls get better soon. Sincerely, Paula's Quads #fitforlife #workout #yycflood",LABEL_1,0.9995152950286864,"[None, 'Calgary', '@useralismanCentre']",,
.@team_ddn Probably. Here is some information to follow when returning home: http://t.co/10FKNpKI3n #yycflood #yyc,LABEL_1,0.9996877908706664,"[None, 'Calgary', 'yy']",,
"Anyone know any Ottawa residents caught up in the Calgary flood, unable to travel or doing something to help? Tweet us! #OTTNEWS",LABEL_1,0.9999160766601562,"[None, 'Calgary', None]",,
RT @CalgaryPolice: Aerial photo of flooding at Prince's Island Park. #yycflood http://t.co/C8Fz1cGWdK,LABEL_1,0.999918818473816,"[None, 'Calgary', ""Prince's Island Park""]",,
RT @Neil_Zee: A Team of about 15 @CalgaryPolice officers on Mtn Bikes are keeping the downtown safe tonight... Thank You! #YYCFlood http://…,LABEL_1,0.999919056892395,"[None, 'Calgary', None]",,
RT @PSRumpel: Everywhere I looked downtown crews are pushing hard. #abflood #yyc http://t.co/kMy8CVlqnx,LABEL_1,0.9999183416366576,"['Alberta', 'Calgary', 'downtown']",,
RT @Blanchard_Mike: Dave Rutherford yanked from air after criticizing QR77's lack of #abflood coverage. He's right. It's been brutal. 660 h…,LABEL_1,0.9998824596405028,"['Alberta', None, None]",,
RT @redcrosscanada: Red Cross accepting financial donations to assist people affected by flooding in Alberta: http://t.co/Xd9mbM2uj8 #abflo…,LABEL_1,0.9999172687530518,"['Alberta', None, None]",,
Wow the flood in Calgary right now,LABEL_1,0.9999165534973145,"[None, 'Calgary', None]",,
"Osler cancels Stampede party, donates funds to charity http://t.co/0U1sYxyDeL #yycflood",LABEL_1,0.9998704195022584,"[None, 'Calgary', None]",,
"RT @NealaBarton: This is High River, AB from the air. Thoughts are with all who calls this town home. Just astounding. #abflood http://t.co…",LABEL_1,0.9999171495437622,"['Alberta', None, 'AB']",,
Unusual weather flooding Calgary Canada http://t.co/TgpWNzkGiu,LABEL_1,0.9999184608459472,"[None, None, 'Calgary Canada']",,
RT @windspeakernews: MT @CanadaBridges: Clothing is no longer needed in #Siksika... they are overwhelmed with clothing donations! #abflood …,LABEL_1,0.999918818473816,"['Alberta', None, 'Siksika']",,
RT @CarrieTait: Construction site - the pit is a pond. Water moving. Filled with debris. At East Village development #ABflood http://t.co/2…,LABEL_1,0.9999165534973145,"['Alberta', None, 'East Village development']",,
"Seeing the views from our ex-community of Crescent Heights and our fave place Canmore is devastating, sending love #yycflood #abflood",LABEL_1,0.9999164342880248,"['Alberta', 'Calgary', 'Canmore']",,
"RT @VanCanucks: To help those affected by flooding in #Alberta, Rogers customers can donate $5 to Red Cross by texting 'AB-HELP' to the num…",LABEL_1,0.9999150037765504,"['Alberta', None, None]",,
"LIVE: Power issues could continue for weeks, months: City.  Check out latest flood news. http://t.co/DWfJtV68Vo #abflood #yycflood",LABEL_1,0.9999171495437622,"['Alberta', 'Calgary', None]",,
RT @shawn_calgary: Comparison of the Calgary city lights - before and after.  http://t.co/b6fj6UuBqn  #yyc #yycflood,LABEL_1,0.9999189376831056,"[None, 'Calgary', None]",,
why am I not surprised?! @GlobalCalgary: UPDATE:The Beltline likely won't see power restored 'til midnight: http://t.co/RdgUFvcPvc #yycflood,LABEL_1,0.999919295310974,"[None, 'Calgary', None]",,
RT @Daorcey: Mayor Nenshi says we will have an an announcement later today about how people can sign up to volunteer for #yycflood cleanup.,LABEL_1,0.9999182224273682,"[None, 'Calgary', None]",,
It's been non stop pouring rain all day. Maybe it's Edmontons turn for the flood ? #HopeNot,LABEL_1,0.9998292922973632,"[None, None, None]",,
"BTW, if anyone thinks what I've already shown you of Suzie Vile's meandrings to date is bad, just wait... #CdnPoli #roft #yycflood",LABEL_1,0.999110996723175,"[None, 'Calgary', None]",,
"RT @CowtownTwit: @HomeDepot #yyc #yycflood You people are disgusting assholes, most people are donating, you pricks charge $42 for water, f…",LABEL_1,0.9999179840087892,"[None, 'Calgary', None]",,
RT @ctvcalgary: Updated information on #yyc school closures and diploma exam options for students http://t.co/IeUribL9Bk @CTVNews #yycflood,LABEL_1,0.9999179840087892,"[None, 'Calgary', None]",,
Calgary floods: raw videos (Canada) http://t.co/mfUHTEH0HQ,LABEL_1,0.9999178647994996,"[None, None, 'Canada']",,
"RT @jengerson: As hilarious as this is, most other cities would be dealing with looting. Calgary? Rogue canoes. #yycflood  http://t.co/uqXt…",LABEL_1,0.9999189376831056,"[None, 'Calgary', None]",,
RT @NHLFlames: Looking for a way to help #abflood & #yycflood victims? Donate to the @redcrosscanada relief efforts ~ http://t.co/Xxothrnu73,LABEL_1,0.9999173879623412,"['Alberta', 'Calgary', None]",,
Calgary Downtown Flooding Alberta Floods June 2013: http://t.co/sPEhxFlcHE ?? @YouTube,LABEL_1,0.9999130964279176,"[None, 'Calgary', None]",,
"RT @Mookalicious: 10th street bridge is close to being under water!  These images are real, although hard to believe! #yycflood http://t.co…",LABEL_1,0.9999181032180786,"[None, 'Calgary', '10th street bridge']",,
"RT @BTCalgary: A Calgary exclusive! This year's Stampede Parade Marshal, @Cmdr_Hadfield, will be on BT today. #yycflood",LABEL_1,0.9998855590820312,"[None, 'Calgary', None]",,
Right now at work:\\#cocktails4calgary is happening now @NTNLBourbon/@NTNL10. All proceeds and tips going to flood relief. #yycflood,LABEL_1,0.9999191761016846,"[None, 'Calgary', None]",,
$685 / $1000 #waterformorley --- let's get a potable truck out there ! #yycfloods #yychelps $1000 for 6000L to Morley.,LABEL_1,0.999906063079834,"[None, None, 'Morley']",,
Canada gets fossil of the day award for being useless and ignorant @UN climate talks @CP24 http://t.co/h7yWjxodI9 \@kenneyjason #yycflood,LABEL_1,0.9894174933433532,"[None, 'Calgary', 'Canada']",,
RT @FarahDhalla: Accommodations:\Citizens placed in two-day accommodations have now been extended to three days. #abflood @weathernetwork #…,LABEL_1,0.9999169111251832,"['Alberta', None, None]",,
Help rescue workers by staying home for the remainder of today!  Don't get in the way and into danger out of your own curiosity! #yycflood,LABEL_1,0.9999041557312012,"[None, 'Calgary', None]",,
Calgary Flooding - 2013 Flood - Dramatic Pictures - Calgary Video Production - BizBOXTV http://t.co/gEOc2YOdkv,LABEL_1,0.9999171495437622,"[None, None, None]",,
"RT @calgaryherald: Bow Valley College closed until at least Wednesday, according to a news release. #yyc #yycflood",LABEL_1,0.9999191761016846,"[None, 'Calgary', None]",,
"So the TD mall is open but no food court, no Devonian, and pretty much no stores. Might as well have stayed close. #yycflood",LABEL_1,0.9998880624771118,"[None, 'Calgary', 'TD mall']",,
"RT @KeltyCentre: INTERVIEW: @RedCrossBC volunteers in Alberta, helping flooded families get back on their feet. #abflood  http://t.co/8VeR2…",LABEL_1,0.9999178647994996,"['Alberta', None, None]",,
This breaks my heart :-( @Taylor1113 Rideau Park School #yycflood http://t.co/A9qmO8wy5y #yycbe,LABEL_1,0.9998955726623536,"[None, 'Calgary', None]",,
RT @cityofcalgary: The City of Calgary CANNOT accept donations of any kind or volunteers at reception centres. Thank you #yyc #yycflood,LABEL_1,0.9999173879623412,"[None, 'Calgary', None]",,
Via @KelseyTWN latest #abflood: **Trans #Canada Hwy reopen to public traffic** as of 25min ago. #Banff #Canmore #abflood cc @weathernetwork,LABEL_1,0.9999185800552368,"['Alberta', None, 'Canmore']",,
Twitter / ShaneKeller: BIG thanks Cowboys Nightclub ... http://t.co/Y4DNbOP5ZE #mission #yychelps #yycflood (via @ShaneKeller),LABEL_1,0.999359667301178,"[None, 'Calgary', None]",,
"RT @Real_ESPNLeBrun: For those who want to help out flood victims in Calgary, here's a link: http://t.co/ma2jhjGASQ",LABEL_1,0.9999167919158936,"[None, 'Calgary', None]",,
RT @CalgaryChamber: RT @cityofcalgary: Please note that re-entry info centres open daily 8 am to 11 pm until further notice #yycflood,LABEL_1,0.999919056892395,"[None, 'Calgary', None]",,
RT @jianghomeshi: Canadian Red Cross has set up a direct way to help out re #Alberta floods. Donate here - https://t.co/quOnhjeO6k #yycfloo…,LABEL_1,0.9999175071716307,"['Alberta', None, None]",,
RT @_AngryCat: .@Beari8it #Cdnpoli \\#Indians are different than #ABflood victims. Ezra explains it all very well in his new book... http:/…,LABEL_1,0.9998654127120972,"['Alberta', None, None]",,
Inn from the Cold has been forced to evacuate #yycflood,LABEL_1,0.9999173879623412,"[None, 'Calgary', 'Inn from']",,
"RT @weathernetwork: A mandatory evacuation order has been issued in Medicine Hat. The order covers an area with 10,000 residents. #YYCFlood…",LABEL_1,0.999919056892395,"[None, 'Calgary', 'Medicine Hat']",,
RT @YYCFlood: AWESOME! @Tide washing clothes free at Glenmore Coin Laundry till Sunday! http://t.co/3WjeAsdNE1 Map http://t.co/NMR8RhIFQv #…,LABEL_1,0.999451220035553,"[None, None, 'Glenmore Coin Laundry']",,
Keep calm and #Calgary on. #ycc #yycflood #ab http://t.co/hEaEV6SboP,LABEL_1,0.9999182224273682,"[None, 'Calgary', None]",,
RT @Daorcey: Thank you for trying to unflood Calgary. Drawings like this hang in Emergency Ops Centre. #yycflood http://t.co/IUXuVFgUB3,LABEL_1,0.9999184608459472,"[None, 'Calgary', 'Emergency']",,
The city remains in a State of Local Emergency. Get all of the latest updates HERE: http://t.co/tjXEoTHOqP    #yycflood,LABEL_1,0.9999175071716307,"[None, 'Calgary', None]",,
The flood in Calgary is another reason my brother should be home ?? stay safe #iloveyou,LABEL_1,0.9999176263809204,"[None, 'Calgary', None]",,
"Our love and thoughts go out to those affected by the severe flooding in Alberta, Canada.",LABEL_1,0.9999144077301024,"[None, None, 'Canada']",,
RT @yychelps: Remember to check our website for offers from biz that may meet your needs! http://t.co/KVRsPQqznq #yycfloods Help could be a…,LABEL_1,0.9998127818107604,"[None, None, None]",,
@KennyJason Some science for you! Climate experts weigh in on flood in the heart of oil country   -- http://t.co/ClFJUDkS4c #ABFlood,LABEL_1,0.9999058246612548,"['Alberta', None, 'oil country']",,
"Canada's oil capital to be shut for days after flooding - CALGARY, Alberta, June 22 (Reuters) - Southern Alberta b... http://t.co/c4hcePOAGY",LABEL_1,0.9999185800552368,"[None, None, 'Southern Alberta b']",,
RT @JHarringtonCTV: Flames dressing room is under water; hockey equip. ruined; water up to 10th row of seats #abflood #yycflood http://t.co…,LABEL_1,0.9999184608459472,"['Alberta', 'Calgary', None]",,
RT @TECEdmonton: Calgary flooding won't stop Accelerate AB conference on July 11. #ualberta  #abstartup #tecyeg http://t.co/ZsZ3Dqb8Wm,LABEL_1,0.9999096393585204,"[None, 'Calgary', None]",,
RT @windspeakernews: Calgary MLA Jeff Wilson accepting donations for Siksika! Office open 1-3 pm TODAY to donate. Details here! #abflood ht…,LABEL_1,0.9999170303344728,"['Alberta', 'Calgary', None]",,
RT @AlanaNicole__: Sitting in my car charging my phone. I have no power in the house. #abflood,LABEL_1,0.9999167919158936,"['Alberta', None, None]",,
RT @weathernetwork: Dogs stolen during Alberta floods return home: http://t.co/jIIQIJuq7m,LABEL_1,0.9999165534973145,"['Alberta', None, None]",,
"RT @NewsTalk770: Dr Richard Musto with AHS says mental health is a concern, reach out and support one another #yycflood",LABEL_1,0.9999152421951294,"[None, 'Calgary', None]",,
PHOTOS:  #Calgary:  The cleanup continues after the #flood\http://t.co/BRAPsVR4c7 @TorontoStar,LABEL_1,0.9999176263809204,"[None, 'Calgary', None]",,
How awful!!RT @SunNewsNetwork: Dad of six dies helping flood-struck neighbours http://t.co/tjLW1IcuUu #ABflood,LABEL_1,0.9999175071716307,"['Alberta', None, None]",,
Global news showed the big Calgary bridge with three arches in the 1932 flood and the water was basically at the... http://t.co/aMnf44XHER,LABEL_1,0.9999169111251832,"[None, None, 'Calgary bridge']",,
@cityofcalgary how will I know when I get power and access to my mission apartment ??? #yyc #yycflood,LABEL_1,0.999918818473816,"[None, 'Calgary', 'mission apartment']",,
RT @RCN_MRC: RT @LFWAPAO: #Article #Troops #arrive to help out in flooded areas http://t.co/6tSZjz1YIA  via @CTVCalgary #ABFlood #YYCFlood,LABEL_1,0.9999189376831056,"['Alberta', 'Calgary', None]",,
RT @Mizz_Binti: #yyc we should be soo thankful that this a community pulling through together and taking care of each other #yycflood,LABEL_1,0.9999169111251832,"[None, 'Calgary', None]",,
RT @ModSocialite: So sad and touching. For Our Tomorrow - Calgary Flood 2013 #yycflood http://t.co/A64jhhpAvY,LABEL_1,0.9999178647994996,"[None, 'Calgary', None]",,
RT @imtimwan: Looking for homes to pump. We have generators and pumps #yycfloods @ShawInfo @Shawhelp http://t.co/IygGAES3gz,LABEL_1,0.9999179840087892,"[None, None, None]",,
RT @CalgaryPolice: Together we will rebuild. #WeAreCalgary Great video made by Bradley Stuckel: http://t.co/Pe7DOtu1zK #yycflood,LABEL_1,0.9999157190322876,"[None, 'Calgary', None]",,
RT @Bell_Mobility: Help support Alberta flood relief efforts & donate $5 by texting REDCROSS or ROUGE to 30333. #abflood,LABEL_1,0.9999147653579712,"['Alberta', None, None]",,
via @lolfactory: Twitter Shuts Down Calgary Police’s Account During a Flood... http://t.co/6ce9VIpfSJ #lol #rofl #funny,LABEL_1,0.9999171495437622,"[None, None, None]",,
RT @YourAlberta: How to clean your home after a flood and other important re-entry info: http://t.co/Ye13uxCCNx | #abflood #yycflood,LABEL_1,0.9999171495437622,"['Alberta', 'Calgary', None]",,
days wrk at children's hosp reminds me flood and clean up is simply an inconvenience many would change spots with me in heartbeat #yycflood,LABEL_1,0.9999148845672609,"[None, 'Calgary', ""children's hosp""]",,
RT @Cmdr_Hadfield: Disaster Cam - we installed a telescope on ISS that's helping see extent of Alberta flooding: https://t.co/s4jMcCjNgN ht…,LABEL_1,0.9999189376831056,"['Alberta', None, None]",,
RT @LFWAPAO: #Article #Troops #arrive to help out in flooded areas http://t.co/6tSZjz1YIA  via @CTVCalgary #ABFlood #YYCFlood,LABEL_1,0.9999183416366576,"['Alberta', 'Calgary', None]",,
"#forest Alberta promises C$1 billion in flood funding, won't balance budget: Reuters http://t.co/LhHDwDt0YB  http://t.co/SqvISOQlxw",LABEL_1,0.999916672706604,"['Alberta', None, None]",,
RT @cityofcalgary: Residents should not attempt to return to their homes until after 1 P.M. #yycflood,LABEL_1,0.9999191761016846,"[None, 'Calgary', None]",,
"RT @BrennaAtnikov: Donation = Do Nation. Yes, we are a #DoNation Way to go, #yyc and surrounding communities #yycflood #abflood",LABEL_1,0.999918818473816,"['Alberta', 'Calgary', 'yyc']",,
RT @Nabeelshahood: Great shot!! Couple helping each other cross a road in downtown Calgary. #yycflood #abflood http://t.co/5JUq1g2Pl4,LABEL_1,0.9999172687530518,"['Alberta', 'Calgary', 'downtown']",,
Scrum with reporters in #yyc #abflood Menzies says some residents in High River can go home within days # http://t.co/InpiOZGluB,LABEL_1,0.9999186992645264,"['Alberta', 'Calgary', 'High River']",,
RT @mommybond: @tsacalgary one truck serving hard working volunteers in #Mission today #yycflood #staystrong http://t.co/2OTOgIkgxh,LABEL_1,0.9999186992645264,"[None, 'Calgary', 'Mission']",,
RT @CstShaw: East end of downtown #yyc entirely under #yycflood waters. http://t.co/dWO2Nfu3Wo,LABEL_1,0.9999178647994996,"[None, 'Calgary', 'downtown #yyc']",,
RT @ampcalgary: Mayor still saying they will make Stampede happen even though it will look a bit different. #yycflood,LABEL_1,0.9999172687530518,"[None, 'Calgary', None]",,
"Rivers receding in Calgary, 3 dead in floods: The two rivers that converge on the western Canadian city of... http://t.co/r6oLbBnWHh",LABEL_1,0.9999152421951294,"[None, 'Calgary', 'western Canadian city']",,
"You can donate money at both our #YXE locations for #abflood relief to @redcrosscanada. \We're at $25,000 so far chain wide.",LABEL_1,0.9999171495437622,"['Alberta', 'Saskatoon', None]",,
They almost swam away!! RT @CBCNews: Hippos nearly escaped Calgary Zoo during flood http://t.co/NOlYeLBA8A,LABEL_1,0.9999182224273682,"[None, None, 'Calgary Zoo']",,
RT @wick_22: Despite the mess still big smiles and lots of laughs!#yycflood http://t.co/8bewjYUSvD,LABEL_1,0.9999163150787354,"[None, 'Calgary', None]",,
RT @BTCalgary: The @cityofcalgary has announced their plans for volunteers. http://t.co/jM6YfHMJkC #yycflood,LABEL_1,0.9999189376831056,"[None, 'Calgary', None]",,
RT @JennaNBridges: Here's a shot of the flooded playground at Lions Campground in Devon. #ab #devon #abflood http://t.co/MT59Yu0oAW,LABEL_1,0.999918818473816,"['Alberta', None, 'Devon']",,
"@cselley needs to buy a few of these, put his signature on them, auction them off on ebay for calgary flood relief. http://t.co/PrhUx5YPzy",LABEL_1,0.9998879432678224,"[None, 'Calgary', None]",,
RT @981CHFI: #canadianredcross raised 2.1 million in 48 hrs for #abflood relief - more needed text ABHELP to 4664 to donate $5,LABEL_1,0.9999154806137084,"['Alberta', None, None]",,
My love and prayers go out to Calgary I have donated to help out to those who have been affected by the flood #CalgaryStrong,LABEL_1,0.9999138116836548,"[None, 'Calgary', None]",,
Tired of mucking out mud & debris this week. Time to head home for family time. Fortunate I have a home to go to. #yycflood #abflood,LABEL_1,0.9999189376831056,"['Alberta', 'Calgary', None]",,
RT @CTVdavidspence: Beautifully done video of the #Calgary flood.  Must see.  #yyc  http://t.co/NRe4GuWzu9,LABEL_1,0.9999176263809204,"[None, 'Calgary', None]",,
More incredible #abflood and #yycflood photos from Herald photographers:  http://t.co/wQhZdIAXFY #chlive,LABEL_1,0.9999182224273682,"['Alberta', 'Calgary', None]",,
RT @PhaedraGodchild: Interactive map of Calgary providing flooding and road closures: http://t.co/K4RJAfu0kY #yycfloods #yycfloodrelief #ca…,LABEL_1,0.99991774559021,"[None, 'Calgary', None]",,
Have flood damage? Here's the latest from the province on how/where to apply for disaster relief. http://t.co/4y903qcaoJ #yyc #abflood,LABEL_1,0.99991774559021,"['Alberta', 'Calgary', None]",,
"RT @jimbobbysez: Imperial Oil profit Q1 2013: $88,666,667 per DAY, How generous of them to donate $100,000 to #abflood relief. #cdnpoli",LABEL_1,0.9999163150787354,"['Alberta', None, None]",,
RT @adolwyn: Nice! MT @YYCFlood: AWESOME: London Drugs has free cell phone charging stations at customer service for #yycflood victims!! #y…,LABEL_1,0.9999189376831056,"[None, 'Calgary', None]",,
Siksika: People are in place to shut off power and water if need be.  Community is well prepared. #ableg #abflood,LABEL_1,0.9999176263809204,"['Alberta', None, None]",,
"RT @cbcDougDirks: @nenshi If you're still standing, @WBrettWilson donating $1 for every tweet, RT of hashtag #OMGP to max 50k for #yycflood…",LABEL_1,0.9999170303344728,"[None, 'Calgary', None]",,
"RT @dinnerwithjulie: At the confluence of the Bow & Elbow, the water has not breached into Inglewood. Yay! We're so lucky. #yycflood http:/…",LABEL_1,0.9999194145202636,"[None, 'Calgary', 'Inglewood']",,
I will actually cry if we can't go to Calgary because of the floods #FUrain,LABEL_1,0.9999167919158936,"[None, 'Calgary', None]",,
"Alberta flood recovery could take 10 years, says premier http://t.co/t11HyGgd4H",LABEL_1,0.9999169111251832,"['Alberta', None, None]",,
RT @redcrosscanada: Red Cross accepting financial donations to assist people affected by flooding in Alberta: http://t.co/Xd9mbM2uj8  #abfl…,LABEL_1,0.9999172687530518,"['Alberta', None, None]",,
A reminder to support local businesses when they open in #abflood areas. They will really need it after all the business they have lost,LABEL_1,0.9999163150787354,"['Alberta', None, None]",,
#yycflood Just went to Starbucks ... Talk about price gouging ...,LABEL_1,0.9998897314071656,"[None, 'Calgary', None]",,
RT @Mookalicious: This pic of an awesome firefighter in Mission needs to go viral.  Please share! #abflood http://t.co/H1YF3RhJZs,LABEL_1,0.999918818473816,"['Alberta', None, 'Mission']",,
Downtown 7th Ave Calgary. Totally under water. How long til it's dry?! #yycflood http://t.co/ceVfAcfZ54,LABEL_1,0.9999178647994996,"[None, 'Calgary', 'Downtown 7th Ave Calgary']",,
Just the must popular Fire Hydrant on @GlobalCalgary watch me... I forecast your future #yyc\#yycflood #abflood,LABEL_1,0.9999186992645264,"['Alberta', 'Calgary', None]",,
"RT @erin_anne: Have you seen this classy, smart tweet by @CalgaryPolice? #YYC #YYCflood http://t.co/ncfE97QgPM",LABEL_1,0.9995519518852234,"[None, 'Calgary', None]",,
RT @AltaLaw: Good info here: After the Flood for Landlords and Tenants in Alberta | CPLEA http://t.co/x22JYPzCEt #yycflood,LABEL_1,0.9999170303344728,"['Alberta', 'Calgary', None]",,
RT @nenshi: Wonderful. MT @HWesleyE: A powerful and moving compilation of photos by @RADIOYYC of  #abflood view this video: http://t.co/jNn…,LABEL_1,0.999909520149231,"['Alberta', None, None]",,
@m4rgs Joc Meg and I cleaning up in Erlton yesterday. So much more to be done. #yycflood #yychelps http://t.co/OHo47t3AlN,LABEL_1,0.999795377254486,"[None, 'Calgary', 'Erlton']",,
Parts of flooded Alberta assess the damage while others still fear flooding - Newser http://t.co/O8kyE7xMGY,LABEL_1,0.9999165534973145,"['Alberta', None, None]",,
"RT @ENMAX: It is estimated that power will be restored to Mission, Cliff Bungalow, Beltline and Victoria Park by 10:00 PM today. #yycflood",LABEL_1,0.9999182224273682,"[None, 'Calgary', 'Victoria Park']",,
RT @redcrosscanada: Red Cross accepting financial donations to assist people affected by flooding in Alberta: http://t.co/Xd9mbM2uj8  #abfl…,LABEL_1,0.9999172687530518,"['Alberta', None, None]",,
RT @DougBlackAB: A compilation of important flood recovery information from the Government of Alberta: http://t.co/IZItHHO5Q5,LABEL_1,0.9999183416366576,"['Alberta', None, None]",,
RT @YourAlberta: FIRE BAN: Burning #abflood debris in @MDofFoothills creating toxic smoke hazardous to firefighters. Dispose in landfills o…,LABEL_1,0.9999163150787354,"['Alberta', None, '@userofFoothills']",,
“@gsinghabc: unfortunate indeed. People taking advantage of #abflood should be ashamed #yycgreedy http://t.co/tPmKTWw4ku #ice20dollor”,LABEL_1,0.99991774559021,"['Alberta', None, None]",,
apartments are opening up no power yet - nobody expecting the flood overnight so cars completely underwater to the roofs still #abflood,LABEL_1,0.9999170303344728,"['Alberta', None, None]",,
Climate experts weigh in on flood  #abflood http://t.co/ioXK2OhqkD,LABEL_1,0.9999164342880248,"['Alberta', None, None]",,
Beaumont residents LaRee and Mark Pickup are receiving donations for flood victims in southern Alberta. http://t.co/fdo01Jb94i,LABEL_1,0.9999165534973145,"[None, None, 'southern Alberta']",,
Hey @CP24! Have you seen these awesome tshirts by@StampedeStore? Proceeds to Southern Alberta Flood Relief. http://t.co/AdY8UyeI2M,LABEL_1,0.9999141693115234,"[None, None, 'Southern Alberta']",,
"Calgary wakes to swollen rivers, powerless downtown core: The power could be out across Calgary for days as... http://t.co/87P2bu86tp",LABEL_1,0.9999173879623412,"[None, 'Calgary', 'downtown core']",,
"Real, real quiet and really dark downtown in Beltline. No lights. Surreal #yycflood #blackedout http://t.co/iIZcDZn5LB",LABEL_1,0.999918818473816,"[None, 'Calgary', 'Beltline']",,
Hey @genesimmons we in #yyc had a massive #yycflood! Is there anything that you and your peeps can do to help? @nenshi  @GlobalCalgary,LABEL_1,0.9999181032180786,"[None, 'Calgary', None]",,
"RT @SunLife: To help aid the people of southern Alberta, we've donated $100,000 to @redcrosscanada: http://t.co/nH42kfl0dr #abflood #CAN",LABEL_1,0.9999165534973145,"['Alberta', None, 'southern Alberta']",,
"@pmharper said RCMP should have better things to do than seize guns. Finally, a real leader steps in. #roft #abflood",LABEL_1,0.9995936751365662,"['Alberta', None, None]",,
RT @CalebDelamont: Anyone have a specific need/task today in #Mission?  Got a crew ready to go at 9:30! #yycflood #yyc #yyccleanup #yychelps,LABEL_1,0.9998821020126344,"[None, 'Calgary', 'Mission']",,
"RT @ABPremierComms: .@Premier_Redford: Once #abflood is over, we will be there to help rebuild #medhat",LABEL_1,0.9999191761016846,"['Alberta', None, None]",,
New Lakes (Calgary Flood 2013) http://t.co/IF6ZcevC2Q  More flooding in #YYC taken Friday afternoon  #yycflood #Calgary #CalgaryFlood2013,LABEL_1,0.9999181032180786,"[None, 'Calgary', None]",,
@elegantroyal Where the floods in Canada? That's where you live right?,LABEL_1,0.9998363256454468,"[None, None, 'Canada']",,
"Calgary flooding could force up to 100,000 from homes http://t.co/QlqtfDc659",LABEL_1,0.9999181032180786,"[None, 'Calgary', None]",,
if I had Brett Wilson's $1.5 BILLION I would donate $500 million to #yycflood-the health of my community comes ahead of my greed-how about u,LABEL_1,0.9999020099639891,"[None, 'Calgary', None]",,
Ok. Everybody. This picture: http://t.co/vlzKRJCv1h \\IT'S NOT REAL. Please stop retweeting it! #photoshopped #yycflood,LABEL_1,0.9998278617858888,"[None, 'Calgary', None]",,
"RT @SheilaGunnReid: People, I'm not seeing enough #omgp hashtags in your tweets. Brett Wilson is trying to give #abflood relief $1 for each…",LABEL_1,0.9999083280563354,"['Alberta', None, None]",,
RT @42megasxlr: #yycflood Saddledome water level about 9 rows up http://t.co/RGH9IIqIXA,LABEL_1,0.9999184608459472,"[None, 'Calgary', 'Saddledome']",,
"@GlobalCalgary I used to be terrified of that bridge as a kid. I always meant to go back and conquer my fear, guess I never will. #yycflood",LABEL_1,0.9999172687530518,"[None, 'Calgary', None]",,
RT @Binzento: In Calgary - we stay positive and smile even at bad times. #YYCflood #CalgaryFlood http://t.co/RkJWh2JCYD,LABEL_1,0.9999184608459472,"[None, 'Calgary', None]",,
RT @cityofcalgary: Pathways closed due to damage caused by flooding are clearly marked. Pls obey the signs & stay safe @yycbike #yycflood,LABEL_1,0.9999163150787354,"[None, 'Calgary', None]",,
"Spirit of Albertans during floods is what makes Canada great, PM says:  http://t.co/Nz1ETUhmcb",LABEL_1,0.9999176263809204,"[None, None, 'Canada']",,
RT @PuroClean: Updates on the flooding in #Calgary http://t.co/XyVoYa5CfS  @PuroClean is here to help.,LABEL_1,0.9999175071716307,"[None, 'Calgary', None]",,
RT @paul_dunphy: We're now hearing that the Saddledome  might be half-filled with water. #yyc #abflood,LABEL_1,0.9999172687530518,"['Alberta', 'Calgary', 'Saddledome']",,
T? H ?A ? N? K ? YOU ? Twitter Friends across #Canada and as far away as the Ireland & UK for all #yycflood RTs,LABEL_1,0.999875545501709,"[None, 'Calgary', 'UK']",,
The folks @ATCOBlueFlame have info on food and household safety for Calgarians returning home. http://t.co/Ie9d6br0nK #yycflood #abflood,LABEL_1,0.9999189376831056,"['Alberta', 'Calgary', None]",,
"RT @markusoff: RT @RuthMylesCH: Calgary arts community assessing damage after the flood. Sadly, first of many stories to come.  http://t.co…",LABEL_1,0.99991774559021,"[None, 'Calgary', None]",,
RT @JeffWilson_MLA: #yyc #yycflood #yychelps Please add cleaning supplies and disinfectants to the list of needs. Thank you everyone!,LABEL_1,0.9999171495437622,"[None, 'Calgary', None]",,
"RT @JoanEisenstodt: In addition to Calgary, tourist town of Lourdes in France devastated by flooding. http://t.co/aFkxXCfrsW #disasters #to…",LABEL_1,0.9999186992645264,"[None, 'Calgary', 'France']",,
Next battle... Hot water and parking... Boilers down an parkade to be cleaned... Almost there #yycflood #beltine,LABEL_1,0.999919295310974,"[None, 'Calgary', None]",,
RT @weathernetwork: Low-lying areas hit. MT @CTVBrendan: River Road in #medhat at 6:00 pm as South Sask River continues to rise #abflood ht…,LABEL_1,0.999918818473816,"['Alberta', None, 'South Sask']",,
RT @plumberlocal: *** IMPORTANT *** We are pumping out people's basements at no charge! Call 403 288 1111 #abfloods #yycfloods #Calgary #YYC,LABEL_1,0.9999173879623412,"[None, 'Calgary', None]",,
"RT @KiddWWE: This Calgary flood is crazy, hopefully it's coming to the end of the storm http://t.co/fQIskrW6ZR",LABEL_1,0.9999171495437622,"[None, 'Calgary', None]",,
.@redcrosscanada We are accepting financial donations to assist people affected by flooding in Alberta: http://t.co/ivR3CI4lf1  #abflood,LABEL_1,0.9999164342880248,"['Alberta', None, None]",,
Hoping the flooding in #alberta subsides soon!  Thoughts and prayers to all affected!,LABEL_1,0.9999157190322876,"['Alberta', None, None]",,
"@Fan960Steinberg Thanks for opening the lines today, upset about it, lived in Texas during Katrina and other hurricanes, reminders (",LABEL_1,0.9999158382415771,"[None, None, 'Texas']",,
"All for one & one for all. That's kind of the whole point, isn't it? #getinvolved #yycflood #rollupyoutsleeves",LABEL_1,0.9998300075531006,"[None, 'Calgary', None]",,
Out all the ppl taking advantage of those in need #yycgreedy #yycflood,LABEL_1,0.999918818473816,"[None, 'Calgary', None]",,
RT @MinrvaGroup: Brand new Size 8.5 New Balance runners for anyone who's lost theirs in the #yycfloods #yychelps http://t.co/CbVPd5I8WW,LABEL_1,0.9999070167541504,"[None, None, None]",,
48 MT/yr or 3.5% US coal-electric GHGs did this? #yycflood #science RT@sfbsailor taking revenge for the despicable tar sands? @OilGasCanada,LABEL_1,0.9981853365898132,"[None, 'Calgary', 'US']",,
RT @weaselchild25: The people of Siksika are getting ready to help people who are victims of this flood. #abflood #flood #siksika http://t.…,LABEL_1,0.9999164342880248,"['Alberta', None, 'Siksika']",,
"With No Flood Coverage for Calgary Homes, Insured Losses 75% of Economic Tally http://t.co/laNW0eZMoB",LABEL_1,0.9999169111251832,"[None, 'Calgary', None]",,
RT @carebakery: @CRAFTbeermarket our pleasure to have a part. Great thing you guys did today #bbq #yycflood #yychelps,LABEL_1,0.9998339414596558,"[None, 'Calgary', None]",,
RT @GlobalCalgary: Flood victims warned to watch out for ‘storm chasers’: http://t.co/0eWiY0GmrX #yycflood #abflood #consumer,LABEL_1,0.9999165534973145,"['Alberta', 'Calgary', None]",,
RT @markusoff: IT'S ARRIVED. THE NUMBER: @crudereporter: BMO estimates cost of 2013 #abflood damage could be as high as $3.75-BILLION,LABEL_1,0.9999158382415771,"['Alberta', None, None]",,
"Love my adopted home, and think @nenshi is doing an awesome job! Massive appreciation for all responders tonight #ABflood",LABEL_1,0.9999126195907592,"['Alberta', None, None]",,
"RT @Dean_Murdoch: People are wonderin if I'm OK. I'm at the Saddldome, in the Nosebleeds, fishin.  #yycfloods",LABEL_1,0.9999110698699952,"[None, None, 'the Saddldome']",,
RT @redcrosscanada: Thanks everyone for your support! Here's how to support our response to flooding in Alberta: http://t.co/Xd9mbM2uj8 #ab…,LABEL_1,0.9999181032180786,"['Alberta', None, None]",,
Another update expected soon.  We will pass on new information as soon as it comes available #yycflood #yyc #calgarystrong,LABEL_1,0.9999189376831056,"[None, 'Calgary', None]",,
RT @YahooCanadaNews: Alberta floods: How you can help http://t.co/ARsWtTFCop,LABEL_1,0.9999170303344728,"['Alberta', None, None]",,
"Future of Calgary real estate market grows murky in wake of floods: Up until last week, Calgarys residential... http://t.co/qwc1c4ZsS0",LABEL_1,0.9999164342880248,"[None, 'Calgary', 'Calgarys']",,
RT @cspaceprojects: cSPACE King Edward opening for nonprofits & artists impacted by #yycfloods - more info at CADA http://t.co/3DrvjHbrPH #…,LABEL_1,0.9999182224273682,"[None, None, 'cSPACE King Edward']",,
Flooding to cut Alberta economic activity by $500 million to $1.5 billion in short-term  #yycflood http://t.co/M3mKlCI7yg,LABEL_1,0.9999167919158936,"['Alberta', 'Calgary', None]",,
A bunch of Canadian artists should get together and do a concert for southern Alberta #yycflood #CalgaryStrong,LABEL_1,0.999919056892395,"[None, 'Calgary', 'southern Alberta']",,
“@DomesticDork: Floods like this happened well before humans made a mark on the land. Save the outrage for real climate issues #yycflood”,LABEL_1,0.999919056892395,"[None, 'Calgary', None]",,
RT @JennLutz: If PM Harper references the Economic Action Plan at his #abflood #yycflood press conf I'm going to reach through the TV and p…,LABEL_1,0.9999160766601562,"['Alberta', 'Calgary', None]",,
"Farmers, Parks Canada argue over who's flooding the fields - Ottawa Citizen http://t.co/PokIhbHasx",LABEL_1,0.9997811913490297,"[None, None, None]",,
"No #yyctransit C-Trains downtown Monday, June 24, or Tuesday, June 25. Repairs planned and ongoing. More: http://t.co/MDGeBY3pCG #yycflood",LABEL_1,0.999897837638855,"[None, 'Calgary', None]",,
"RT @CalgaryPolice: Mandatory outdoor water restriction in effect. Please do not, wash cars, buildings, water plants, etc.  #yycflood",LABEL_1,0.9999189376831056,"[None, 'Calgary', None]",,
RT @StefanJamess: LETS GET THIS VIRAL ALBERTA! #ABflood MT @Fetch_Haus: Found female beagle in Deer Park. Let us know if she's yours! http:…,LABEL_1,0.9998828172683716,"['Alberta', None, 'Deer Park']",,
RT @gramstyle6: Picture of the train #yycflood http://t.co/tRgc1UVOnM,LABEL_1,0.9999105930328368,"[None, 'Calgary', None]",,
RT @thecanadacom: It takes an especially cruel sort of person to price gouge amid flooding in Calgary http://t.co/ofvBtkDtGu #abflood,LABEL_1,0.9999175071716307,"['Alberta', 'Calgary', None]",,
RT @PetersDriveIn: #yyc #yycflood We want help flood cleanup - show up tonight (Wed only) MUDDY and your meal is free!! Help neighbour and …,LABEL_1,0.9999183416366576,"[None, 'Calgary', None]",,
"3 die in floods, 75000 forced from Calgary homes - San Francisco Chronicle http://t.co/YDWgX8nlzA ?My YouTube? http://t.co/CS6ojyOdGp",LABEL_1,0.99991774559021,"[None, 'Calgary', None]",,
"Please pray for the people of Calgary Who are affected by flood.#Calgary#emergency, #relief #aid  #Calgaryflood2013 \https://t.co/VeW3p3mRV1",LABEL_1,0.999915599822998,"[None, 'Calgary', None]",,
RT @RayBeckerman: Calgary floods trigger an oil spill and a mass evacuation ~ #drgrist #eco http://t.co/HpaUd0C8es,LABEL_1,0.9999165534973145,"[None, 'Calgary', None]",,
BBQ at @NTNL17 tomorrow for all #abflood volunteers and evacuees. Come celebrate the ? #yyc.,LABEL_1,0.9999183416366576,"['Alberta', 'Calgary', '@user']",,
Q from last night on @ElectDanielle teletownhall: will ppl who refuse to leave #HighRiver be ineligible for #abgov #abflood debit cards? Hmm,LABEL_1,0.9999141693115234,"['Alberta', None, 'HighRiver']",,
"@tyccast will deliver a heartfelt, entertaining Grandstand Show this year come Hell or High Water. #ycfamily #GRIT #yycfloods #stampede101",LABEL_1,0.9995642304420472,"[None, None, None]",,
"“@NewsTalk770: Quarry Park, Riverbend, Douglasdale, Deer Run, Connaught areas, you can go home #yycflood #yyc”",LABEL_1,0.9999183416366576,"[None, 'Calgary', 'Connaught areas']",,
"RT @TheHillTimes: CPC convention postponed due to massive floods in Calgary and southern Alberta, says party president John Walsh. #cdnpoIi",LABEL_1,0.9999182224273682,"[None, None, 'southern Alberta']",,
RT @YYCFlood: Register here to help #YYCFlood Cleanup http://t.co/Ncfu2Yfciz \Incredible how #Calgary comes together!,LABEL_1,0.9999183416366576,"[None, 'Calgary', None]",,
Heading out of #sunnyside for the rest of the afternoon! Will resume tweeting when I get back :) #yycflood,LABEL_1,0.9999061822891236,"[None, 'Calgary', 'sunnyside']",,
"RT @chogeeperogie: For updates on how you can help with flood relief, follow @yychelps! #yycflood",LABEL_1,0.9999185800552368,"[None, 'Calgary', None]",,
City crews fill sand bags along River Road in #medhat as water levels rise in the South Saskatchewan River #abflood http://t.co/ZMpClVChI4,LABEL_1,0.999916672706604,"['Alberta', None, 'medhat']",,
"MD Council will be contacting AB Gov. to see which community needs most help. $10,000 will be sent directly to that community. #abflood",LABEL_1,0.9999167919158936,"['Alberta', None, None]",,
RT @Crackmacs: Free bottles of chemical solutions for #yycflood cleanup Tomorrow 9am-4pm at SAIT Senator Burns parking lot http://t.co/370T…,LABEL_1,0.9999182224273682,"[None, 'Calgary', 'SAIT Senator Burns parking lot']",,
@YourAlberta: DEBIT CARD update 2 register 4 #abflood evacuee relief cards call @RedCrossAB @ 1-866-696-6484 not 311 http://t.co/QXJGkkZFD9,LABEL_1,0.9999184608459472,"['Alberta', None, None]",,
RT @CampbellMLA: Surveying the damage with Chief Rabbit Carrier at Siksika.  Hard to believe all this was underwater. #abflood http://t.co/…,LABEL_1,0.999918818473816,"['Alberta', None, 'Siksika']",,
Please RT: You can donate to @redcrosscanada to help those affected by flooding in Alberta. #yycflood #abfloods http://t.co/Jvzkrvx5dJ,LABEL_1,0.9999163150787354,"['Alberta', 'Calgary', None]",,
RT @4u2ctv: CALGARY FLOODING - Alberta Floods Canmore Bragg Creek High River 2013 Flood News VIDEO\\Calgary Flooding -... http://t.co/qzZkR…,LABEL_1,0.9999141693115234,"['Alberta', 'Calgary', None]",,
RT @alex_ruiz: RCMP statement on @CBC news: there may be 4 casualties in High River :( #yycflood #abflood,LABEL_1,0.9999169111251832,"['Alberta', 'Calgary', 'High River']",,
@mikesbloggity That place was sure had its place in western history. Now hopefully with all of this water it will be torn down.,LABEL_1,0.9997510313987732,"[None, None, 'western']",,
"RT @AqualityEnv: Flooding in Alberta has changed the Rockies forever, says scientist http://t.co/cyU0g1CJ7r via @CTVNews",LABEL_1,0.9999183416366576,"['Alberta', None, 'Rockies']",,
"Stoney Nakoda in Morley in need of food and shelter, visit the Morley High School, they are helping out 24/7. #abfloods",LABEL_1,0.9999186992645264,"[None, None, 'Morley High School']",,
RT @redcrosscanada: Trying to register for #abflood assistance? You can do so online: http://t.co/CaBlDKLiV7,LABEL_1,0.9999178647994996,"['Alberta', None, None]",,
thoughts go to my hometown Calgary as they're dealing with the floods :(,LABEL_1,0.999914526939392,"[None, 'Calgary', None]",,
RT @pmharper: Surveying the damage in High River from overhead. Unbelievable. http://ow.ly/mhc7e #abflood #yycflood,LABEL_1,0.9999167919158936,"['Alberta', 'Calgary', 'High River']",,
A big thanks to all emergency crews working 20+hr shifts -- and to the #CanadianForces SARTechs and pilots - so happy to see you #yycflood,LABEL_1,0.9999178647994996,"[None, 'Calgary', None]",,
My son would write Chem on Monday RT @albertaed: FAQ on the impact of the #ABFlood on diploma exams: http://t.co/Rd2bh7Wpyz  Please RT #AbEd,LABEL_1,0.9998443126678468,"['Alberta', None, None]",,
"RT @Majinon: This guy hasn’t been watching the news at all, I take it. #abflood http://t.co/ZEWMLGMvQB",LABEL_1,0.99989652633667,"['Alberta', None, None]",,
RT @Clarkey46: LSRFS waiting to be deployed to southern Alberta #floods #alberta @chiefcoutts @fireg8tor @SLCaptainK9 @LSRFS http://t.co/UG…,LABEL_1,0.999918818473816,"[None, None, 'southern Alberta']",,
» Statistics: Toddlers Killed More Americans This Year Than Terrorists Philly via @twitterap @CP24 \@kenneyjason nazi NRA pigs #abflood #TSN,LABEL_1,0.9997814297676086,"['Alberta', None, None]",,
"RT @cityofcalgary: Reminder, residents of Deer Run, Quarry Park, Riverbend and Douglasdale can return home #yycflood",LABEL_1,0.9999191761016846,"[None, 'Calgary', 'Douglasdale']",,
RT @AvenueMagazine: Not sure how you can help #yycflood? http://t.co/mog0TMFZBi,LABEL_1,0.9999181032180786,"[None, 'Calgary', None]",,
RT @news_ian: Good news!!! Some Inglewood residents will soon be allowed home - I'm off to meet with @gccarra for more details #yycflood,LABEL_1,0.9999191761016846,"[None, 'Calgary', 'Inglewood']",,
It will be real interesting if any americans will come to help the flood in Alberta. Seems Canada is always... http://t.co/7nzblyXIAV,LABEL_1,0.9999167919158936,"['Alberta', None, 'Canada']",,
RT @djChrisSparx: Cops/firefighters/paramedics/ coming into Chinook center #yycflood command center of some type http://t.co/sgfXnHTkz9,LABEL_1,0.9999194145202636,"[None, 'Calgary', 'Chinook center']",,
"RT @Ispeakhorses: Prayers to everyone, and the horses, affected by the Alberta floods. From a fellow Canadian. #abflood",LABEL_1,0.999915599822998,"['Alberta', None, None]",,
RT @redcrosscanada: Trying to register for #abflood assistance? You can do so online: http://t.co/CaBlDKLiV7,LABEL_1,0.9999178647994996,"['Alberta', None, None]",,
RT @paulalala_H: Prayers for everyone affected by the #abflood !!,LABEL_1,0.9999152421951294,"['Alberta', None, None]",,
"RT @calgarysun: RCMP confirm two bodies pulled from Highwood River, one woman remains missing #ABFlood",LABEL_1,0.9999179840087892,"['Alberta', None, 'Highwood River']",,
RT @MikeLakeMP: RT @redcrosscanada: Red Cross accepting financial donations to assist people affected by Alberta flooding: http://t.co/OqPS…,LABEL_1,0.9999176263809204,"['Alberta', None, None]",,
RT @spooningforking: I'm gonna go ahead and say it: @nenshi for Prime Minister. #yycflood #cdnpoli,LABEL_1,0.9998499155044556,"[None, 'Calgary', None]",,
"RT @NewsTalk770: Elbow River stopped flowing over Glenmore dam,city now has control of flow, Bow continues dropping #yycflood http://t.co/z…",LABEL_1,0.9999172687530518,"[None, 'Calgary', 'Glenmore']",,
RT @ahkica: National Chief Travels to Alberta to Meet with First Nations Impacted by Flooding  Read more: http://t.co/XBhW3ku6Ti #Aboriginal,LABEL_1,0.9999183416366576,"['Alberta', None, None]",,
#canada #news Calgary floods delay Conservative Party convention http://t.co/dOayY3ncYJ,LABEL_1,0.9999154806137084,"[None, 'Calgary', 'canada']",,
RT @MrSilverScott: Proud to say @TravelAlberta is still one of the most beautiful places in Canada to visit and neither flooding nor forest…,LABEL_1,0.9997591376304626,"[None, None, 'Canada']",,
"RT @yardcreative: Folks, please avoid Mission Road altogether. Let important vehicles have easier access. #calgaryflood #yycflood @cityofca…",LABEL_1,0.999919056892395,"[None, 'Calgary', 'Mission Road']",,
Extremely unlikely people will be able to go downtown until mid week.\No boil water advisory.\Be very  selective with water.\#yycfloods,LABEL_1,0.9999194145202636,"[None, None, None]",,
"RT @yychelps: 5,600 people are signed up on yychelps.ca SO PROUD OF YOU CALGARY! #yycflood #yychelps #calgarystrong #AMAZING",LABEL_1,0.999918818473816,"[None, 'Calgary', None]",,
RT @CBCNews: Calgary flood evacuation areas - Interactive: http://t.co/WERnUXUrbt,LABEL_1,0.9999158382415771,"[None, 'Calgary', None]",,
"As post-flood cleanup continues Calgary slowly gets back to work: Moved by the need to get back to work, or th... http://t.co/BJH8zOVFzK",LABEL_1,0.9999175071716307,"[None, 'Calgary', None]",,
#Inspiring #volunteers Alberta flood volunteers: 'People have really come together' http://t.co/93AFkMn2vw via @CTVNews #ABflood,LABEL_1,0.9999175071716307,"['Alberta', None, None]",,
RT @gerjazz: Another eery pic to end the day. #yycflood No lights downtown tonight http://t.co/2HVuCj31Sh,LABEL_1,0.9999189376831056,"[None, 'Calgary', None]",,
"RT @JasonvanRassel: The next person who lectures Alberta or Albertans about climate change gets a punch in the face, OK? #ABflood #yycf…",LABEL_1,0.999908685684204,"['Alberta', None, None]",,
RT @StitchesnDishes: Food Trucks Aid Those Displaced by Calgary Floods #YYCHelps http://t.co/aBNcA29Wcm via @stitchesndishes,LABEL_1,0.99991774559021,"[None, 'Calgary', None]",,
Our thoughts and #prayers are with all those affected by the #flooding. #albertaflood #alberta #canada,LABEL_1,0.999915599822998,"['Alberta', None, 'canada']",,
Shit.. the floods and shit in Alberta is crazy,LABEL_1,0.9999172687530518,"['Alberta', None, None]",,
RT @Weismiller: Nenshi: About 80 per cent of transit service restored. South LRT line needs significant repairs. #yycflood #CHlive,LABEL_1,0.999918818473816,"[None, 'Calgary', None]",,
Home Depot Canada apologizes 4 pricey water goof in #abflood. 21-June Receipts from Home Depot show a charge of $42 for 24 bottles of water.,LABEL_1,0.9999173879623412,"['Alberta', None, None]",,
RT @dinnerwithjulie: The Stampede barns from Scotsman's hill. #yycflood http://t.co/tK2g1UAZm6,LABEL_1,0.9998985528945924,"[None, 'Calgary', ""Scotsman's hill""]",,
Empty streets of closed downtown core in #Calgary. #yyc #yycflood #abflood http://t.co/quVjiZkv7o,LABEL_1,0.9999157190322876,"['Alberta', 'Calgary', 'downtown core']",,
RT @ProvChiroHealth: Our hearts are in #Alberta & with those affected by the #ABFlood,LABEL_1,0.9999151229858398,"['Alberta', None, None]",,
RT @UnitedNurses: United Nurses of Alberta supports southern Alberta flood relief http://t.co/HWUYo8nNEO #abflood #abhealth,LABEL_1,0.9999167919158936,"['Alberta', None, 'southern Alberta']",,
RT @981CHFI: #canadianredcross raised 2.1 million in 48 hrs for #abflood relief - more needed text ABHELP to 4664 to donate $5,LABEL_1,0.9999154806137084,"['Alberta', None, None]",,
.“@calgarystampede: The spirit of this city cannot be washed away. http://t.co/DzWiKCnWs2 #Stampede101” #CalgaryStrong #abflood,LABEL_1,0.9999194145202636,"['Alberta', None, None]",,
RT @weathernetwork: MT @stmeiklejohn From @SUNLyleAspinall - a firefighter carries an elderly woman thru flooding in High River. #abflood h…,LABEL_1,0.9999181032180786,"['Alberta', None, 'High River']",,
RT @WestJet: Guests calling us may experience technical difficulties related to #yycflood. Please use this alternate number: 587-702-8615,LABEL_1,0.9999175071716307,"[None, 'Calgary', None]",,
RT @plumberlocal: *** IMPORTANT *** We are pumping out people's basements at no charge! Call 403 288 1111 #abfloods #yycfloods #Calgary #YYC,LABEL_1,0.9999173879623412,"[None, 'Calgary', None]",,
@jannarden ...Hi jann.....I would lv to validate u....maybe beside the Hotel Europa....gastown......? ? ? ? ! ! !  sry abt floods in Calgary,LABEL_1,0.999743640422821,"[None, 'Calgary', 'Hotel Europa....gastown......']",,
RT @CampbellMLA: Spoke with Chief Rabbit Carrier of Siksika. He tells me 1000 people have been moved to evacuation centers.  #ableg #abflood,LABEL_1,0.999918818473816,"['Alberta', None, None]",,
So nice to see that a wonderful event still pulled through despite the flood :) http://t.co/C6y1YOaeTI #yycflood,LABEL_1,0.9999141693115234,"[None, 'Calgary', None]",,
Canadian floods claim at least two lives and force evacuation of downtown Calgary - ... http://t.co/OJi7qLVkOs,LABEL_1,0.9999157190322876,"[None, None, 'downtown Calgary']",,
Hope all our Calgary friends are keeping safe and dry in the floods!,LABEL_1,0.9999163150787354,"[None, 'Calgary', None]",,
"If you are going out to volunteer, remember the hat and sunscreen. Drink lots of water and take breaks when you need to. @yychelps #yycflood",LABEL_1,0.999898076057434,"[None, 'Calgary', None]",,
RT @NHLFlames: Flooding outside the Scotiabank Saddledome - please stay away from the building until further notice #yycflood #yyc http://t…,LABEL_1,0.9999167919158936,"[None, 'Calgary', 'Scotiabank Saddledome']",,
"Summer Solstice, Super Moon, the Alberta Flood. Just on this side of slightly Epic. #Calgary #yyc #yycflood #yyclove",LABEL_1,0.9999185800552368,"[None, 'Calgary', None]",,
RT @YourAlberta: Siksika Operation Centre has confirmed that NO livestock are in distress or in need of rescue. | #abflood #siksikanation @…,LABEL_1,0.9999194145202636,"['Alberta', None, 'siksikanation']",,
"#IAFF GP Schaitberger in Calgary surveying flood damage, helping members. Make a $10 mobile donation (in US): text DISASTER to 50555",LABEL_1,0.9999164342880248,"[None, 'Calgary', 'US']",,
"We asked for 100 volunteers for #Sunnyside, and 150 showed up in a hour. Calgary, you are AMAZING! #yychelps #Calgarystrong #yycflood",LABEL_1,0.9999182224273682,"[None, 'Calgary', None]",,
Our thoughts and prayers go out to all those affected by the flooding in Alberta and BC,LABEL_1,0.999914288520813,"[None, None, 'BC']",,
Watch @Premier_Redford talk passionately about why it's vital High River residents follow evac orders: http://t.co/hTzvCfpJQM #abflood,LABEL_1,0.9999173879623412,"['Alberta', None, 'High River']",,
Shaw Communications donating $1 Million to #yyc flood relief efforts #abflood #yycflood,LABEL_1,0.999914288520813,"['Alberta', 'Calgary', None]",,
RT @CoriAnne87: Dog found in Bowness near C.O.P. no tags. Please call 403-288-2620 #yycflood http://t.co/UBCMI938zn,LABEL_1,0.9999159574508668,"[None, 'Calgary', 'C']",,
"RT @cityofcalgary: All Calgary Dams are operating as designed, there is NO risk of a dam breach. All Dams are safe and sound. #yyc #yycflood",LABEL_1,0.9999181032180786,"[None, 'Calgary', 'Calgary Dams']",,
Down in Stanley Park helping with the flood!! Prayers #yyc @ Stanley Park Outdoor Pool http://t.co/qGyXgDm5DV,LABEL_1,0.99991774559021,"[None, 'Calgary', 'Stanley Park Outdoor Pool']",,
RT @alanacbaker: Our planned @CBCCalgary 9pm #abflood TV news is cancelled due to hockey...see http://t.co/4IFTWXWdD6 for all the deets. An…,LABEL_1,0.9999182224273682,"['Alberta', None, '@useralgary']",,
#Winnipeg a template for the #Calgary Flood.  http://t.co/hzhCOLcLWX,LABEL_1,0.9999170303344728,"[None, 'Calgary', None]",,
RT @shaunamae: This shirt is incredible! http://t.co/I1WvBAEA6v proceeds go to Canadian Red Cross’ Alberta Floods Fund. #yycflood,LABEL_1,0.99988853931427,"[None, 'Calgary', None]",,
Financial donations to Siksika may be made at ANY branch of Bank of Montreal c/o The Siksika Nation Relief Fund #abflood #Siksika,LABEL_1,0.9999150037765504,"['Alberta', None, 'Siksika']",,
RT @CBCAlerts: Alberta government: flooding worst in province's history  . State of emergency continues for 25 communities #abflood,LABEL_1,0.9999152421951294,"['Alberta', None, None]",,
Need a 5-ton cube truck w/pwr gate or tractor w/pup trailer to take 10 skids of boxes to residential addr for #yycflood - help,LABEL_1,0.9998635053634644,"[None, 'Calgary', None]",,
@TheTkSmith be glad your not in Calgary... Biggest flood.,LABEL_1,0.9999161958694458,"[None, 'Calgary', None]",,
RT @highvalley: All proceeds go to Calgary flood relief June 28-30 http://t.co/hviS9Mgqnx #retweet http://t.co/Sq6t3VoeuT,LABEL_1,0.9999171495437622,"[None, 'Calgary', None]",,
"Government of Alberta, Canada pledges $1 billion in flood relief http://t.co/D5PINyG5bY",LABEL_1,0.9999157190322876,"[None, None, 'Canada']",,
It is essential to clean and disinfect play equipment and play surfacing material prior to use by children. #abflood #yycflood #mhflood,LABEL_1,0.9999189376831056,"['Alberta', 'Calgary', None]",,
How is Calgary going to get the Stampede ready in just two weeks? God please help us. #yycflood #abflood,LABEL_1,0.9999167919158936,"['Alberta', 'Calgary', None]",,
"Communities in #Saskatchewan and #Manitoba prepare for flood waters coming from #Alberta. That story tomorrow, on @CBCWorldReport. #cbcmb",LABEL_1,0.9999164342880248,"['Alberta', None, 'Saskatchewan']",,
BREAKING: #RCMP confirm two bodies were recovered from Highwood River near High River earlier Friday. 1 woman still missing. #abflood,LABEL_1,0.9999170303344728,"['Alberta', None, 'High River']",,
Audio: The story of Calgary’s Zoo as heard on this morning’s World Report on CBC’s Radio 1 #abflood http://t.co/zExCLGQJBk,LABEL_1,0.9999186992645264,"['Alberta', 'Calgary', None]",,
"RT @ShitNenshiHasto: I can't believe I have to say this, but we can't deliver wine if you don't specify red or white. #yycflood http://t.co…",LABEL_1,0.9998030066490172,"[None, 'Calgary', None]",,
RT @WilliamShatner: My thoughts and prayers are with the flood victims in Calgary. MBB,LABEL_1,0.9999148845672609,"[None, 'Calgary', None]",,
I am a Flames/YYC fan forever. We will rebuild this city and clean it up TOGETHER! #abflood #wearecalgary http://t.co/zudM3ez9Df,LABEL_1,0.9999167919158936,"['Alberta', None, None]",,
RT @KyleBakx: Next media briefing in about 30 min on latest Calgary flooding information.  I'll live-tweet it #,LABEL_1,0.9999176263809204,"[None, 'Calgary', None]",,
RT @maria_d77: @sylvainreynard pls RT: @redcrosscanada We continue to assist those affected by flooding in Alberta. Want to help? http://t.…,LABEL_1,0.9999170303344728,"['Alberta', None, None]",,
RT @GlobalBC: UPDATE: RCMP: 2 confirmed dead in Alberta floods as Calgary continues evacuation http://t.co/ymjJgqUECJ #abflood #yycflood,LABEL_1,0.9999157190322876,"['Alberta', 'Calgary', None]",,
RT @TracyNagai: Live in East Village and need help? Go to The Golden Age Club. Today and tomorrow. #yycflood http://t.co/pUjJCKW3c8,LABEL_1,0.9998946189880372,"[None, 'Calgary', 'The Golden Age Club']",,
Happy Canada Day!\\FYI 1% of July sales are going to flood relief and shipping to AB is free! (Code welovealberta) http://t.co/t5OQqw60gR,LABEL_1,0.999314546585083,"[None, None, 'AB']",,
RT @CstShaw: What used to be northbound Macleod Trail. #yycflood #yyc http://t.co/eVC6HqoKQq,LABEL_1,0.9999101161956788,"[None, 'Calgary', 'northbound Macleod Trail']",,
RT @BowValleyHockey: #yycflood volunteers needed for cleanup of the McKenzie Meadows Golf Club ASAP!  Please contact info@mckenziemeadows.c…,LABEL_1,0.9999178647994996,"[None, 'Calgary', 'info@mckenziemeadows']",,
Such a random day. I am relieved to be home and appreciate that there are many who are displaced due to the #abflood crisis. Grateful.,LABEL_1,0.9999178647994996,"['Alberta', None, None]",,
RT @TaraNWeber: Yuck! “@Mookalicious: what the inside of the Saddledome looks like after the flood. Here's our first image! #abflood http:/…,LABEL_1,0.999918818473816,"['Alberta', None, 'the Saddledome']",,
"Canada Day, 4th of July, Flooding and Some Random Thoughts",LABEL_1,0.9998250603675842,"[None, None, None]",,
RT @_scottreid: Wow. Rutherford gone. I'm sorta stunned @sladurantaye: Calgary radio host fired over station's flood coverage.  http://t.c…,LABEL_1,0.9999181032180786,"[None, None, None]",,
RT @JShoota1: My brother snapped this pic of @TheoFleury14 buying supplies for the needy at Okotoks Costco. #abflood #yycflood http://t.co/…,LABEL_1,0.999914050102234,"['Alberta', 'Calgary', 'Okotoks Costco']",,
"RT @kevole: Also for those people looking for thrillseeking , don't be an idiot. #yycflood.\https://t.co/hXfENj2yhi",LABEL_1,0.999853253364563,"[None, 'Calgary', None]",,
"RT @cenovus: Donate to @redcrosscanada to help w/ #abflood relief efforts. #Cenovus staff, we'll match employee donations http://t.co/d1Jz5…",LABEL_1,0.9999184608459472,"['Alberta', None, None]",,
RT @HalcyonSilks: Please RT Help #Calgary #flood victims - Hell or High Water @CalgaryStampede T-shirts \http://t.co/ggwWgsu0gc,LABEL_1,0.9999176263809204,"[None, 'Calgary', None]",,
@KellyHrudey be happy you're not in Calgary. #flood,LABEL_1,0.9999185800552368,"[None, 'Calgary', None]",,
somebody buy me a goddamn plane ticket so I can go help my family and their community! please! #abflood,LABEL_1,0.9999181032180786,"['Alberta', None, None]",,
RT @misheybelle: @nenshi you are an amazing mayor. Proud to have you.  #yycflood,LABEL_1,0.9997934699058532,"[None, 'Calgary', None]",,
RT @billiejolite959: A hound dog in need of a makeover. Poor Harvey! #yycflood http://t.co/8gJJwbA6mA,LABEL_1,0.9997592568397522,"[None, 'Calgary', None]",,
@QuiltersMag Can u help Southern Alberta Flood victims? US address for donors too!  https://t.co/7Gi9vhw6MB http://t.co/zCkFlEexST,LABEL_1,0.9999164342880248,"[None, None, 'US']",,
"RT @aldjohnmar: Calgary, the water is safe to drink. But please don't waste it on grass or cars... #yyc #yyccc #yycflood",LABEL_1,0.9999186992645264,"[None, 'Calgary', None]",,
Alberta Floods 2013 – Saturday Video Roundup: Watch above:\Evacuation orders lifted across Calgary.\Watch: Dru... http://t.co/WOoHC2IcMW,LABEL_1,0.9999179840087892,"[None, 'Calgary', None]",,
RT @Cheryl_Arkison: Just One Slab: Quilts Recover Southern Alberta. Make and Donate just one slab for quilts for flood recovery.  http://t.…,LABEL_1,0.9999170303344728,"[None, None, 'Southern Alberta']",,
God bless everyone impacted by the flooding.  God bless Alberta..,LABEL_1,0.9999167919158936,"['Alberta', None, None]",,
RT @fan960boomer: Found sitting in my buddies driveway today. #yycflood http://t.co/v2zzAp9chn,LABEL_1,0.9998551607131958,"[None, 'Calgary', None]",,
Mom 91/Dad 96. In the dirty 30s people would show up with their tools 4 a barn raising or disaster Tk U #YYCFlood for showing truly Cdn.,LABEL_1,0.9998624324798584,"[None, 'Calgary', None]",,
"Came home to a safe and DRY house, 1 block from a raging Bow River. #montgomery #yycflood",LABEL_1,0.999919056892395,"[None, 'Calgary', 'montgomery']",,
"RT @VirginRadioYYC: If you want to help out, here ya go! #yycflood #WeAreCalgary http://t.co/OMEXMcrcOh",LABEL_1,0.9999189376831056,"[None, 'Calgary', None]",,
":Reminder: If your community's been cleared for reentry, ensure you visit a reentry info centre: http://t.co/RKNncPSUrC #yycflood #abflood",LABEL_1,0.9999185800552368,"['Alberta', 'Calgary', None]",,
AESO asking Albertans to reduce use of power Friday: Albertas electric system operator was asking Albertans... http://t.co/y0lKaSwrsn,LABEL_1,0.9999102354049684,"[None, None, None]",,
Flood party update #1: Coles shirt is off already and we have duck hunt going,LABEL_1,0.9996931552886964,"[None, None, None]",,
@RihannaNoBrasil loved your concert in Calgary Alberta Canada #yyc and #yycflood victims would love to hear some encouragement from you,LABEL_1,0.9999096393585204,"[None, 'Calgary', 'Calgary Alberta Canada']",,
RT @globaledmonton: [UPDATE] Alberta Emergency Alerts and Contact Information for communities impacted by #abflood http://t.co/LOcoIsjCxI,LABEL_1,0.9999179840087892,"['Alberta', None, None]",,
"@CalgaryPolice: Many communities having power and gas cut-off. You may not see #yycflood, but youll have no utilities so evacuate. #yyc",LABEL_1,0.9999170303344728,"[None, 'Calgary', None]",,
RT @imagineCALGARY: Go to http://t.co/NxpFYNmGbc to sign up as a #yycflood clean up volunteer. #yyc,LABEL_1,0.9999186992645264,"[None, 'Calgary', None]",,
"@nenshi: Issue now is power outages. If you're downtown working, please go home now. @MissTonyStark GO HOME! Haha",LABEL_1,0.9997358918190002,"[None, None, None]",,
Update: Every single family home outside the downtown area is openvia  @Nenshi:   #YYC #ABflood,LABEL_1,0.9999181032180786,"['Alberta', 'Calgary', 'downtown area']",,
30 per cent of downtown buildings are ready to be energized @enmax #yycflood,LABEL_1,0.9999178647994996,"[None, 'Calgary', 'downtown']",,
@MelissaEGilbert help spread the word 2 donate $5  2 Red Cross 2 help the flooding victims in Alberta by texting RedCross 2 the num 30333 TY,LABEL_1,0.999916672706604,"['Alberta', None, None]",,
On the plus side my grass has never been this green #yycfloods,LABEL_1,0.9998551607131958,"[None, None, None]",,
RT @CP24: PHOTO GALLERY: Thousands displaced by floods in Alberta http://t.co/H58wIKtMes,LABEL_1,0.9999165534973145,"['Alberta', None, None]",,
RT @FeelGoodWire: The flooding in #Calgary wasn't going to stop this couple. Love always wins. http://t.co/StvcWoWxxy #GoodNewsFriday,LABEL_1,0.9999158382415771,"[None, 'Calgary', None]",,
"RT @CTVCalgary: EMERG Update/11:30am: Stampede may look different, but it will go on. #YYC #ABflood",LABEL_1,0.9999197721481324,"['Alberta', 'Calgary', None]",,
RT @NBCNews: Video: House smashes into bridge after being swept away by Canada floods http://t.co/iWapvLjx2U,LABEL_1,0.9999158382415771,"[None, None, 'Canada']",,
RT @GolfPhysioguy: great honor sandbagging today with Canadian Military. #mhflood #abflood,LABEL_1,0.9999186992645264,"['Alberta', None, None]",,
RT @theprovince: Calgary’s downtown to remained closed after flooding leads to three deaths in Alberta http://t.co/BipDrhYGHW,LABEL_1,0.9999163150787354,"['Alberta', 'Calgary', None]",,
RT @1anhaga: @jianghomeshi The #Siksika and #Stoney #Treaty7 Nations have been remarkably hard hit by #abflood. A RT by you would raise awa…,LABEL_1,0.999913215637207,"['Alberta', None, None]",,
"RT @windspeakernews: We are now accepting donations for Morley, Siksika and Tsuu T'ina at our Edmonton office. Details in link! #abflood ht…",LABEL_1,0.99991774559021,"['Alberta', None, 'Edmonton office']",,
"RT @Terry_Helm: Alberta Flooding a Sign of Climate Change? http://t.co/8LhX0mkeXq Cant Be @pmharper Says It Doesnt Exist, Science Is Dumb..…",LABEL_1,0.9999182224273682,"['Alberta', None, None]",,
Repair crews amber lights in dark recesses of downtown at night like fireflies #yycflood http://t.co/aWEDt3QrZq from http://t.co/OoJjHZTM8Y,LABEL_1,0.9998856782913208,"[None, 'Calgary', 'downtown']",,
The 2005 flood in Alberta was the largest in 200 years of recording.  this flood is two or three times bigger.  #cdnpoli #ClimateChange,LABEL_1,0.9999172687530518,"['Alberta', None, None]",,
New post: Fleeing Calgary flooding http://t.co/fUOwjfzLRJ,LABEL_1,0.999916672706604,"[None, 'Calgary', None]",,
"I want to donate a bag of clothes/shoes, where can I bring it?   #yycflood",LABEL_1,0.9999074935913086,"[None, 'Calgary', None]",,
@UFCW401 you're welcome.  We the $ can help and all are safe as #AB is in our thoughts #abflood  #Cdnpoli #UACan #canlab,LABEL_1,0.9999165534973145,"['Alberta', None, None]",,
"RT @BComptonNHL: Unbelievable. RT @alex_ruiz Wow, check out this video of a @calgarypolice boat in Erlton #yycflood http://t.co/HFLH92B6HR",LABEL_1,0.999864101409912,"[None, 'Calgary', 'Erlton']",,
Our city parks workers are cleaning out Sandy Beach. It'll be back to normal in due time. =) #yycflood http://t.co/9Pybx7KH5n,LABEL_1,0.999918818473816,"[None, 'Calgary', 'Sandy Beach']",,
Not sure if tweets #yycflood or #ACNL,LABEL_1,0.999909520149231,"[None, 'Calgary', None]",,
RT @CTVIanWhite: We will rebuild. @calgaryzoo to give media tour of damage tomorrow morning. #ABflood,LABEL_1,0.9999189376831056,"['Alberta', None, None]",,
@Lindsey_CIR the same thing is happening in Calgary in the floods,LABEL_1,0.999914288520813,"[None, 'Calgary', None]",,
"Due to the severe flooding in Southern Alberta, our game Sunday against the Jr. B Mountaineers has been postponed until further notice.",LABEL_1,0.9998923540115356,"[None, None, 'Southern Alberta']",,
Arriving home: Flooding in Calgary pamphlet http://t.co/R9kcyCeaUT #yyc #yycflood,LABEL_1,0.9999167919158936,"[None, 'Calgary', None]",,
RT @CPSA_CA: How to access flood-affected family doctors; Update on Holy Cross/Sheldon Chumir clinics & service #yyc #yycflood\http://t.co/…,LABEL_1,0.999919056892395,"[None, 'Calgary', None]",,
RT @ArjayTaylor: I am in search of my Mother  who was evac from #inglewood her name is Theresa Taylor 52yrs old. #yycflood,LABEL_1,0.999891757965088,"[None, 'Calgary', 'inglewood']",,
Severe flood submerges parts of Flames' arena - Two rivers converged on the western Canadian city of Calgary over ... http://t.co/5ZR2CzkutG,LABEL_1,0.9999176263809204,"[None, 'Calgary', 'western Canadian city of']",,
Check out this great image on Storify! http://t.co/HZgbwclNU5 via @storify #yyc #yycfloods #ABFloods,LABEL_1,0.9998437166213988,"[None, 'Calgary', None]",,
Canadian Red Cross officials vowed to continue relief efforts from the flood disaster. http://t.co/DAKiihu4IH #abflood,LABEL_1,0.9999170303344728,"['Alberta', None, None]",,
@Timhortons what if all of Canada wants to help? 'Alberta Rose' doughnut to raise cash for flood relief http://t.co/AIFctb8SOg,LABEL_1,0.9998986721038818,"[None, None, 'Albert']",,
RT @cityofcalgary: South Fish Creek Recreation Complex reception centre is Full. #yyc #yycflood,LABEL_1,0.999918818473816,"[None, 'Calgary', 'South Fish Creek Recreation Complex']",,
"RT @Web3v0: @nenshi I'm 6'4, 270 lbs. I have steel toed rubber boots and I want to help. We're do you need me? #CalgaryStrong #YYCFlood",LABEL_1,0.999915599822998,"[None, 'Calgary', None]",,
"HT Jason, Trent, and Cody Field. They drove from #yxe with their Vac truck to pump basments for free #yycflood #yyc https://t.co/zpXCRmhSva",LABEL_1,0.9997783303260804,"[None, 'Calgary', None]",,
@misscandice22 On street parking and CPA surface lots continue to be free @calgaryparking #yycflood,LABEL_1,0.9999185800552368,"[None, 'Calgary', 'CPA']",,
RT @CalgarywithDan: 9th street underpass into Kensington seems... Unusable in downtown #Calgary during the #yycflood http://t.co/0asnUZPGqc,LABEL_1,0.9999170303344728,"[None, 'Calgary', 'downtown #Calgary']",,
8am City Emerg Update: Elbow STARTING to show its receding. #YYC #ABflood,LABEL_1,0.999916672706604,"['Alberta', 'Calgary', None]",,
RT @pags_mom: Unbelievable! @Mookalicious: Wow.  This is crazy!!  Another pic of the flooded Saddledome!  #abflood http://t.co/xwO9xnzdY6”,LABEL_1,0.999918818473816,"['Alberta', None, 'Saddledome']",,
RT @DaDeGallery: Our address is 1327 9th Ave. SE - come by at 10am -running all day- and sign up for a #yycflood task! Lots of work in @Ing…,LABEL_1,0.9999147653579712,"[None, 'Calgary', '1327 9th Ave']",,
"RT @Metro_Katie: The mayor still saying, we'll make the @calgarystampede happen. Might look a bit different. #yycflood",LABEL_1,0.9999121427536012,"[None, 'Calgary', None]",,
Have extra duct tape? Equipment http://t.co/FgVF8ZiFqh dropoff today at Brentview Baptist from 4:00-9:00pm. Thank you #YYC! #abflood,LABEL_1,0.9995951056480408,"['Alberta', 'Calgary', 'Brentview Baptist']",,
RT @JohnnieOil: OK #CBC show class! Fire scum #Suzuki ass 4 this crap! If not you're as bad! #ABflood Utter classless prick http://t.co/9qw…,LABEL_1,0.9988036155700684,"['Alberta', None, None]",,
How Canadians can help Alberta http://t.co/0NsHXK4fze #yyc #canada #abflood,LABEL_1,0.9999150037765504,"['Alberta', 'Calgary', 'can']",,
RT @CalgaryPolice: Aerial photo of flooding at the Calgary Stampede Grandstand. #yycflood http://t.co/mcxO9RekKQ,LABEL_1,0.999918818473816,"[None, 'Calgary', None]",,
RT @AIRMILES: RT to show your support for Alberta. Donate 190 reward miles for a $20 donation to the Canadian Red Cross. #abflood http://t.…,LABEL_1,0.9999154806137084,"['Alberta', None, None]",,
City update at 7:46 p.m. Flood warning remains in effect https://t.co/xdKQm6DG9C #reddeer #abflood,LABEL_1,0.99991774559021,"['Alberta', None, None]",,
.@Sakaane My dad actually posted a blog for @CoCoRaHS on weather phenomena the #yycflood today: http://t.co/CxlU8CFwwa,LABEL_1,0.9998341798782348,"[None, 'Calgary', None]",,
Homeowner expects lots of generators on the market after #yycflood #truth,LABEL_1,0.9999182224273682,"[None, 'Calgary', None]",,
RT @BBCBreaking: Canadian officials order evacuation of downtown Calgary amid worst flooding in decades,LABEL_1,0.9999144077301024,"[None, None, 'downtown Calgary']",,
RT@mrlubemedhat: We will remain closed until further notice. Thank you for you patience and see you soon. #medhat #mhflood,LABEL_1,0.9999024868011476,"[None, None, None]",,
@660News @News1130radio one more from the plane. #yycflood #abflood http://t.co/qVaVAw1cAE,LABEL_1,0.9999189376831056,"['Alberta', 'Calgary', None]",,
RT @24Hrsjmcmurray: Hundreds of volunteers now in line to board buses to take them to flood-ravaged communities #yyc #yycflood #abflood htt…,LABEL_1,0.9999158382415771,"['Alberta', 'Calgary', None]",,
RT @calgary_news: Latest #YYC #Calgary Calgary's Mayor @Nenshi shines amid flood crisis http://t.co/sChsOZpeOP #YYCFlood,LABEL_1,0.999918818473816,"[None, 'Calgary', None]",,
RT @HeatherGoesWest: Dear partisans of all stripes: stop using #yycflood to attempt to score cheap shots against whatever party you hate.,LABEL_1,0.9997830986976624,"[None, 'Calgary', None]",,
RT @LindaNguyenTO: I am looking for help finding a #Calgary  #yycflood victim today who is dealing with their insurance company. Please RT …,LABEL_1,0.999916672706604,"[None, 'Calgary', None]",,
RT @redcrosscanada: Red Cross accepting financial donations to assist people affected by flooding in Alberta: http://t.co/Xd9mbM2uj8  #abfl…,LABEL_1,0.9999172687530518,"['Alberta', None, None]",,
"Photo: sikssaapo-p: ”#TREATY7BENEFITCONCERT (ALL MONIES GOING TO TREATY 7 FLOOD VICTIMS) NEAR #CALGARY,... http://t.co/gVQ4CFh65Y",LABEL_1,0.9999148845672609,"[None, 'Calgary', None]",,
We did it!! Fed over 200 people at #Siksikanation !! #yycflood #Volunteer #calgarystrong,LABEL_1,0.999919295310974,"[None, 'Calgary', 'Siksikanation']",,
RT @andrewmoreau: In only a matter of hours the @calgarydropin went from empty to this. What a day. #yycflood #yychelps http://t.co/RlE2a9O…,LABEL_1,0.9999079704284668,"[None, 'Calgary', 'calgarydropin']",,
RT @TownOfHighRiver: RCMP are reminding you to please not stop or park on Highway 2 near High River. It is not safe. #highriver #abflood,LABEL_1,0.9999189376831056,"['Alberta', None, 'High River']",,
@calgaryherald: Trans-Canada to Banff may reopen by weekend #chlive http://t.co/yXdPERzYDE this would help for a wedding on Saturday!,LABEL_1,0.9997219443321228,"[None, None, 'Banff']",,
Alberta Flooding Operational Update from Garda's VP Chris Young (http://t.co/dsMJenIOQz) http://t.co/UrghdqezwG,LABEL_1,0.9999064207077026,"['Alberta', None, None]",,
"Rivers receding in Calgary, 3 dead in floods - Quincy Herald-Whig | Illinois ... - Quincy Herald Whig http://t.co/RIDg8rVvUj",LABEL_1,0.9999167919158936,"[None, 'Calgary', 'Illinois']",,
Why supporting local charities to help flood relief efforts matters & how to give  - see http://t.co/FXRa1idfis  #yycflood #abflood,LABEL_1,0.9999176263809204,"['Alberta', 'Calgary', None]",,
RT @HansRosling: BEFORE FLOODS: Alberta urged to prepare for increasingly severe weather as insurance losses mount http://t.co/y8nzv3aint v…,LABEL_1,0.9999186992645264,"['Alberta', None, None]",,
RT @SheilaGunnReid: RCMP footage of #HighRiver. Honestly I had to stop the vid when I saw the little red wagon floating. #abflood #ableg ht…,LABEL_1,0.9999183416366576,"['Alberta', None, None]",,
RT @KaleighRogers: A 15-year-old High River boy is missing due to the flood. Call police if you see Eric St. Denis #abflood #yycflood http:…,LABEL_1,0.9999159574508668,"['Alberta', 'Calgary', 'High River']",,
"Our thoughts are with all the Albertans affected by the flooding. To donate to #Alberta Food Relief, pls visit your local RBC branch.",LABEL_1,0.9999157190322876,"[None, None, None]",,
@johnrieti I see you're in town for #yycflood. Let me and @rehoult know if you'd like a home-cooked meal.,LABEL_1,0.9998983144760132,"[None, 'Calgary', None]",,
Donate to the Alberta Floods Fund http://t.co/DE4l2mUwno,LABEL_1,0.9999157190322876,"[None, None, None]",,
RT @CBCCalgary: Calgary filmmaker documents flood story http://t.co/9sfSsPCeC7,LABEL_1,0.9999179840087892,"[None, 'Calgary', None]",,
RT @ElectDanielle: Every day I deal with the #HighRiver #abflood I am more convinced that the local MLA must be involved to represent their…,LABEL_1,0.9999170303344728,"['Alberta', None, None]",,
@aristway27 Jealous! I miss my lake. Calgary is having disaster floods at the moment so my Saturday isn't going to be that exciting :/,LABEL_1,0.99991774559021,"[None, 'Calgary', None]",,
Suite was on the ground floor in Mission #yycflood,LABEL_1,0.9999191761016846,"[None, 'Calgary', 'Mission']",,
"RT @myrnam71: @PeopleOfCanada Furthermore, it's sunny in Edmonton. I hope it stays that way. I hope Alberta gets sunshine, so the flood rel…",LABEL_1,0.9999045133590698,"['Alberta', 'Edmonton', None]",,
RT @fj_vargas: Like her style! “@MacChornawka: #yycflood as calgarians are stocking  up on food & water...my mother is stocking up on wine …,LABEL_1,0.9999121427536012,"[None, 'Calgary', None]",,
RT @660News: All Calgarians are asked to refrain from  non-essential travel. #yyc #yycflood,LABEL_1,0.9999191761016846,"[None, 'Calgary', None]",,
RT @nmc_canada: Siksika needs help http://t.co/RxCjmb2vOI You can drop off supplies here: http://t.co/EPNDxbHJF2 #yyc #yycflood #abflood,LABEL_1,0.9999179840087892,"['Alberta', 'Calgary', None]",,
"RT @GlobalCalgary: BREAKING: 10,000 people expected to evacuate Medicine Hat by 10 a.m. tomorrow: http://t.co/qNob70m9eV #abflood",LABEL_1,0.9999183416366576,"['Alberta', None, 'Medicine Hat']",,
Severe flood submerges parts of Flames' arena: Two rivers converged on the western Canadian city of Calgary ov... http://t.co/VEUxR4TBjs,LABEL_1,0.9999176263809204,"[None, 'Calgary', 'western Canadian city of']",,
Back at it with @aldjohnmar as we spend time in Mission with @GlobalCalgary seeing the damages and talking to residents #yycflood,LABEL_1,0.9999173879623412,"[None, 'Calgary', 'Mission']",,
"RT @ShaneKeller: UPDATE: Calgary clean up- A list of businesses, organizations offering to help | #YYCFlood #YYC #YYCHelps http://t.co/kCsv…",LABEL_1,0.9999191761016846,"[None, 'Calgary', None]",,
Flood relief for Alberta comes in many innovative ways #ABflood #yycflood  http://t.co/QMtfbjPTBY,LABEL_1,0.999915599822998,"['Alberta', 'Calgary', None]",,
RT @ShopprsDrugMart: Donate your Shoppers Optimum Points at any SDM store to the Canadian Red Cross flood relief efforts in Alberta #abfloo…,LABEL_1,0.9999176263809204,"['Alberta', None, None]",,
@DrewBarnesMLA  also! MT@houseguy4410 @BlakePedersen1 Blake I cant say enough 4 the long days U have put in #wrp #mhflood #rollupyoursleves,LABEL_1,0.9991303086280824,"[None, None, None]",,
Inglewood Golf Course has some extra large water hazards now. #yycflood http://t.co/UhAu59z3L6,LABEL_1,0.9999185800552368,"[None, 'Calgary', 'Inglewood Golf Course']",,
"Help on the way for flood-stricken First Nations: Pickup trucks full of bottled water, toilet paper and other... http://t.co/32NBdjDJaB",LABEL_1,0.9999179840087892,"[None, None, None]",,
Floods in Calgary bit the sun is out \2 miles up the road is madness. Here is fine. Lets party http://t.co/ESL79VA2IB,LABEL_1,0.9999184608459472,"[None, 'Calgary', None]",,
Ditto! MT @GregMcCarthy0 @aldjohnmar thanks to @cityofcalgary 4 building that berm on elbow dr so quickly. saved alot of houses #yycflood,LABEL_1,0.9999146461486816,"[None, 'Calgary', 'elbow dr']",,
#abflood Glenmore Reservoir is very deep today. http://t.co/WGSXvQuojD,LABEL_1,0.9999175071716307,"['Alberta', None, 'Glenmore Reservoir']",,
RT @markusoff: RT @CarrieTait: Calgary downtown outta commission till middle of next week because of power concerns - Nenshi #ABflood,LABEL_1,0.9999183416366576,"['Alberta', None, 'Calgary downtown']",,
@JayRyan @AustinBasis Flooding in downtown Calgary This is the10th street bridge! No1 has been hurt in the floods! http://t.co/5gRsJYayGh,LABEL_1,0.9999176263809204,"[None, None, 'the10th street']",,
"Serious flood in Calgary....Stop raining plz, I hope it won't have impact on my exam next week.",LABEL_1,0.9999030828475952,"[None, 'Calgary', None]",,
@theCHIVERY please pass the word that Alberta is in a crisis flood. Keep those affected in your thoughts.,LABEL_1,0.9999158382415771,"['Alberta', None, None]",,
RT @NHLFlames: #Flames GM Jay Feaster comments on the #abflood & #yycflood (VIDEO) ~ http://t.co/ZltLTiHztH,LABEL_1,0.9999181032180786,"['Alberta', 'Calgary', None]",,
RT @kev_currie: PGA Tour Canada event cancelled in Calgary due to the flooding. May be made up later in the year,LABEL_1,0.999884843826294,"[None, 'Calgary', None]",,
RT @AwesomeKingston: Triumphs amongst the turmoil in flooded Calgary http://t.co/R0IQ5Vmgo6 &lt;---Acts of kindness in the midst of the flood,LABEL_1,0.9999164342880248,"[None, 'Calgary', None]",,
"RT @TheEconomist: While the causes of floods in Alberta, Canada, remain a source of debate, their devastating results are all too clear htt…",LABEL_1,0.999916672706604,"[None, None, 'Canada']",,
RT @WilliamShatner: My thoughts and prayers are with the flood victims in Calgary. MBB,LABEL_1,0.9999148845672609,"[None, 'Calgary', None]",,
I hope the floods and such make people realize how good we have it here in Canada well we do not have power or water for a few hours#abflood,LABEL_1,0.9999183416366576,"['Alberta', None, 'Canada']",,
RT @660News: RT ?@TedMenzies Three tepees withstood the flood waters at Siksika #abflood http://t.co/o18go2Z6re,LABEL_1,0.9999175071716307,"['Alberta', None, 'Siksika']",,
RT @Mookalicious: This pic of an awesome firefighter in Mission needs to go viral.  Please share! #abflood http://t.co/H1YF3RhJZs,LABEL_1,0.999918818473816,"['Alberta', None, 'Mission']",,
BBC News - Central Calgary evacuated as flood threatens city http://t.co/IOBsMx8qEY,LABEL_1,0.999915361404419,"[None, None, 'Central Calgary']",,
RT @VirginRadioYYC: @CalgaryPolice say rumors of the water being shut off is false. Don't believe everything you hear. #yycflood,LABEL_1,0.999919056892395,"[None, 'Calgary', None]",,
RT @Trishar7: @WaterPortal: Just awful RT @CTVCalgary Siksika First Nation. Devastation is unreal http://t.co/2rveVtyHtG #yycflood #abfloo…,LABEL_1,0.999918818473816,"[None, 'Calgary', None]",,
And the poor zoo animals :( #yycflood,LABEL_1,0.9999186992645264,"[None, 'Calgary', None]",,
CPA enforcement staff are supporting CPS on point services and providing traffic control. #yycflood,LABEL_1,0.9999183416366576,"[None, 'Calgary', None]",,
“@ProjectZen: Stay Safe people! Orcas in #yycflood http://t.co/47lryZ2uy0” .. Too funny @ProjectZen !!,LABEL_1,0.9999138116836548,"[None, 'Calgary', None]",,
"RT @UCalgary: For those enrolled in #UCalgary summer classes, they will begin as planned on July 2.  #yycflood http://t.co/YiRWkVTyJf",LABEL_1,0.9997126460075378,"[None, 'Calgary', None]",,
“@metrocalgary Sunnyside evacuee says ladder used to help steal bikes: http://t.co/Bv1xzZeerv #yycflood #abflood” #yycbikelove to the rescue,LABEL_1,0.9999167919158936,"['Alberta', 'Calgary', '@metrocalgary Sunnyside']",,
Sold for 98% of list! Will donate 10% to flood victims &amp; relief. #yycflood #yyconward http://t.co/fAmwTvdikH,LABEL_1,0.9999181032180786,"[None, 'Calgary', None]",,
RT @AnonymousAnon01: Please report all price gouging you encounter via #yycfloodgouge or Facebook https://t.co/ieU8qZInt3 #yycflood #Calgar…,LABEL_1,0.9999186992645264,"[None, 'Calgary', 'Calgar']",,
RT @EdmontonOilers: Our thoughts & prayers are with all those affected by #abflood #yycflood including our extended hockey family with the …,LABEL_1,0.9999183416366576,"['Alberta', 'Calgary', None]",,
@JamesKemlo is it flooding there? We don't hear about much that happens in Australia. We were good to hear about the flooding in Calgary.,LABEL_1,0.9999167919158936,"[None, 'Calgary', 'Australia']",,
RT @globeandmail: Video: Flooding doesn't stop Calgary couple's wedding http://t.co/56uYDWhLtb,LABEL_1,0.9999176263809204,"[None, 'Calgary', None]",,
RT @AndrewSchultzWX: #abflood Kudos...Cenovus Energy donating $1 million for flood relief. First installment to be 250k. #yyc @btcalgary,LABEL_1,0.9999151229858398,"['Alberta', 'Calgary', 'btcalgary']",,
RT @bradkane: special thanks to @parkscanada for charging me a cancellation fee for my camping spot in #banff this weekend. #abflood #lol #…,LABEL_1,0.9999022483825684,"['Alberta', None, 'banff']",,
Flood recovery could take a decade: Alberta premier: Between today and the start of the Calgary Stampede next... http://t.co/KUCbltJPAd,LABEL_1,0.9999191761016846,"['Alberta', None, None]",,
RT @planetjanetyyc: Looks like this Winnipeg-size flood is going to be followed by a Winnipeg-size mosquito problem #yycflood #yyc  #inglew…,LABEL_1,0.999918818473816,"[None, 'Calgary', None]",,
RT @SkiLouise: RT @mookalicious: This pic of an awesome firefighter in Mission needs to go viral.  Please share! #abflood http://t.co/N5624…,LABEL_1,0.9999189376831056,"['Alberta', None, 'Mission']",,
@sjreal give that boy a MEDAL! You raised a STELLAR son!!! #Alberta #Floods,LABEL_1,0.9994762539863586,"['Alberta', None, None]",,
"RT @packerdan77: Dear police state people. Calgary is having 1 in 100 year flooding. STFU,Go help & thank a cop for having not slept in 3…",LABEL_1,0.99991774559021,"[None, 'Calgary', None]",,
There WILL be celebrations... Just no fireworks this year for Canada Day. The flood damaged access to fireworks... http://t.co/lu84PJbrHm,LABEL_1,0.9996767044067384,"[None, None, None]",,
RT @twit_terrific: Powerful and poignant. RT @Sowanonair: The image says it all. #yycflood #abflood http://t.co/jmhg63Qr1u,LABEL_1,0.9999191761016846,"['Alberta', 'Calgary', None]",,
@fouratj Slow. Got distracted by other tasks and a massive flood here in AB.  week of 1st?,LABEL_1,0.9986304044723512,"[None, None, 'AB']",,
RT @CDNBeef_ag: Cant believe this one! Photo of flooded grandstand from #abflood. http://t.co/jm8fqZhQME”,LABEL_1,0.9999189376831056,"['Alberta', None, None]",,
RT @staceybrotzel: A must read. The Stampede needs us this yr. Lovely story by @DonBraid. Made me tear up. http://t.co/ZgkO6UE4QF #yycflood…,LABEL_1,0.9989523887634276,"[None, 'Calgary', None]",,
Hey #yyc! Our little tea shops around the city want to do our part! Looking for places to bring hot cups of tea! #yycflood,LABEL_1,0.9998493194580078,"[None, 'Calgary', None]",,
RT @MacleansMag: Alberta vs. Mother Nature: Photos from the flood zone http://t.co/miSSys6BtN,LABEL_1,0.9999182224273682,"['Alberta', None, None]",,
New Story! @RDRWA discusses water management and bylaws at their AGM. Top of mind is the #ABflood.,LABEL_1,0.9999189376831056,"['Alberta', None, None]",,
"RT @ShitNenshiHasto: I can't believe I have to say this, but we can't deliver wine if you don't specify red or white. #yycflood http://t.co…",LABEL_1,0.9998030066490172,"[None, 'Calgary', None]",,
RT @adolwyn: Guys. Ridiculously photogenic firefighter HAS A TWIN BROTHER. #yyc #yycflood http://t.co/j2ytuktcBr,LABEL_1,0.9999169111251832,"[None, 'Calgary', None]",,
RT @gwendolynmr: High River has set up a FB page for reuniting pets with their owners. https://t.co/cQdzb96Kj7 #yycflood #abflood #chlive,LABEL_1,0.9999178647994996,"['Alberta', 'Calgary', 'High River']",,
RT @CalgaryPolice: Here are some pictures from HAWCS showing extent of flooding in downtown #yyc #yycflood http://t.co/HWDaLsfxQH,LABEL_1,0.9999185800552368,"[None, 'Calgary', 'yyc']",,
Looks like there's a lot of power outages. One in the inglewood area and Blackfoot.  #calgary,LABEL_1,0.9999186992645264,"[None, 'Calgary', 'Blackfoot']",,
"RT @cbcDougDirks: @nenshi If you're still standing, @WBrettWilson donating $1 for every tweet, RT of hashtag #OMGP to max 50k for #yycflood…",LABEL_1,0.9999170303344728,"[None, 'Calgary', None]",,
RT @DruhFarrell: A very moving video: https://t.co/h81kI6jwUl  #yycflood,LABEL_1,0.9997982382774352,"[None, 'Calgary', None]",,
RT @LisaLaFlammeCTV: This police footage in High River is bleakest evidence yet of devastation from #ABflood - YouTube http://t.co/owzmpqtP…,LABEL_1,0.999918818473816,"['Alberta', None, 'High River']",,
Just saw a group of people playing baseball in a field filled with water. Probably the funniest thing I've seen #enjoyingthewater #yycflood,LABEL_1,0.9999147653579712,"[None, 'Calgary', None]",,
RT @alexYYC: 17th Avenue in Calgary. The flooding in the city centre is unbelievable. #yycflood @ 1807 Macleod Tr Se http://t.co/b0bqk9KuZO,LABEL_1,0.9999176263809204,"[None, 'Calgary', '1807 Macleod Tr Se']",,
Transit the BRT has been restored to the core #yycflood,LABEL_1,0.9999194145202636,"[None, 'Calgary', None]",,
RT @HockeyHallFame: Our thoughts and prayers go out to the flood victims in the City Calgary today.,LABEL_1,0.9999163150787354,"[None, None, 'City Calgary']",,
Check retweet  for update flooding city of Calgary.,LABEL_1,0.9999172687530518,"[None, 'Calgary', None]",,
RT @Eniware: #disaster Hospitals and clinics in Calgary closed due to flooding and power shut-off. 100K people evacuated: http://t.co/GPeHc…,LABEL_1,0.9999163150787354,"[None, 'Calgary', None]",,
"RT @JasonvanRassel: Concern #yycflood damage & destruction will shrink tight rental market, hurt ppl who need affordable housing: http://t.…",LABEL_1,0.9999181032180786,"[None, 'Calgary', None]",,
"@FoxNews: Floods kill 3, force 75,000 from homes in Calgary http://t.co/34lCFxhWdv #abflood it has been crazy here! Pray for these people",LABEL_1,0.9999163150787354,"['Alberta', 'Calgary', None]",,
"For 2nd day, #AESO warns #Alberta's power plants cannot meet need. Province is importing electricity from BC &amp; Sask. Urges conversation.",LABEL_1,0.9999165534973145,"['Alberta', None, 'Sask']",,
"Robert F. Kennedy, Jr. postpones oilsands region trip due to Alberta floods: EDMONTON - Environmentalist Rober... http://t.co/55cURWmKM9",LABEL_1,0.9999172687530518,"['Alberta', 'Edmonton', 'oilsands']",,
Uncontaminated water can be pumped out into street #yycflood,LABEL_1,0.9999151229858398,"[None, 'Calgary', None]",,
RT @YYCFlood: If you've lost a pet check out  https://t.co/UFOUYbe3Qj. @PetRecoveryYYC #yycflood #abflood,LABEL_1,0.9999189376831056,"['Alberta', 'Calgary', None]",,
Any idea on why the military has such a presence in #RedDeer tonight? #Abflood,LABEL_1,0.9999186992645264,"['Alberta', None, 'RedDeer']",,
#abflood heads north to peace river http://t.co/9cWRAYYkbV,LABEL_1,0.9999176263809204,"['Alberta', None, 'peace river']",,
"The power is still out downtown but if you can work, do it from home or your own community. Keep the roads clear @workshift #yycflood",LABEL_1,0.999918818473816,"[None, 'Calgary', 'downtown']",,
"RT @JohnnyJesus: Jacked up pick up trucks pulling frac water pumps to #abflood stricken areas, saving homes. Helping people that look down …",LABEL_1,0.9999165534973145,"['Alberta', None, None]",,
Can't believe the devastation in #downtown #Calgary. #yyc #yycflood Thoughts going out to cowtown and its resiliency. http://t.co/3ppSCBtqUL,LABEL_1,0.9999160766601562,"[None, 'Calgary', 'cowtown']",,
RT @jeffndyer: The worst of Mother Nature; the best of human nature. A quote my neighbour heard in #bowness tonight. #yycflood,LABEL_1,0.9998681545257568,"[None, 'Calgary', 'bowness']",,
"High River residents' return a 'matter of days, not weeks': The Alberta government says it will be a matter of... http://t.co/vtY15XCF5J",LABEL_1,0.9999043941497804,"[None, None, 'High River']",,
@canesfootball Miami Football: Power Ranking the Best Running Backs in Hurricanes History: With five national champions... @yabudyyy,LABEL_1,0.999904990196228,"[None, None, None]",,
"If you're helping those affected by #yycflood, remember to take breaks & hydrate! You can also enjoy AC in the #yyccaremobile. @mybowness",LABEL_1,0.9999160766601562,"[None, 'Calgary', None]",,
RT @susanknight: From CTV: Drop-In Centre wishlist - bring items to temp. centre (former hotel) 4804 Edmonton Trail NE #yyc #yycflood http:…,LABEL_1,0.9997919201850892,"[None, 'Calgary', 'yyc']",,
All berming has been checked and re-checked. All have come back as stable. #yycflood,LABEL_1,0.9999194145202636,"[None, 'Calgary', None]",,
20 more members of Vancouver's Heavy Urban Search and Rescue Team have been sent to Calgary to help after major flooding.,LABEL_1,0.9999164342880248,"[None, 'Calgary', None]",,
"RT @FarahDhalla: Officials in #Calgary say evacuations will not end until water recedes; up to 30,000 still without power #abflood @weather…",LABEL_1,0.9999170303344728,"['Alberta', 'Calgary', None]",,
RT @chimaincalgary: The penguins are fine #yycflood #onward http://t.co/pzdnPt9RmV,LABEL_1,0.999918818473816,"[None, 'Calgary', None]",,
RT @JProskowGlobal: Hippo on the loose! Calgary Zoo releases images of Lobi exploring flooded building during crisis. #yycflood http://t.…,LABEL_1,0.9999181032180786,"[None, 'Calgary', None]",,
Left the remaining @PetersDriveIn burgers and shakes from our run to the Mission area with @aldjohnmar and his crew. #abflood #yyc,LABEL_1,0.9997420907020568,"['Alberta', 'Calgary', 'Mission area']",,
"Expect an announcement later today about Macleod Trail. Sounds like its ready, they just need to develop re-opening plan. #yycflood",LABEL_1,0.9999101161956788,"[None, 'Calgary', 'Macleod Trail']",,
RT @CTVCalgary: Drop-In Centre wishlist - bring items to temp. centre (former hotel) 4804 Edmonton Trail NE #yyc #yycflood http://t.co/EATD…,LABEL_1,0.9997190833091736,"[None, 'Calgary', 'yyc']",,
RT @VolunteerCal: RT People with specialized equipment or skills willing to volunteer help should email cema.logistics@calgary.ca #yycflood,LABEL_1,0.999918818473816,"[None, 'Calgary', None]",,
RT @SUNRenatoGandia: Calgary's best #CPS talking to flooded residents in Bowness #yycflood http://t.co/ukW4kEgEYM,LABEL_1,0.9999186992645264,"[None, 'Calgary', 'Bowness']",,
Red Cross has received 2.1 million in donations for #yycflood so far.  #calgarystrong,LABEL_1,0.9999170303344728,"[None, 'Calgary', None]",,
25 Ave from 4 St -that's a lot of parkades to drain #yycflood http://t.co/DUC8y5XMTo,LABEL_1,0.9999159574508668,"[None, 'Calgary', None]",,
#yyc #artist donating funds from sales to local initiatives Plz RT #abflood #yycflood https://t.co/wzikV1GoGa,LABEL_1,0.9999185800552368,"['Alberta', 'Calgary', None]",,
"@TravisMilne - also, are your family/ friends okay in Calgary? I have family there too so I know it's rough not being there #ABflood",LABEL_1,0.9999191761016846,"['Alberta', 'Calgary', None]",,
RT @jamescallsen: Word of lootings and break ins make me so angry. Like Frank Castle angry. #yycflood,LABEL_1,0.9997982382774352,"[None, 'Calgary', None]",,
"Like Bush, Harper dons military gear for photo op\\http://t.co/apRfqIqbbM\\http://t.co/qPUAxie8i3\\http://t.co/JpGRBBxeRF\\#cdnpoli #abflood",LABEL_1,0.992628574371338,"['Alberta', None, None]",,
“@WilliamShatner: My thoughts and prayers are with the flood victims in Calgary. MBB” thx Bill. #yycflood #albertaflood,LABEL_1,0.9999154806137084,"[None, 'Calgary', None]",,
RT @randychevrier: 2/2 all proceeds will go to Red Cross' #yycflood relief. Here's the link to donate online: http://t.co/ZBvJZKo0T7\\#what…,LABEL_1,0.9999181032180786,"[None, 'Calgary', None]",,
RT @BuildBrookfield: #YYC... please do your part: Mandatory water restrictions are still in place. Help conserve water.  Thanks!  #yycflood,LABEL_1,0.999918818473816,"[None, 'Calgary', None]",,
"Shhh. @alanacbaker: It has occurred to me I haven't slept in 36 hours. I think I may do that, soon. Why don't I feel more tired? #abflood",LABEL_1,0.9999122619628906,"['Alberta', None, None]",,
"As Calgary Floods, Scientists Warn of Rising Risks | Climate Central http://t.co/kxSoedfbYM via @sharethis",LABEL_1,0.9999179840087892,"[None, 'Calgary', None]",,
RT @LucasNadeau1: #yycflood bridge is gone I guess. Nice for someone to update the sign. http://t.co/zouF7DVWwP,LABEL_1,0.9999123811721802,"[None, 'Calgary', None]",,
"RT @CMore83: The water may rise, but the city will rise higher. #yycflood #yyc #Calgary",LABEL_1,0.9999172687530518,"[None, 'Calgary', None]",,
RT @glyn1123: Remapping RT @nstdenis: Alberta Rockies & foothills forever changed by flooding: scientist - http://t.co/17zGYacKUw @YahooCan…,LABEL_1,0.9999101161956788,"[None, None, 'Alberta Rockies']",,
@FFWDWeekly Show your solidarity with Alberta First Nations devastated by the flood! Solidarity 21 http://t.co/9thIf70UFE,LABEL_1,0.9999150037765504,"[None, None, None]",,
High River re-entry plans shared today via @Globaltvnews #abflood http://t.co/xMMxylmooT,LABEL_1,0.9999176263809204,"['Alberta', None, None]",,
"Calgary Zoo during flood MT @NatStechyson Staff member spent weekend sitting on bobcat... holding a rifle, making sure hippos didn't get out",LABEL_1,0.9998838901519777,"[None, None, 'Calgary Zoo']",,
@YTV1DFan Awwe that sucks.. Feel better soon ladies! Sadly I am not watching.. Watching the latest on the #yycflood! #hugs xx,LABEL_1,0.9998834133148192,"[None, 'Calgary', None]",,
RT @CKNW: BC gov't offers to help Alberta during flood crisis.  http://t.co/ve002gz3nL,LABEL_1,0.9999160766601562,"['Alberta', None, None]",,
So sad to see the devastation all over Southern AB #abflood You can make donations to Red Cross @ 1-800-418-1111 or http://t.co/4ialgt1MhN,LABEL_1,0.9999161958694458,"['Alberta', None, 'Southern AB']",,
Happy Canada Day!  Looking forward to the concert at Mitford Park!  Come on down and donate for flood relief! #cochrane,LABEL_1,0.9998610019683838,"[None, None, 'Mitford Park']",,
Being stuck in the middle of these #ABFlood I completely forgot it was National Aboriginal Day. #abf2013,LABEL_1,0.9999138116836548,"['Alberta', None, None]",,
Have seen some young people in #RedDeer tweeting pictures of the flooding thinking it's hilarious. What's funny about this again? #ABFlood,LABEL_1,0.999915599822998,"['Alberta', None, 'RedDeer']",,
What if one of the boys tweeted about calgary? #yycflood #abflood #calgary,LABEL_1,0.9999151229858398,"['Alberta', 'Calgary', None]",,
What can I do to help? #yychelps #yycfloods,LABEL_1,0.9999184608459472,"[None, None, None]",,
RT @LauraVezer: Holy sheet! RT @CstShaw: Wondering why the 25 Ave bridge into Mission is still closed? #yycflood #yyc http://t.co/mo86fHoGZc,LABEL_1,0.9998884201049804,"[None, 'Calgary', 'Mission']",,
RT @Crackmacs: Ice is $20 at Queensland Liquor store. Fuck those guys. http://t.co/gXeOV48Kch - #yyc #yycflood,LABEL_1,0.9998910427093506,"[None, 'Calgary', 'Queensland Liquor store']",,
RT @Bobatscoregolf: A look at the Banff Springs GC which was hit by the Alberta floods. http://t.co/uibm7vYlGX,LABEL_1,0.9999185800552368,"['Alberta', None, 'Banff Springs GC']",,
Having coffee in the Main Street of Bowness while the rest of the world thinks we are 'Underwater' @ http://t.co/rziOcrRoQ0,LABEL_1,0.9998681545257568,"[None, None, 'Bowness']",,
RT @CBCCalgary: We'll be bringing a live #ABFLOOD special on CBC Radio One starting at Noon. Tune in for the latest with @VoiceOfRuss and @…,LABEL_1,0.9998644590377808,"['Alberta', None, None]",,
RT @DjLittleFever: To help flood victims in Alberta Rogers and Fido customers can text ABHELP to 4664 to make a $5 donation.,LABEL_1,0.9999161958694458,"['Alberta', None, None]",,
RT @downtowncalgary: .@nenshi please employers do not send your employees downtown if it can be avoided #yycflood,LABEL_1,0.999919056892395,"[None, 'Calgary', None]",,
Alberta Flood Victims & Relief #YYC #Calgary http://t.co/3cHkN50Lpj,LABEL_1,0.9999167919158936,"['Alberta', 'Calgary', None]",,
@webname We will try. I'm in Calgary so dealing with flooding & state of emergency in our city and all across Southern Alberta.,LABEL_1,0.9999185800552368,"[None, 'Calgary', 'Southern Alberta']",,
RCMP seized High River firearms from homes to control the situation: RCMP revealed Thursday that officers have... http://t.co/gUiqhL561O,LABEL_1,0.9998584985733032,"[None, None, 'High River']",,
RT @HollaAtcha8: @philandseb providing coffee to the people of mission and beltline! Come down to @NTNL17 for a free bbq! #yycflood http://…,LABEL_1,0.9998385906219482,"[None, 'Calgary', 'beltline']",,
The water is receding.  Time to clean up. #calgarystrong. Can't believe the destruction. #humbled,LABEL_1,0.9999182224273682,"[None, None, None]",,
RT @cityofcalgary: An assessment checklist for building owners in the downtown core can be found here http://t.co/emg7cmivx7 #yycflood,LABEL_1,0.9999181032180786,"[None, 'Calgary', 'downtown core']",,
RT @Munlaw2: “@PolsomD: Saw this and got a good laugh considering the situation #WeAreCalgary #yycflood http://t.co/MNleaHnuAv” Better outc…,LABEL_1,0.9999058246612548,"[None, 'Calgary', None]",,
View from condo in Connaught area. You'd never know YYC is flooded & under state of emergency #yycflood http://t.co/6H367dMzOs,LABEL_1,0.9999194145202636,"[None, 'Calgary', 'YYC']",,
Attn: #CFIB members & #smallbiz owners affected by #ABflood #yycflood. Call us if u need support in difficult days ahead 1-888-234-2232,LABEL_1,0.9999167919158936,"['Alberta', 'Calgary', None]",,
@42megasxlr: #yycflood Saddledome water level about 9 rows up http://t.co/ZrYpNfk5PM,LABEL_1,0.9999182224273682,"[None, 'Calgary', 'Saddledome']",,
RT @calgaryherald: Premier Redford reacts to gutted gift shop in flooded High River. Photo by @LorraineHjalte #abflood #chlive http://t.co/…,LABEL_1,0.9999176263809204,"['Alberta', None, 'High River']",,
@elysebouvier Both Sifton and Sandy Beach are on my running route. Most of my trails are underwater.,LABEL_1,0.9998579025268556,"[None, None, 'Sandy Beach']",,
"Despite the flooding, the Calgary Stampede is still on! Hoorah!",LABEL_1,0.9999170303344728,"[None, None, None]",,
Flood waters threaten to submerge another city in western #Canada. We'll hv the details next hr on #CNN Newsroom,LABEL_1,0.9999167919158936,"[None, None, 'Canada']",,
"RT @GW_Containers: Cleaning solutions, bleach & tarps URGENTLY req'd! Please deliver to @NeighbourLink  3751 21st St NE.  #yycflood #yychel…",LABEL_1,0.9999165534973145,"[None, 'Calgary', '3751 21st St NE']",,
RT @YouthCentralYYC: We have a large group of youth volunteers eager to take on a project this Sunday.  Could use some #yycflood help? Plea…,LABEL_1,0.9999185800552368,"[None, 'Calgary', None]",,
RT @nickandhisvoice: Lets all go to this. Beer and science! \https://t.co/cw8ipEKdLx #BigRock #Fundraiser #yycflood,LABEL_1,0.9997699856758118,"[None, 'Calgary', None]",,
RT @YourAlberta: Urgent call for volunteers in Medicine Hat. Call 403-525-2661 now if you can help out. | #medhat #mdflood #abflood (Sun 7:…,LABEL_1,0.9999184608459472,"['Alberta', None, '403']",,
RT @GlobalCalgary: Incredible photo of the major flooding in popular Sandy Beach:  #YYC #yycflood http://t.co/8GriKKRH4K,LABEL_1,0.99991774559021,"[None, 'Calgary', 'Sandy Beach']",,
Alberta taking over responsibility for High River flood response http://t.co/cdxkGR7jCl #abflood #ableg,LABEL_1,0.9999160766601562,"['Alberta', None, 'High River']",,
Voluntary evacuation zone covering west downtown and parts of #sunalta. Please take precautions. #yycflood  #staysafe http://t.co/aEgykomA3w,LABEL_1,0.9999183416366576,"[None, 'Calgary', 'sunalta']",,
@EatKS my Spitboy vinyl is most likely a victim of the flood in Calgary.,LABEL_1,0.9999171495437622,"[None, 'Calgary', None]",,
"The big clean will be starting soon, hope to get our city back @YYCFlood",LABEL_1,0.9999185800552368,"[None, None, None]",,
RT @calgaryherald: Flood Stories: Urban wildlife rescue on the Bow: http://t.co/SNStZvh71g  #yyc #yycflood http://t.co/9o11Od9i5q,LABEL_1,0.999918818473816,"[None, 'Calgary', 'Bow']",,
"@NeighbourLink Are you able to accept furniture donations? Chairs, desks, TVs? #yycflood #yychelps",LABEL_1,0.9998944997787476,"[None, 'Calgary', None]",,
Crisis Map launched for Alberta Floods http://t.co/w5A7OtP0Oc,LABEL_1,0.9999165534973145,"['Alberta', None, None]",,
RT @randychevrier: Glad to have @nenshi leading our city through this crisis. Montreal and Toronto Mayors take note. #leadership #yycflood,LABEL_1,0.9999144077301024,"[None, 'Calgary', 'Montreal']",,
RT @ebarbaric: @SinAspen Thanks Sina :) There's lots of people organizing to help out when it's safe here: https://t.co/fDIluQQo54 #yycflood,LABEL_1,0.9999170303344728,"[None, 'Calgary', None]",,
RT @yycGael: “@vote4terrywong: With @yycgael lady's @barbward4 and Maggie at @calgarydropin clean up #yycflood http://t.co/K1Y3Nl8hNL” awes…,LABEL_1,0.9998766183853148,"[None, 'Calgary', '@calgarydropin']",,
RT @RedCrossBC: People affected by floods can call the Canadian Red Cross at 1-866-696-6484 for information and support #abflood,LABEL_1,0.9999160766601562,"['Alberta', None, None]",,
One more of 25 Ave bridge #yycflood http://t.co/7dpU8frF9R,LABEL_1,0.9999048709869384,"[None, 'Calgary', '25 Ave']",,
RT @DonRCampbell: Calgary Herald Headlines from 1915 flood - very familiar to today http://t.co/DpJLN4edwk,LABEL_1,0.9999150037765504,"[None, None, None]",,
"RT @agthsmkt: While some companies are profiting off the #yycflood, @PetBakery is offering 50% off some pet products. #abflood #yycpets",LABEL_1,0.9999170303344728,"['Alberta', 'Calgary', None]",,
RT @thecanadacom: The @Nenshi love has reached a new high amid #Calgary flood http://t.co/5mOyxrqBp0,LABEL_1,0.999916672706604,"[None, 'Calgary', None]",,
"Most, if not all, of 140 employees @KananaskisGolf will be laid off &lt;-These are GREAT people! Pls help them find new jobs! #ABFlood",LABEL_1,0.9999141693115234,"['Alberta', None, None]",,
Despite denials from @NHLFlames prez Dome carnage will impact building of a new rink: http://t.co/fNI5F2qRMZ #yycflood #abflood,LABEL_1,0.999913215637207,"['Alberta', 'Calgary', None]",,
UPDATE: Road closures in southern Alberta: http://t.co/qNob70m9eV #abflood,LABEL_1,0.9999171495437622,"['Alberta', None, 'southern']",,
Great news: Calgary has TOO MANY volunteers. Stampede will go ahead. Great news Calgary. #yyc #yycflood,LABEL_1,0.9999186992645264,"[None, 'Calgary', None]",,
RT @660News: RT @aldjohnmar All of Downtown now under evacuation orders. I'm so sorry everyone... #yyc #yyccc #yycflood,LABEL_1,0.9999189376831056,"[None, 'Calgary', 'Downtown']",,
"Viterra Donates $75,000 to Support Flood Relief Efforts in Alberta: \\        REGINA, SASKATCHEWAN--(Marketw... http://t.co/Sa2cj0Nzcl",LABEL_1,0.9999179840087892,"['Alberta', None, 'REGINA, SASKATCHEWAN--']",,
Tim Hortons creates Alberta Rose donut to aid flood relief http://t.co/PL7RS7mLgO (via @CBCCalgary) #omnomnom,LABEL_1,0.9999126195907592,"[None, None, '@useralgary']",,
RT @News1130radio: Rogers and Fido customers can donate $5 to the Canadian Red Cross that will go towards flood relief in #Alberta by texti…,LABEL_1,0.9999171495437622,"['Alberta', None, None]",,
Flood's cost estimates mount as Calgary real-estate forecast looms http://t.co/eBHP8o68A7 #abflood #yycflood,LABEL_1,0.9999159574508668,"['Alberta', 'Calgary', None]",,
"RT @sandra_harris: Harper on Alberta floods: ‘Don’t worry, the oil is okay’ - The Beaverton  http://t.co/yA1ITXi2Sq",LABEL_1,0.9999182224273682,"['Alberta', None, None]",,
The bridge is failing.. Train in danger of falling into bow river #video http://t.co/fdtE86M51P  #calgary #toronto #yycflood #cdnpoli #watch,LABEL_1,0.9999194145202636,"[None, 'Calgary', 'toronto']",,
RT @Ellejames8: @Ladamedemocracy \Anyone missing this little DOG ? Found at 40st NW & 2street. #yycflood http://t.co/KR2d3azobS http://t.co…,LABEL_1,0.998331606388092,"[None, 'Calgary', '2street']",,
RT @mmbaragar: One of my students rescuing a fawn from the flood on the Siksika Reserve. #abflood #Siksika http://t.co/nsbWeU3Kq2,LABEL_1,0.999919056892395,"['Alberta', None, 'Siksika']",,
RT @dougv105: Siksika Nation hit hard too @TeamWildrose: Please RT! #abflood: How you can help today! http://t.co/aVJK0L0LkZ”,LABEL_1,0.9999167919158936,"['Alberta', None, None]",,
RT @Ladamedemocracy: PLEASE RT! Have you seen Nacho?Lost little dog needs his meds. #yycflood #calgary Owner contact on photo: http://t.co/…,LABEL_1,0.9999089241027832,"[None, 'Calgary', None]",,
RT @cityofcalgary: Please RT widely @nenshi - The City asks that Calgarians LIMIT WATE USE as much as possible. Thank you. #yyc #yycflood,LABEL_1,0.9999182224273682,"[None, 'Calgary', None]",,
RT @MinRonaAmbrose: This used to be a tiny creek bed & dry most days. The whole rock bed u can see was full of raging waterMC #abflood ht…,LABEL_1,0.9999191761016846,"['Alberta', None, None]",,
Watch: House shatters against bridge during Alberta flooding | Globalnews.ca http://t.co/KW8GCkZiUu,LABEL_1,0.9999152421951294,"['Alberta', None, None]",,
RT @JProskowGlobal: Photo gallery: Calgary streets before and during the flood | Globalnews.ca http://t.co/GCbHd3DxTQ,LABEL_1,0.9999181032180786,"[None, None, 'Calgary streets']",,
"RT @theRealSteveGow: Yes, we get it. Calgary got hit hard. But #HighRiver got it way worse:  http://t.co/x0ExdBxpH5 #ABFlood #StillEvacuated",LABEL_1,0.9999191761016846,"['Alberta', 'Calgary', 'HighRiver']",,
"My home town Calgary, AB is flooding :-(",LABEL_1,0.9999189376831056,"[None, None, 'Calgary, AB']",,
Good morning my lovely strong city of Calgary. Let's pull together and get through this!! #yycflood,LABEL_1,0.9999185800552368,"[None, 'Calgary', None]",,
Am I allowed to shower before bed? #yycflood,LABEL_1,0.9999170303344728,"[None, 'Calgary', None]",,
impressed with how generous calgarians have been through the #yycflood !,LABEL_1,0.9999169111251832,"[None, 'Calgary', None]",,
8th Ave Place downtown is open has power. Business as usual 4 tenants  @CTVCalgary @CBCCalgary @GlobalCalgary #yycflood #ABflood,LABEL_1,0.9999175071716307,"['Alberta', 'Calgary', '8th Ave Place downtown']",,
RT @jayemkayem: Does anybody know where I can donate 5-6 bags of men's clothing? #yycflood,LABEL_1,0.9999167919158936,"[None, 'Calgary', None]",,
RT @YourAlberta: Mandatory evacuation of High River still in effect. Please stay clear so emergency responders can do their job. | #abflood…,LABEL_1,0.9999161958694458,"['Alberta', None, 'High River']",,
RT @TessaNybo: @calgarystampede Song written by my friend Chelsea Cunningham in support of #abflood #stampede101 Hell or High Water http://…,LABEL_1,0.9999169111251832,"['Alberta', None, None]",,
"@TEAM1040  just curious, with the flooding in Calgary has there been any word on what if any effect it will have on the upcoming CFL games",LABEL_1,0.9999157190322876,"[None, 'Calgary', None]",,
All animals safe and accounted for: Zoo quashes rumour of missing hippo: With all animals accounted for and water... http://t.co/e0170REYYc,LABEL_1,0.9998846054077148,"[None, None, None]",,
RT @GlobalCalgary: Incredible photo of the major flooding in popular Sandy Beach:  #YYC #yycflood http://t.co/8GriKKRH4K,LABEL_1,0.99991774559021,"[None, 'Calgary', 'Sandy Beach']",,
Province will work with RCMP to return High River firearms: Solicitor General Jonathan Denis said the government... http://t.co/roARAKS0x1,LABEL_1,0.9998819828033448,"[None, None, 'High River']",,
"“@YourAlberta:Pre-loaded debit cards for evacuees in #yyc & Canmore Sun June 30, at 1pm locations & info at http://t.co/mppUP4M8xW #yycflood",LABEL_1,0.9999176263809204,"[None, 'Calgary', 'Canmore']",,
"RT @globaltvnews: LIVE COVERAGE: #Calgary under controlled evacuation--check here for #Alberta flood maps, emergency info & video http://t.…",LABEL_1,0.9999165534973145,"['Alberta', 'Calgary', None]",,
Where's that floatation device when you need it eh kharazny ? #dumpsterdiver #yycflood #atlantis  @ http://t.co/JC2xzWaGA7,LABEL_1,0.9997500777244568,"[None, 'Calgary', 'atlantis']",,
LOOK: Adorable kid Superman is here to save Alberta! #abflood http://t.co/y043Upv5pT,LABEL_1,0.9999184608459472,"['Alberta', None, None]",,
Nenshi: Restrict water use as much as possible! Still silty! #yycflood #abflood,LABEL_1,0.9999167919158936,"['Alberta', 'Calgary', None]",,
Otis redding. What else to do during great floods in Alberta @ Stonegate Pub http://t.co/queVjl7SWS,LABEL_1,0.9999126195907592,"['Alberta', None, 'Stonegate Pub']",,
RT @MegaanDiane: People need to realize the severity of this situation. Stop being ignorant. #yycflood #abflood,LABEL_1,0.9999186992645264,"['Alberta', 'Calgary', None]",,
17 cars (including one Porsche) and 5 motorbikes were left in the underground garage during the flood. http://t.co/6spZwvnMSd,LABEL_1,0.9999169111251832,"[None, None, None]",,
RT @redcrosscanada: We are accepting financial donations to assist people affected by flooding in Alberta: http://t.co/Xd9mbM2uj8 #abflood,LABEL_1,0.9999165534973145,"['Alberta', None, None]",,
RT @350: Powerful words about the flooding in Calgary from someone who grew up in Canada's tar sands capital: http://t.co/hXdwhVCmyf,LABEL_1,0.9999178647994996,"[None, 'Calgary', 'tar sands capital']",,
.@nenshi H2O in the city of Calgary remains clean & safe to drink #yycflood,LABEL_1,0.999919056892395,"[None, 'Calgary', None]",,
RT @globeandmail: Video: Flood waters rage through Alberta towns http://t.co/0Vb1a1RRZR,LABEL_1,0.9999164342880248,"[None, None, 'Alberta towns']",,
Flood girl @CarrieTait on the front lines 24/7 : Emergency operations centre in Calgary. Buzzing. . #ABflood http://t.co/5sYuhdRCgl,LABEL_1,0.999919295310974,"['Alberta', 'Calgary', None]",,
RT @yychelps: @buzzbishop have you signed up on yychelps.ca? We need everyone near and far. This is just the beginning! #yychelps #yycflood,LABEL_1,0.999874472618103,"[None, 'Calgary', None]",,
@mollymcfarlane flight got delayed 2 weeks cause the flood in Calgary!! Flying out Saturday :),LABEL_1,0.9999172687530518,"[None, 'Calgary', None]",,
RT @PatOndabak: Stephen Harper has now relegated fake #abflood relief duties and fraudulent concern to his fake loving wife http://t.co/tlV…,LABEL_1,0.9998977184295654,"['Alberta', None, None]",,
"RT @markusoff: RT @SUNRenatoGandia: no plans to confiscate guns in Calgary, not a course of action: Burrell #yycflood",LABEL_1,0.9999160766601562,"[None, 'Calgary', None]",,
We're driving east on one of the westbound lanes of the TransCanada Hwy. That's the eastbound lane. #abflood http://t.co/WnTXy2vlDk,LABEL_1,0.9999063014984132,"['Alberta', None, 'TransCanada Hwy']",,
RT @kellyrigg: PM Harper: I've seen..flooding in Calgary before. I don't think any of us have seen anything like this before http://t.co/…,LABEL_1,0.9999189376831056,"[None, 'Calgary', None]",,
There is a copy of Titanic floating in our basement. Bit hilarious. #yycflood,LABEL_1,0.999891757965088,"[None, 'Calgary', 'basement']",,
Central Calgary evacuated in floods http://t.co/kvVoiSTr38,LABEL_1,0.9999159574508668,"[None, None, 'Central Calgary']",,
"RT @EndTimeHeadline: CATASTROPHIC FLOODING: The Bow River's in Canada waters rose, along with the Elbow River's, washing away roads and... …",LABEL_1,0.9999172687530518,"[None, None, 'Canada']",,
RT @petebozo: View of Banff and Bow Valley from Tunnel Mountain #abflood http://t.co/Rgkpzc5TvD,LABEL_1,0.9999186992645264,"['Alberta', None, 'Tunnel Mountain']",,
. groundwater in buildings is the biggest #yycflood  problem in east part of  #beltline now . http://t.co/gqlWhs0Pde,LABEL_1,0.9999185800552368,"[None, 'Calgary', None]",,
RT @Jmalks: It's going to take Calgarians a long time to scoop all the water out of the saddledome with one cup. #yycflood #yyc #yeg #Calga…,LABEL_1,0.999919295310974,"[None, 'Edmonton', 'saddledome']",,
.@WaterStudies MT @Thomsonkristy: Told Black Diamond has 1 day safe drinking water left in system #abflood http://t.co/sgGxV3yJJp,LABEL_1,0.9999088048934937,"['Alberta', None, None]",,
"RT @MetroFletch: Roads will be closed Monday, but for a good reason, @nenshi says: Canada Day celebrations. #yycflood",LABEL_1,0.999908447265625,"[None, 'Calgary', None]",,
Thanks @timhortons! Sweet relief for Alberta flood victims | Globalnews.ca http://t.co/LY4KlInJwQ #abflood,LABEL_1,0.9999167919158936,"['Alberta', None, None]",,
"RT @TacklingOurDebt Major Flooding: Calgary and Surrounding Areas. June 21, 3013 #yycflood | Tackling Our Debt - http://t.co/CXmHMvKKOr",LABEL_1,0.9999184608459472,"[None, 'Calgary', None]",,
RT @cityofcalgary: Blue cart service will remain suspended the week of July 2 - 5.. http://t.co/7grCWhXxQU #yycflood,LABEL_1,0.9999164342880248,"[None, 'Calgary', None]",,
Helping clean up the flood destruction in my city #yycflood #calgary ##yycstrong #community http://t.co/0oMiz2JN6p,LABEL_1,0.9999170303344728,"[None, 'Calgary', None]",,
Ontario volunteers arrive in Alberta to aid flood victims http://t.co/2EYkeFibPK,LABEL_1,0.9999164342880248,"['Alberta', None, None]",,
Big thanks goes to these hardworking and still smiling @ENMAX workers #yyc #yycflood #enmax  http://t.co/zSMsy7mpti,LABEL_1,0.9999102354049684,"[None, 'Calgary', None]",,
"Some scary heartbreaking things going on here in Calgary , crazy floods #yycflood #calgarystrong",LABEL_1,0.999915599822998,"[None, 'Calgary', None]",,
The State of Local Emergency for the City of Lethbridge has been lifted. Effective as of 10am today. #YQL #abflood,LABEL_1,0.9999189376831056,"['Alberta', None, 'Lethbridge']",,
Scratch that. Two buses now. #abflood,LABEL_1,0.9999171495437622,"['Alberta', None, None]",,
RT @680News: Spirit of Albertans during floods is what makes Canada great: Harper http://t.co/uJ41dlW2Yy,LABEL_1,0.9999161958694458,"[None, None, 'Canada']",,
RT @udat55: Any one here about the flood in calgary?,LABEL_1,0.9999157190322876,"[None, 'Calgary', None]",,
@aldjohnmar @SassyScout great seeing you both today.  Keep up the great work.  Glad I could chip in. #abflood #yyc,LABEL_1,0.9998570680618286,"['Alberta', 'Calgary', None]",,
"RT @CTVPKrauskopf: Portable toilets being set up in Bowness, Sunnyside & Elbow Park.  Sewers not yet up to capacity. #abflood #yycfood",LABEL_1,0.999919295310974,"['Alberta', None, 'Elbow Park']",,
RT @jannarden: The way Alberta has dealt with the recent horrific round of flooding(s)- is nothing short of F$&@ing amazing.. Proud to be #…,LABEL_1,0.9999176263809204,"['Alberta', None, None]",,
RT @bifnaked: Red Cross is there! Continuing to help families affected by #Abflood Donate to @redcrosscanada http://t.co/MGsbIYy7A5  Please…,LABEL_1,0.9999175071716307,"['Alberta', None, None]",,
@mijustin nowhere close to what Calgary is experiencing. But there are a few riverside structures and homes at risk.,LABEL_1,0.9999173879623412,"[None, 'Calgary', 'rivers']",,
The river is getting crazy high here in Cochrane. Pray for so many already affected in Calgary and http://t.co/zpgGcDYu2A,LABEL_1,0.9999178647994996,"[None, 'Calgary', 'http']",,
RT @FrontRowCharity: Heart warming! Cambodian orphans donate to help Alberta flood victims http://t.co/GUCAINAqHd,LABEL_1,0.9999172687530518,"['Alberta', None, None]",,
RT @CBCCalgary: Medicine Hat plans to close the Trans-Canada Bridge as of 1900MT/2100ET.  #abflood #yyc #,LABEL_1,0.9999194145202636,"['Alberta', 'Calgary', 'Trans']",,
RT @UnitedWayCgy: Kudos to @innfromthecold @calgarydropin & other agencies taking care of our city's most vulnerable during #yycflood.,LABEL_1,0.9999181032180786,"[None, 'Calgary', None]",,
Hoping everyone in Southern Alberta is doing ok and managing alright after that #abflood.,LABEL_1,0.9999148845672609,"['Alberta', None, 'Southern Alberta']",,
RT @GlobalEdmonton: Calgary residents to begin applying for disaster relief funding http://t.co/BtIbmmb3Xj #yyc #yycflood #abflood,LABEL_1,0.9999167919158936,"['Alberta', 'Calgary', None]",,
RT @aldjohnmar: Look at this inspiring yet tragic video about our City... http://t.co/WA3OyRodov #yyc #yyccc #yycflood,LABEL_1,0.9999117851257324,"[None, 'Calgary', None]",,
RT @TeranceNSmith: PLS. RT! Dog Found at 40th Ave NW & 2nd St NW #yycflood He is at the Calgary North Veterinary Hospital on 4th St. http:/…,LABEL_1,0.99990975856781,"[None, 'Calgary', '4th St']",,
Alberta flood losses as high as $5 billion | Insight - Yahoo! Finance Canada http://t.co/C0towVY9ue via @YahooFinanceCA,LABEL_1,0.9999158382415771,"['Alberta', None, None]",,
@tvchick13 Any idea of general progress clean-upwise? Are you hearing of any area that is no longer needing volunteers? #yycflood,LABEL_1,0.9999103546142578,"[None, 'Calgary', None]",,
"RT @flooddrunk: Not sure about this water hoarding business, but I'm definitely participating in liquor hoarding. #yycflood",LABEL_1,0.9999186992645264,"[None, 'Calgary', None]",,
@CTVPKrauskopf: Mayor @nenshi says even though tap water may taste different than ususal - it is safe to drink.  #yycflood #abflood,LABEL_1,0.9999189376831056,"['Alberta', 'Calgary', None]",,
RT @ReidFiest: .@calgarystampede says it is not drawing external resources in its clean-up #yyc #yycflood,LABEL_1,0.999919056892395,"[None, 'Calgary', None]",,
@calstampeders Hey there any chance for a bit a shout out for us in #medhat dealing with a similar cleanup in #abflood,LABEL_1,0.9999178647994996,"['Alberta', None, None]",,
"RT @MetroFletch: Is it ok to punch neighbours who are watering their lawns? Only lightly, @nenshi says. #yycflood",LABEL_1,0.9999041557312012,"[None, 'Calgary', None]",,
RT @redcrosscanada: We are accepting financial donations to assist people affected by flooding in Alberta: http://t.co/Xd9mbM2uj8 #abflood,LABEL_1,0.9999165534973145,"['Alberta', None, None]",,
Residents and volunteers continue the arduous flood cleanup effort in the Erlton neighbourhood. #abflood #chlive http://t.co/421XdgnrjQ,LABEL_1,0.9999171495437622,"['Alberta', None, 'Erlton neighbourhood']",,
"RCMP will continue quad patrols in High River, residents still being urged to stay away #yycflood",LABEL_1,0.9999176263809204,"[None, 'Calgary', 'High River']",,
#canadanews Food donations needed following Southern Alberta floods of June 2013: Tragedy unfolded in Southern... http://t.co/LFhpOmavxA,LABEL_1,0.9999160766601562,"[None, None, 'Southern']",,
RT @suncorenergy: More details for Suncor employees looking for info on SunCares grants in support of Alberta flooding relief efforts: http…,LABEL_1,0.9999181032180786,"['Alberta', None, None]",,
RT @660News: ?RT @NHLFlames have made a $1 million donation to Canadian Red Cross for Alberta flood relief efforts! http://t.co/Yqf1UgAuyk,LABEL_1,0.9999172687530518,"['Alberta', None, None]",,
RT @Cmdr_Hadfield: Floods are an unbridled misery. My heartfelt thoughts and wishes for a swift recovery to those battling the Alberta high…,LABEL_1,0.9999182224273682,"['Alberta', None, None]",,
RT @justinforabite: @NTNL17 Just ran out food!  We are CLOSED!!!  Raised 3000.00 dollars for the @RedCrossAB!!! #yycflood thanks Mission/Be…,LABEL_1,0.9999176263809204,"[None, 'Calgary', None]",,
Hope everyone is safe and sound #abflood,LABEL_1,0.9999164342880248,"['Alberta', None, None]",,
"RT @markusoff: Overheard in the newsroom: a lot of talk about hippos today. Calgary, flood and zoo. Surreal story by @natstechyson: http://…",LABEL_1,0.9998700618743896,"[None, 'Calgary', None]",,
"@BeejShackleton: Time for some shut eye #sotired sleep well and for those starting their day, stay safe out there :) #OMGP #yycflood",LABEL_1,0.9998693466186525,"[None, 'Calgary', None]",,
Sunset and big water in Calgary #yycflood #calgarystrong @ Bow river http://t.co/BrBVZmXXOc,LABEL_1,0.9999175071716307,"[None, 'Calgary', 'Bow river']",,
RT @GlobalCalgary: Virtual Tour: Flooding aftermath at the Calgary Zoo - http://t.co/IpjGn3q8d4 #yycflood,LABEL_1,0.999916672706604,"[None, 'Calgary', 'Calgary Zoo']",,
RT @MrSilverScott: Proud to say @TravelAlberta is still one of the most beautiful places in Canada to visit and neither flooding nor forest…,LABEL_1,0.9997591376304626,"[None, None, 'Canada']",,
"RT @ampcalgary: Downtown has been broken up into five zones, with each grid to be re-energized as they can. #yycflood",LABEL_1,0.9999176263809204,"[None, 'Calgary', 'Downtown']",,
"RT @ShitNenshiHasto: I can't believe I have to say this, but paddle boating is not allowed on the Bow River either. #yycflood",LABEL_1,0.9999068975448608,"[None, 'Calgary', 'Bow River']",,
Mayor @nenshi Pls. RT residents must visit a re-entry site prior to returning home. Re-entry centres are still being established #yycflood,LABEL_1,0.9999139308929444,"[None, 'Calgary', None]",,
RT @KimMeroniuk: Doesn't this idiot know what's going on in the city at the moment? #douchebag #yycflood http://t.co/kYSb8JfSTB,LABEL_1,0.9998520612716676,"[None, 'Calgary', None]",,
The sunset was stunning tonight - a nice reprieve for all Calgarians.  #yycflood #yychelps,LABEL_1,0.9999191761016846,"[None, 'Calgary', None]",,
RT@Mookalicious:Wanna see approximately what the Saddledome would look like with the first 10 rows flooded?! #abflood http://t.co/TmUXBgXclq,LABEL_1,0.9999189376831056,"['Alberta', None, 'Saddledome']",,
Canada floods: Three killed as waters threaten Calgary - BBC News http://t.co/f7XYXdrDEf,LABEL_1,0.9999161958694458,"[None, 'Calgary', 'Canada']",,
RT @Ladamedemocracy: PLS. RT! Dog Found at 40th Ave NW & 2nd St NW #yycflood He is at the Calgary North Veterinary Hospital on 4th St. http…,LABEL_1,0.999910831451416,"[None, 'Calgary', '4th St']",,
"Alberta flood recovery could take 10 years, says premier http://t.co/7o4NFvNNlQ  #cdnpoli #abpoli",LABEL_1,0.9999182224273682,"['Alberta', None, None]",,
RT @BBCWorld: In pictures: Alberta floods http://t.co/pb7GUAnZ0p,LABEL_1,0.9999171495437622,"['Alberta', None, None]",,
"Holy cow!! My heart goes out to Calgary- used to live here!! :( #PlsHelp -- Epic Flooding in Calgary, By the Numbers http://t.co/tXkdHCsWYb",LABEL_1,0.9999178647994996,"[None, 'Calgary', None]",,
RT @JesseLebert: Liking this guy more and more! MT @amandapreece: @nenshi Stay the $*&!! off the river! #yycflood http://t.co/cZf63p1Sx3,LABEL_1,0.9992528557777404,"[None, 'Calgary', None]",,
@Bell_Mobility: Help support Alberta flood relief efforts & donate $5 by texting REDCROSS or ROUGE to 30333. #abflood #YEG #YYC,LABEL_1,0.9999154806137084,"['Alberta', 'Calgary', None]",,
We have tons of food from CRAFT BBQ! what #yyc place can we drop it off at? #abflood #food #redcross,LABEL_1,0.9998617172241212,"['Alberta', 'Calgary', None]",,
BC Hydro to help flood-ravaged Alberta - http://t.co/l0qb6wtaDM,LABEL_1,0.9999163150787354,"['Alberta', None, None]",,
RT @trentjohnsen: This pretty much says it all about this great city! @StephaniePelley: Well played @calgarystampede. #yycflood http://t.co…,LABEL_1,0.9998654127120972,"[None, 'Calgary', None]",,
Tragic day. The Calgary Public Library could only let us sign out 10 books - the computer system has been down since the flood. #sadkids,LABEL_1,0.9999127388000488,"[None, None, 'Calgary Public Library']",,
"RT @calgaryherald: Mount Royal, University of Calgary and SAIT are closed for Monday and Tuesday. #yyc #yycflood",LABEL_1,0.9999189376831056,"[None, 'Calgary', 'University of Calgary']",,
RT @CalgaryPolice: Aerial photo of flooding at the Calgary Stampede Grandstand. #yycflood http://t.co/mcxO9RekKQ,LABEL_1,0.999918818473816,"[None, 'Calgary', None]",,
RT @WestJet: Please limit non-urgent calls to us while we focus on guests affected by #abflood and those with immediate travel needs.,LABEL_1,0.999916672706604,"['Alberta', None, None]",,
Thinking of my family out west! Stay safe.  #yycflood,LABEL_1,0.9999194145202636,"[None, 'Calgary', 'west']",,
RT @markusoff7m High River Q: can this town be saved? Ops manager: You bet. #abflood,LABEL_1,0.9999182224273682,"['Alberta', None, 'High River']",,
RT @redcrosscanada: Our guide to flood recovery has useful info for people returning home in Alberta. PDF:  http://t.co/FcTFg6JwWv #abflood,LABEL_1,0.9999169111251832,"['Alberta', None, None]",,
RT @calgaryherald: Many Calgary small businesses will be in jeopardy due to flood triple whammy: Chamber president http://t.co/COIzIafKzk…,LABEL_1,0.9999185800552368,"[None, 'Calgary', None]",,
Thank you to @LocoLous for a great golf event yesterday.  Very excited to hear you are donating all proceeds to the Flood Relief #yycflood,LABEL_1,0.99991774559021,"[None, 'Calgary', None]",,
Energy giant ConocoPhillips steps up with $1million donation for Calgary flood recovery|Calgary|Calgary Sun http://t.co/mck4Lpi8Ws #yycflood,LABEL_1,0.9999157190322876,"[None, 'Calgary', None]",,
"RT @tvchick13: Wow. Just, wow. #yyc #abflood Photo courtesy J Dowd. http://t.co/ydwpseoIEt",LABEL_1,0.9999135732650756,"['Alberta', 'Calgary', None]",,
"RT @beverlypilbeam: Downtown with no lights, crazy #yycflood http://t.co/HTlBKbVJOE",LABEL_1,0.9999160766601562,"[None, 'Calgary', 'Downtown']",,
RT @abtranscomm: Crews hard work pays off #Hwy1 opens 2 lanes near Canmore. Way to go! #ABFlood #abroads @BanffNP,LABEL_1,0.9999173879623412,"['Alberta', None, 'Canmore']",,
Looks like my running trail is under water.. #yycflood #abflood #cochrane http://t.co/13RcPQKAPu,LABEL_1,0.99991774559021,"['Alberta', 'Calgary', 'cochrane']",,
"RT @WestJet: Thank you to @redcrosscanada for leading #abflood relief efforts. We'd like to offer a donation of $25,000 to assist your work.",LABEL_1,0.9999179840087892,"['Alberta', None, None]",,
RT @calgaryherald: Premier Redford reacts to gutted gift shop in flooded High River. Photo by @LorraineHjalte #abflood #chlive http://t.co/…,LABEL_1,0.9999176263809204,"['Alberta', None, 'High River']",,
"So devastating :( who knew this would happen to us, praying for all of you stay safe ???? #yycflood #calgarystrong http://t.co/asSOqX5lrQ",LABEL_1,0.9999191761016846,"[None, 'Calgary', None]",,
RT @AmandaMsteph: Medicine hat residents told to prepare for trans-canada bridge to close by 7 pm tonight. Flood will split city in two. #m…,LABEL_1,0.999914050102234,"[None, None, 'trans-canada']",,
"Mayor: 'Can't control Mother Nature': CNN's Paula Newton reports on the devastating flooding in Calgary, Alber... http://t.co/PkWtUasCHK",LABEL_1,0.9999182224273682,"[None, None, 'Calgary, Alber']",,
@michaelmuhney you were recently in eastern Canada take a look at western Canada Calgary Alberta and surrounding areas r under water,LABEL_1,0.99981027841568,"[None, None, 'Calgary Alberta']",,
Flames say lower part of Saddledome 'total loss' from flooding: The Calgary Flames say everything below row ei... http://t.co/4YU1T18ayS,LABEL_1,0.99991774559021,"[None, None, 'Saddledome']",,
RT @KimMcNeilYoga: #yychelps tip: Drink lots of water to help minimize stiffness the next day. We need to keep #yycflood heroes in good sha…,LABEL_1,0.999919295310974,"[None, 'Calgary', None]",,
RT @tedhenley: SCAM ALERT–fake sites are pretending to accept $$ for #ABFlood #yycflood relief @redcrosscanada is the best place: http://t.…,LABEL_1,0.9999189376831056,"['Alberta', 'Calgary', None]",,
Alberta’s spirit emerges from the water: http://t.co/g4Vc792G0h #ABflood #yycfloods,LABEL_1,0.9999181032180786,"['Alberta', None, None]",,
@AFPCalgary hoping our Southern Alberta colleagues are safe. Let us know if you require help #ABflood,LABEL_1,0.9999158382415771,"['Alberta', None, 'Southern Alberta']",,
"RT @CalgaryWildlife: Baby beaver  orphaned in the flood, requires long term rehab. Best way to help is monetary donations #yycflood http://…",LABEL_1,0.9999151229858398,"[None, 'Calgary', None]",,
RT @chimaincalgary: Mayor Nenshi thanking workers who are building a new MacLeod Trail in the old median!  #yycflood http://t.co/Q3TpmtZHKP,LABEL_1,0.9998992681503296,"[None, 'Calgary', 'Mac']",,
RT @redcrosscanada: Red Cross accepting financial donations to assist people affected by flooding in Alberta: http://t.co/Xd9mbM2uj8  #abfl…,LABEL_1,0.9999172687530518,"['Alberta', None, None]",,
“@calgarysun: Report a Flood Hero! Tell us about people stepping up to help in #abflood cleanup http://t.co/SJ7eFar85F #abfloodhero”,LABEL_1,0.9999167919158936,"['Alberta', None, None]",,
RT @ampcalgary: Elbow expected to drop 60% and Bow 25% today #yycflood #CalgaryStrong,LABEL_1,0.9999179840087892,"[None, 'Calgary', None]",,
Remember all that bottled water you panic-bought? MT @CalgaryFoodBank Still in need of bottled water for Siksika and Morley #yyc #yycflood,LABEL_1,0.9999169111251832,"[None, 'Calgary', None]",,
Calgary residents allowed to return as floods recede http://t.co/L3Qr0d7SEp,LABEL_1,0.9999171495437622,"[None, 'Calgary', None]",,
RT @LukaszukMLA: Red ribbon on doors depicts evacuated home. 1300 homes evacuated in @medicinehatcity #abflood #ableg http://t.co/9lAYTcHrxy,LABEL_1,0.9999182224273682,"['Alberta', None, '@medicinehatcity']",,
"RT @cityofcalgary: Reminder, residents of Deer Run, Quarry Park, Riverbend and Douglasdale can return home #yycflood",LABEL_1,0.9999191761016846,"[None, 'Calgary', 'Douglasdale']",,
Hang in there Calgary #yycflood,LABEL_1,0.9999179840087892,"[None, 'Calgary', None]",,
"RT @iancaldwellCTV: Downstream from Calgary, Medicine Hat braced for its own flood crisis via @CTVNews http://t.co/LvTOX81HgD",LABEL_1,0.9999181032180786,"[None, 'Calgary', 'Medicine Hat']",,
RT @billmckibben: pictures of Calgary flooding are truly astonishing http://t.co/KO6Qz04Zed,LABEL_1,0.9999176263809204,"[None, 'Calgary', None]",,
Treat all water as potentially contaminated. Always wear the proper safety gear around #yycflood,LABEL_1,0.999919295310974,"[None, 'Calgary', None]",,
"RT @Jasonphilp: @Tzeporah @ezralevant How much has green peace raised from calgary, and how much are they contributing to flood relief?",LABEL_1,0.9999181032180786,"[None, 'Calgary', None]",,
RT @660News: Nenshi There could be an upstream event that could lead to another surge of water on the Bow #yycflood,LABEL_1,0.9999194145202636,"[None, 'Calgary', 'Bow']",,
"I know the situation is still very serious, but does anyone else feel better now that it has stopped raining? #yycflood",LABEL_1,0.9999101161956788,"[None, 'Calgary', None]",,
RT @ampcalgary: via @lonnietaylor Two lanes of road washed into the Elbow River on Macleod Trail beside Earlton Station. #yycflood http://t…,LABEL_1,0.999919295310974,"[None, 'Calgary', 'Earlton Station']",,
RT @CstShaw: Best part about a day off in #yyc? We can all get out and volunteer for #yycflood relief! Join me in #Bowness today.,LABEL_1,0.9999144077301024,"[None, 'Calgary', 'Bowness']",,
"Birdies, Eagles = DeLaet Dollars For Calgary Flood Relief Efforts http://t.co/nIUKSPGgKT #pga #golf",LABEL_1,0.9999158382415771,"[None, 'Calgary', None]",,
"RT @dianefrancis1: .@globalnews great photo gallery of Calgary areas, before and after flood http://t.co/xGl2OLDI1w",LABEL_1,0.999915599822998,"[None, None, 'Calgary areas']",,
RT @CBCScott: City wants 600-1000 ppl to volunteer to help w reentries. Meet at McMahon Stadium at 10 am. #yyc #abflood #,LABEL_1,0.9999176263809204,"['Alberta', 'Calgary', 'McMahon Stadium']",,
RT @cspaceprojects: cSPACE King Edward opening for nonprofits & artists impacted by #yycfloods - more info at CADA http://t.co/3DrvjHbrPH #…,LABEL_1,0.9999182224273682,"[None, None, 'cSPACE King Edward']",,
RT @Katrina_0987: A view of the flooded river from a trail in #Cranston #yycflood #calgarystrong http://t.co/8gIgQEZwdB,LABEL_1,0.9999176263809204,"[None, 'Calgary', 'Cranston']",,
Flooding in Southern Alberta have changed the Rockies forever. #yyc #yycflood #abflood #abstorm Great Article http://t.co/AmTx2PXUTt,LABEL_1,0.9999159574508668,"['Alberta', 'Calgary', 'Rockies']",,
@PonchoParker: @MHNMcCuaig is doing a stellar job of keeping MH citizens informed #mhflood .Thank you. Yes excellent work!,LABEL_1,0.9998958110809326,"[None, None, None]",,
HUGE thanks to the FSD tech and leadership teams for bringing systems online as best as possible in these catastrophic conditions! #ABflood,LABEL_1,0.9999161958694458,"['Alberta', None, None]",,
RT @SPCanada: Help us respond to southern Alberta flooding! Text AID to 20222 to donate $10! #yycflood #yychelps #abflood,LABEL_1,0.9999146461486816,"['Alberta', 'Calgary', 'southern Alberta']",,
RT @CBCAlerts: Medicine Hat to close TransCanada Hwy bridge tonight  . Closure effectively cuts city in half #abflood,LABEL_1,0.99991774559021,"['Alberta', None, 'TransCanada Hwy']",,
RT @glenbowmuseum: Suggestions from Glenbow staff on how to treat #yycflood damaged art & artifacts http://t.co/QlBeGknok3. Implement @ you…,LABEL_1,0.9999165534973145,"[None, 'Calgary', 'Glenbow']",,
RT @travelwithrandy: “@redcrosscanada: Red Cross accepting financial donations to assist people affected by flooding in Alberta: http://t.c…,LABEL_1,0.9999172687530518,"['Alberta', None, None]",,
Our hearts are with all those who have been impacted by the devastating floods in Alberta. For the next two... http://t.co/KRbvkBbaBi,LABEL_1,0.9999157190322876,"['Alberta', None, None]",,
Faith in our hands: Calgary MB churches respond to flood | The ... -  Love seeing the tangible ways our partner... http://t.co/G7QwJOAm9B,LABEL_1,0.9999158382415771,"[None, None, 'Calgary MB churches']",,
RT @AB_EmergAlert: High Water Level Alert Jun21 509PM Take necessary precautions. Kneehill County http://t.co/B6uO3E9qa7 #ABemerg #ABflood,LABEL_1,0.999915599822998,"['Alberta', None, 'Kneehill County']",,
RT“@GlobalCalgary: VIDEO: @Nenshi has an update on areas open downtown tomorrow http://t.co/iZDOTr8T1t #yycflood”,LABEL_1,0.999919295310974,"[None, 'Calgary', None]",,
Why Alberta's floods hit so hard and fast http://t.co/vP5EomK1A8 #yyc #abflood,LABEL_1,0.9999173879623412,"['Alberta', 'Calgary', None]",,
RT @BTEdmonton: This happened because of us. Just saying. http://t.co/jqAjHVdQu0 @ElectDanielle @Shawn_Wiebe #ABflood,LABEL_1,0.9997554421424866,"['Alberta', None, None]",,
"Jamesons &amp; Rolling Rock with Darren, Tommy #albertaflood (@ Ship &amp; Anchor Pub) http://t.co/SD3ik2ZpHw",LABEL_1,0.9984139204025269,"[None, None, 'Anchor Pub']",,
RT @DaveMustaine: My thoughts go out to our friends and family in #Calgary with the recent devastating floods.,LABEL_1,0.9999141693115234,"[None, 'Calgary', None]",,
RT @AaronCatsMedia: @calstampeders please help and rt!\Stolen during the #calgary flood. Last seen in blue pickup. Reward offered. http://t…,LABEL_1,0.9999184608459472,"[None, 'Calgary', None]",,
"Flooding kills 3, forces 75,000 from Calgary homes http://t.co/r4gjv3uDoB | AP #news",LABEL_1,0.9999181032180786,"[None, 'Calgary', None]",,
@metrocalgary the high river info,LABEL_1,0.9999170303344728,"[None, None, None]",,
Is Alberta Flooding a Sign of Climate Change? http://t.co/2xC2GkDF8h,LABEL_1,0.9999147653579712,"['Alberta', None, None]",,
RT @YYCFlood: For those on the Telus network who wish to donate text REDCROSS to 30333 #yycflood #yychelps,LABEL_1,0.9999184608459472,"[None, 'Calgary', None]",,
Can't get in to see your doc? Family doctors in flood zone redirecting patients #abhealth #yycflood http://t.co/wniWfsAMYT,LABEL_1,0.999918818473816,"[None, 'Calgary', None]",,
RT @660News: Evacuation zone downtown widened to include 11th and 12th Avenues and between  14th Street W and Centre Street E. #YYCFlood,LABEL_1,0.9999184608459472,"[None, 'Calgary', 'Centre Street E']",,
"RT @markusoff: So, so not good. @42megasxlr: #yycflood Saddledome water level about 9 rows up http://t.co/NnPNZlpqiH",LABEL_1,0.999919056892395,"[None, 'Calgary', 'Saddledome']",,
RT @NHLFlames: #yyc - some communities reopened to residents today! http://t.co/wGtYeCc8hK has the full list. #yycflood #WeAreCalgary,LABEL_1,0.9999195337295532,"[None, 'Calgary', None]",,
.@Support @TwitterCanada Please increase the API for @yychelps as they are doing a phenomenal job of helping #yycflood victims. #yyc @nenshi,LABEL_1,0.9999152421951294,"[None, 'Calgary', None]",,
Not a quick fix.  Check out Mayor Nenshi's 8:30 pm update.  State of Local Emergency declared - Calgary Flood http://t.co/CMWsDBRWXJ,LABEL_1,0.9999103546142578,"[None, None, None]",,
Communities downstream from Calgary braced for their own flood crises via @CTVNews http://t.co/iEBX8qsO13,LABEL_1,0.9999164342880248,"[None, 'Calgary', None]",,
At least the sun is finally out and hopefully it will stay like that #yyc #yycflood #crazy http://t.co/DpiJ5QqgCP,LABEL_1,0.999823272228241,"[None, 'Calgary', None]",,
Love seeing all the volunteers at McMahon today!  Definitely going to take part as much as possible!  #yycstrong #yycflood #LoveThisCity,LABEL_1,0.999898076057434,"[None, 'Calgary', 'McMahon']",,
RT @CitytvEdmonton: Live updates on #ABflood all morning on @BTedmonton as we team up with @BTcalgary. Stay with us.,LABEL_1,0.999918818473816,"['Alberta', None, None]",,
"RT @ABHumanServices: Doors opened at #yyc Bowness pre-paid spot w/ ~ 300 ppl in line. Mood is upbeat, people thanking volunteers #abflood h…",LABEL_1,0.99991774559021,"['Alberta', 'Calgary', 'yyc Bowness pre']",,
RT @BuzzFeedNews: Canadian floods claim at least three lives and force evacuation of downtown Calgary http://t.co/skQChnwoSF http://t.co/Eb…,LABEL_1,0.999916672706604,"[None, None, 'downtown Calgary']",,
RT @Mookalicious: This pic of an awesome firefighter in Mission needs to go viral.  Please share! #abflood http://t.co/H1YF3RhJZs,LABEL_1,0.999918818473816,"['Alberta', None, 'Mission']",,
"RT @WestJet: Thank you to @redcrosscanada for leading #abflood relief efforts. We'd like to offer a donation of $25,000 to assist your work.",LABEL_1,0.9999179840087892,"['Alberta', None, None]",,
RT @SUNRenatoGandia: UPDATED: Calgary police say woman who was found dead in flood died from drowning #yycflood http://t.co/fGdG9krX67,LABEL_1,0.999916672706604,"[None, 'Calgary', None]",,
My prayers are with those affected by the #yycflood,LABEL_1,0.9999161958694458,"[None, 'Calgary', None]",,
RT @nmc_canada: VIDEO: Incredible time-lapsed footage of the future NMC site flooding c/o @EarthCam. #yycflood\http://t.co/zB3szCsRjq,LABEL_1,0.9999169111251832,"[None, 'Calgary', None]",,
Worked on clean-up of flood ravaged Riverdale in downtown Calgary today. Kudos to all involved. Happy Canada Day! http://t.co/Os7dtDWl4b,LABEL_1,0.999916672706604,"[None, None, 'downtown Calgary']",,
"Alberta Floods: Affected Communities and Road Closures http://t.co/E48tMM4lzf and is the Stampede on? *Hell or High Water, Calgary Stampede*",LABEL_1,0.9999181032180786,"['Alberta', None, None]",,
All community counselling programs are still running during the flood. Call our temporary hotline at (403) 604-6689. #yychelps #yycflood,LABEL_1,0.9999186992645264,"[None, 'Calgary', '403']",,
Calgary flood victims looking to government for help - Most insurance policies don't cover the kind of flooding th... http://t.co/VyGMCQYxJ7,LABEL_1,0.9999170303344728,"[None, 'Calgary', None]",,
103.9 The Juice Top News Stories:\\-The recent flooding in Alberta has forced the cancellation of many blood donor... http://t.co/gzoN0BYGme,LABEL_1,0.9999178647994996,"['Alberta', None, None]",,
RT @metrocalgary: Search and rescue volunteers doing ‘anything and everything’ in Calgary flood relief http://t.co/FiBThtWYcs #yycflood,LABEL_1,0.9999164342880248,"[None, 'Calgary', None]",,
"From higher ground, checking-out waterlogged downtown #yyc communities #yycflood http://t.co/Tx2wEAuyLK",LABEL_1,0.9999181032180786,"[None, 'Calgary', 'downtown #yyc communities']",,
RT @track_star1500: Did Diane Brennan really compare the Colliery Dam bursting to the flooding in Alberta? Pretty sure it is nowhere close …,LABEL_1,0.99991774559021,"['Alberta', None, None]",,
Can't wait for all the flood babies to be born 9 months from now #yycfloods #floodofsemen,LABEL_1,0.9999165534973145,"[None, None, None]",,
RT @CCAceliac: CCA #Calgary Chapter accepting #glutenfree food to help those affected by flooding disaster. 403-237-0304 #yyc @GFyyc http:/…,LABEL_1,0.9999175071716307,"[None, 'Calgary', '403']",,
"RT @GlobalCalgary: BREAKING: 10,000 people expected to evacuate Medicine Hat by 10 a.m. tomorrow: http://t.co/qNob70m9eV #abflood",LABEL_1,0.9999183416366576,"['Alberta', None, 'Medicine Hat']",,
RT @cityofcalgary: We're asking people to register their volunteer availability: http://t.co/dcy2DaXxaY #yychelps #yycflood,LABEL_1,0.9999179840087892,"[None, 'Calgary', None]",,
Happy to see @UPEI send this out to @UPEIAlumni located in #Alberta. #ABFlood http://t.co/35B4hG36mE,LABEL_1,0.9999117851257324,"['Alberta', None, None]",,
RT @ABPremierComms: .@Premier_Redford announces $1 billion in initial funding for #abflood relief #ableg,LABEL_1,0.9999172687530518,"['Alberta', None, None]",,
"RT @YYCBoarder: Crazy shot of downtown #yyc, taken from a returning Westjet flight. Things are getting bad!#CalgaryFlood #yycflooding http:…",LABEL_1,0.9999171495437622,"[None, 'Calgary', 'downtown #yyc']",,
Calgary floods: What you need to know now http://t.co/duJn94DUZP,LABEL_1,0.9999176263809204,"[None, None, None]",,
RT @___Danno: Harper gvt turned down invitation to attend: Secret meeting on climate dangers convened last summer #abflood #cdnpoli http://…,LABEL_1,0.9998996257781982,"['Alberta', None, None]",,
RT @tomaszkmiec: Great to see @kenneyjason yesterday helping w/ unload + setup of cots for evacuated Calgarians #abflood http://t.co/Dvq5Zb…,LABEL_1,0.9999183416366576,"['Alberta', None, None]",,
RT @CalgaryPolice: Aerial photo of flooding at Prince's Island Park. #yycflood http://t.co/C8Fz1cGWdK,LABEL_1,0.999918818473816,"[None, 'Calgary', ""Prince's Island Park""]",,
Please help our union brothers and sisters as they clean up from the flooding in Calgary and Southern Alberta. http://t.co/PoUCoByHC6,LABEL_1,0.9999161958694458,"[None, 'Calgary', 'Southern Alberta']",,
RT @nenshi: The Calgary Foundation has established a flood recovery fund. This is a great place to make donations. http://t.co/z6iasSbG9Q,LABEL_1,0.9999169111251832,"[None, None, None]",,
"Driving by, I had to stop. This is Alice and her beautiful Baby. All this is going to #Siksika. #YYCFlood #calgary http://t.co/HbeCSZIB0g",LABEL_1,0.9998459815979004,"[None, 'Calgary', 'Siksika']",,
"#tornado in #Quebec , Flood in #Alberta , heavy rain in #Vancouver !! whats goin on in #Canada",LABEL_1,0.9999170303344728,"['Alberta', 'Vancouver', 'Canada']",,
The greatest good is what we do for one another ~ Mother Theresa #yyc #yycflood #abflood #yychelps,LABEL_1,0.9999181032180786,"['Alberta', 'Calgary', None]",,
RT @CBCNews: PHOTOS: Hundreds of Siksika First Nation homes lost to flood   http://t.co/SKfP8T3kPT Pics by @johnrieti #abflood #ChicagoBrid…,LABEL_1,0.9999186992645264,"['Alberta', None, 'ChicagoBrid']",,
So no access to downtown until at least mid week. @CJAY92 #ABFLOOD,LABEL_1,0.9998891353607178,"['Alberta', None, 'downtown']",,
Temporary housing planned in Calgary for High River flood evacuees: The city and province is teaming up to setup... http://t.co/zT6PUJ4sgQ,LABEL_1,0.9999152421951294,"[None, 'Calgary', None]",,
#marketingcloud Come Hell or High Water: Calgary’s Flood of Social Media Mentions http://t.co/koRSPijv0e,LABEL_1,0.9999171495437622,"[None, 'Calgary', None]",,
RT @Ladamedemocracy: PLEASE RT! Have you seen Nacho?Lost little dog needs his meds. #yycflood #calgary Owner contact on photo: http://t.co/…,LABEL_1,0.9999089241027832,"[None, 'Calgary', None]",,
Typical back lane in Sunyside now. Poor residents with old homes and basements. #yyc #yycflood http://t.co/o4ecH9pCqe,LABEL_1,0.9999158382415771,"[None, 'Calgary', 'Sunyside']",,
"RT @Edmontonsun: Wonderful news! In less than 48 hours, roughly $2.1 million has been raised for #ABflood relief efforts, says Cdn. Red Cro…",LABEL_1,0.9999179840087892,"['Alberta', None, None]",,
"RT @TimHortons: Help us recover, restore & rebuild #Alberta. Text “FLOOD” to 45678 to donate $5 to the Canadian Red Cross Flood Relief effo…",LABEL_1,0.9999159574508668,"['Alberta', None, None]",,
"RT @calgaryherald: Clean-up work is underway in a very messy, flooded Bragg Creek. More photos: http://t.co/dqtAzlGGMm #abflood #chlive htt…",LABEL_1,0.9999169111251832,"['Alberta', None, 'Bragg Creek']",,
RT @YYCFlood: UPDATE: RCMP now say the highway (1 & 1a) b/w Banff & Canmore may NOT open today. #yycflood #abflood,LABEL_1,0.9999184608459472,"['Alberta', 'Calgary', 'Canmore']",,
"@d_gilmerCFRE @cfcalgary @CF_Hamilton Waiting to see how they do against the Stamps ! Calgary strong, flood and all ! @cfcalgary",LABEL_1,0.9998385906219482,"[None, 'Calgary', None]",,
"RT @Urban_Su: He waited over 40 days to visit QC after their floods, but had photo-op in Calgary in days. For anti-QC, pro-AB regionalism, …",LABEL_1,0.9999148845672609,"[None, 'Calgary', 'QC']",,
Edmontonians cleaning up after flooding: City of Edmonton officials said they will be reviewing how they... http://t.co/mFp4KlNd54,LABEL_1,0.9998934268951416,"[None, None, None]",,
"RT @BBCWorld: Alberta, Canada, battles widespread flooding - thousands evacuated from central Calgary http://t.co/Df13aTP3ed http://t.co/cs…",LABEL_1,0.9999160766601562,"[None, None, 'central Calgary']",,
RT @TownOfHighRiver: High River remains under a state of emergency and a mandatory evacuation alert. #highriver #abflood,LABEL_1,0.9999157190322876,"['Alberta', None, 'High River']",,
Prayer List: Flooding in Canada Causes 75000 People to Evacuate http://t.co/X6L4pHOF4D,LABEL_1,0.9999164342880248,"[None, None, 'Canada']",,
@DR_djr thanks! Checking with owner! #yycflood,LABEL_1,0.9999136924743652,"[None, 'Calgary', None]",,
Oh crap RT @CalgaryPolice: Aerial photo of flooding around the Saddledome. #yycflood http://t.co/7euJ1iVx6m,LABEL_1,0.999919295310974,"[None, 'Calgary', 'the Saddledome']",,
RT @nicolesnote: This is where @glengreer & I lived in 2005 flood-- so much worse this time :( RT @fayvintcent: Erlton #yycflood http://t.c…,LABEL_1,0.9999110698699952,"[None, 'Calgary', 'Erlton']",,
RT @redcrosscanada: Thanks everyone for your support! Here's how to support our response to flooding in Alberta: http://t.co/Xd9mbM2uj8 #ab…,LABEL_1,0.9999181032180786,"['Alberta', None, None]",,
"@Big_Spike Brother, my city Calgary had huge flood. Aug 24th flood raiser. Any chance you can help line up a proper act? Ill fly you out!!",LABEL_1,0.9999164342880248,"[None, 'Calgary', None]",,
RT @CTVdavidspence: Beautifully done video of the #Calgary flood.  Must see.  #yyc  http://t.co/NRe4GuWzu9,LABEL_1,0.9999176263809204,"[None, 'Calgary', None]",,
"@500Cucina OPEN & I am currently enjoying their sandwich!  #inglewoodpizza also open, Sending Wade down there now, #eat #local #yycflood",LABEL_1,0.9993614554405212,"[None, 'Calgary', None]",,
Taxpayers federation wants Alberta to introduce emergency budget to deal with flooding disaster http://t.co/cITiqzzvWn #abpoli,LABEL_1,0.9999165534973145,"['Alberta', None, None]",,
Canadian Institute of Plumbing & Heating is donating to Cdn Red Cross Alberta Flood funds. You can too: http://t.co/hkdpYyyE3c ….,LABEL_1,0.9999182224273682,"['Alberta', None, None]",,
RT @Jmalks: It's going to take Calgarians a long time to scoop all the water out of the saddledome with one cup. #yycflood #yyc #yeg #Calga…,LABEL_1,0.999919295310974,"[None, 'Edmonton', 'saddledome']",,
"@jlstoon No plans for tomorrow following @nenshi suggestion tomorrow on Canada day, take a break.  We have a lot of work ahead  #yycflood",LABEL_1,0.9998003840446472,"[None, 'Calgary', None]",,
RT @cityofcalgary: There will be fireworks at 10:45 pm off the centre street bridge for #canadaday #yycflood,LABEL_1,0.999919295310974,"[None, 'Calgary', 'centre street bridge']",,
Was *just* talking abt this re #abflood RT @AskDocG Want kids who appreciate what they've got? These kids have answer http://t.co/jmhAsyWBhB,LABEL_1,0.9998927116394044,"['Alberta', None, None]",,
Hoping my family is okay in Canmore Alberta ! Thinking of you! #albertaflood #staysafe #abflood ???,LABEL_1,0.9999147653579712,"['Alberta', None, 'Canmore Alberta']",,
"RT @Daorcey: Please share: #yyc water still very safe to drink, but please conserve http://t.co/jnSZNDF5xt #yycflood",LABEL_1,0.9999196529388428,"[None, 'Calgary', None]",,
RT @katewmak: Brett Wilson of dragon's den will donate $1 to $50k max if you retweet #OMGP for the #yycflood,LABEL_1,0.9999159574508668,"[None, 'Calgary', None]",,
RT @LD_StVital: RT @kbruce237: This pic of an awesome firefighter in Mission needs to go viral. Please share! #yycflood @redcrosscanada...,LABEL_1,0.9999178647994996,"[None, 'Calgary', 'Mission']",,
RT @StarbucksCanada: Make a difference in #Alberta. Visit your participating store to make a donation to the Red Cross #abflood http://t.co…,LABEL_1,0.99991774559021,"['Alberta', None, None]",,
"Well said, Carrie. RT “@CarrieMumford #yycflood: Alberta Flooding – The Inside Scoop From a Calgarian: http://t.co/1HWeNmG1wc. #abflood”",LABEL_1,0.9999176263809204,"['Alberta', 'Calgary', None]",,
RT @KyleBakx: Bonnybrook bridge this morning in Cgy. Broken deck is touching the Bow River. # #abflood http://t.co/r3OohDDtky,LABEL_1,0.9999159574508668,"['Alberta', None, 'Bow']",,
It aint all bad “@CBCCalgary Thanks to Bryce Jablonski for this photo taken in Bridgeland during the #YYCFLOOD #YYC http://t.co/2OsHkOjgun”,LABEL_1,0.9992237091064452,"[None, 'Calgary', 'Bridgeland']",,
More than 100 buildings being assessed ahead of possible demolition http://t.co/MSxpXf5Hni #abflood,LABEL_1,0.999919056892395,"['Alberta', None, None]",,
"RT @zoeyscloset: “@harry_historian: Flood news from @calgaryherald, June 26, 1915—98 years ago this week. http://t.co/EMSmYTc7tx #yycflood …",LABEL_1,0.9999151229858398,"[None, 'Calgary', None]",,
RT @alicyaperreault: Hey @PeopleOfCanada Brett Wilson will donate $1 to #abflood relief for every RT of hashtag #OMGP spread the word please,LABEL_1,0.9999175071716307,"['Alberta', None, None]",,
RT @CCAceliac: CCA #Calgary Chapter accepting #glutenfree food to help those affected by flooding disaster. 403-237-0304 #yyc @GFyyc http:/…,LABEL_1,0.9999175071716307,"[None, 'Calgary', '403']",,
RT @SanJoseSharks: All those affected by #abflood #yycflood are in our thoughts and prayers right now.  Stay safe @NHLFlames & Calgary area!,LABEL_1,0.9999160766601562,"['Alberta', 'Calgary', 'Calgary area']",,
RT @LomoLynn: I'll donate $1 from each shirt sale to the #abflood recovery http://t.co/ohF5rw9RRF #machetesomethingYEG,LABEL_1,0.9999176263809204,"['Alberta', None, None]",,
WATCH: Owner of Alberta flood cat shocked to see feline paddle to safety #ABFlood http://t.co/kVY8W85Y33 via @huffpostalberta #yycflood,LABEL_1,0.9999169111251832,"['Alberta', 'Calgary', None]",,
RT @cityofcalgary: .@nenshi all $ collected through @CalgaryParking on street metres/lots will be dedicated to #yycflood relief,LABEL_1,0.999916672706604,"[None, 'Calgary', None]",,
"Vast area of Canada hit by floods, up to 100,000 told to flee (via @news360) http://t.co/NwUr3sNrYg",LABEL_1,0.9999170303344728,"[None, None, 'Canada']",,
"RT @Worldbierhaus: Any cps, ems or fire fighters that have worked around the clock 2 help with the #abflood please stop by n lunch is on us…",LABEL_1,0.9999182224273682,"['Alberta', None, None]",,
RT @adolwyn: Guys. Ridiculously photogenic firefighter HAS A TWIN BROTHER. #yyc #yycflood http://t.co/j2ytuktcBr,LABEL_1,0.9999169111251832,"[None, 'Calgary', None]",,
RT @cityofcalgary: New maps available for communities where evacuations have been lifted: http://t.co/uMxHTMNkZw #yycflood,LABEL_1,0.9999179840087892,"[None, 'Calgary', None]",,
RT @NHLBlackhawks: Our thoughts are with our friends at @NHLFlames and everyone affected by the #yycflood! Stay safe!,LABEL_1,0.999918818473816,"[None, 'Calgary', None]",,
Victoria Park train station at 12:30 pm. #yycflood http://t.co/NAKi30vyUr,LABEL_1,0.999848484992981,"[None, 'Calgary', 'Victoria Park train station']",,
"RT @sunterryjones: Fans donated to $553,703.70 to the Red Cross for flood relief in Southern Alberta. Pretty good for twitchy eyed, machete…",LABEL_1,0.9999151229858398,"[None, None, 'Southern Alberta']",,
"RT @sunterryjones: Fans donated to $553,703.70 to the Red Cross for flood relief in Southern Alberta. Pretty good for twitchy eyed, machete…",LABEL_1,0.9999151229858398,"[None, None, 'Southern Alberta']",,
RT @HuffPostAlberta: Tim Hortons creates 'Alberta Rose' doughnut to raise cash for flood relief (PHOTO) #ABflood http://t.co/1dynfdFjBh,LABEL_1,0.9999165534973145,"['Alberta', None, 'Albert']",,
Dear #yeg I would love to offer my time and some vino to any flood relief projects. Please feel free to get in touch with me. #YYCflood,LABEL_1,0.9999186992645264,"[None, 'Calgary', None]",,
RT @HeatherYourex: Phone lines are again working at Chinook Regional Hospital (Lethbridge) #abhealth #abflood,LABEL_1,0.999919056892395,"['Alberta', None, 'Chinook Regional Hospital (Lethbridge)']",,
"Rivers receding in Calgary, 3 dead in floods http://t.co/FZvAUw6YQY",LABEL_1,0.999915361404419,"[None, 'Calgary', None]",,
Wow. 14th St bridge backed up with cars all the way to about 24th Ave SW. Crazy. #yycflood,LABEL_1,0.999918818473816,"[None, 'Calgary', '24th Ave SW']",,
Canada: Three confirmed dead as floods hit Calgary http://t.co/1IQDXXfUat,LABEL_1,0.9999158382415771,"[None, None, 'Calgary http']",,
@maymarrmylove @karahbonbon @nenshi GO!!! They are saying its going to be 3 times worse than the 2005 floods. #besafe,LABEL_1,0.9998680353164672,"[None, None, None]",,
RT @SunDaveDormer: Bruce Burrell says downtown won't be accessible until at least the middle of next week #yycflood,LABEL_1,0.9999179840087892,"[None, 'Calgary', 'downtown']",,
"RT @washingtonpost: AP: 75,000 people evacuate downtown Calgary; 3 dead in flooding http://t.co/H9nkXj5m12",LABEL_1,0.999916672706604,"[None, 'Calgary', 'downtown']",,
Wow. “@AndrwLvngstn: This is shocking stuff: The photo on the main page of the Calgary Herald website #yycflood http://t.co/Vg75zQXI5V”,LABEL_1,0.9999052286148072,"[None, 'Calgary', None]",,
Alberta Flood – Trans Canada Highway 1 Flood Near Canmore Great post from Mary!.. http://t.co/Oyl9zt7Dpd,LABEL_1,0.9999182224273682,"['Alberta', None, 'Canmore']",,
RT @LisaOstrikoff: Hey @WBrettWilson * #OMGP * ~ w/ this tweet u will donate $1 to #YYCFlood Relief! ~ FRIENDS! RT +reach $50K goal! #yyche…,LABEL_1,0.999916672706604,"[None, 'Calgary', None]",,
RT @InglewoodYYC: Praying hard for East #Inglewood today. RT @dinnerwithjulie So much land eroded #yycflood http://t.co/5bkcmv03Ub,LABEL_1,0.9999182224273682,"[None, 'Calgary', 'East #Inglewood']",,
"RT @Mookalicious: They needed 600 volunteers at McMahon stadium, 7,000 showed up. 6,300 turned away. Staggering!!  #abflood http://t.co/LsO…",LABEL_1,0.9999186992645264,"['Alberta', None, 'McMahon stadium']",,
"For after every storm, there will be light. #yycflood #calgarystrong",LABEL_1,0.9999173879623412,"[None, 'Calgary', None]",,
"@cityofcalgary @nenshi rt for safe reliable bonded contractors to repair your furnace or HVAC, go to smcaa.ca for a complete list! #yycflood",LABEL_1,0.9999178647994996,"[None, 'Calgary', None]",,
"RT @LeeHorbachewski: Grateful for all the amazing acts of generosity, kindness, bravery and courage in #yyc #yycfloods http://t.co/HAyCVJtW…",LABEL_1,0.9999101161956788,"[None, 'Calgary', 'yyc']",,
What a humbling day...at this moment I am simply grateful and will be back at it tomorrow #BeKind #mhflood #medhat #d4Kin #abflood #giveback,LABEL_1,0.9998934268951416,"['Alberta', None, None]",,
Thoughts and prayers to everyone whose lost their home due to flooding :( #yycflood hopefully all my friends and family are safe out there!,LABEL_1,0.9999160766601562,"[None, 'Calgary', None]",,
RT @NateInVegas: I'll donate $1 (up to $500) for every retweet this gets to help someone affected by the flood in #Calgary #Canmore #High R…,LABEL_1,0.9999167919158936,"[None, 'Calgary', 'Canmore']",,
RT @BadPortraits: Only 5.5 hours left to order your #scubanenshi shirts and help those in need!  http://t.co/5Fg3Np6uuC #abflood @nenshi,LABEL_1,0.999915599822998,"['Alberta', None, None]",,
Thats the map on calgary.ca #yycflood,LABEL_1,0.9999184608459472,"[None, 'Calgary', None]",,
"RT @TelegraphNews: At least three killed and 75,000 evacuated after days of catastrophic flooding in Calgary http://t.co/sVSPev1WnE (AP) ht…",LABEL_1,0.9999167919158936,"[None, 'Calgary', None]",,
RT @garybtvnews: City to post street addresses TODAY on web for returning evacuees:Details @GlobalCalgary #yycflood #abflood http://t.co/Rz…,LABEL_1,0.9999169111251832,"['Alberta', 'Calgary', None]",,
"RT @VanCanucks: Missed it? To help those affected by flooding in #Alberta, Rogers customers can donate $5 to Red Cross by texting AB-HELP t…",LABEL_1,0.999915361404419,"['Alberta', None, None]",,
How the fuck did Alberta flood out like that.,LABEL_1,0.9999176263809204,"['Alberta', None, None]",,
RT @ampcalgary: Another Saddledome pic -- we'll have exclusive photos of Stampede Ground damage to come from our tea #yycflood http://t.co/…,LABEL_1,0.9999182224273682,"[None, 'Calgary', 'Saddledome']",,
"RT @GlobalCalgary: Please restrict your water use as much as possible, says @nenshi - don't wash your car!  #yycflood",LABEL_1,0.9999194145202636,"[None, 'Calgary', None]",,
RT @BDeCillia: RCMP says it rescued 2 people in High River today.  Both women didn't heed warnings to get out of town.  #abflood #,LABEL_1,0.9999172687530518,"['Alberta', None, 'High River']",,
RT @CstShaw: Special thanks to @ROCKYMTNHONDA for hooking us up with new wheels for a few days. #yycflood #yyc http://t.co/PiK2SAWb1T,LABEL_1,0.999842882156372,"[None, 'Calgary', None]",,
@JoelleHaney @John_Thibeau Free market forces only work if: 1) Sellers can charge what ever 2) Buyers can choose to buy or not  #abflood,LABEL_1,0.9997069239616394,"['Alberta', None, None]",,
RT @markusoff: IT'S ARRIVED. THE NUMBER: @crudereporter: BMO estimates cost of 2013 #abflood damage could be as high as $3.75-BILLION,LABEL_1,0.9999158382415771,"['Alberta', None, None]",,
"@PIGEH @DarthJasdeep @sandeepdulai hey just heard abt the floods in calgary, are u guys ok? Has it affected u guys?",LABEL_1,0.9999164342880248,"[None, 'Calgary', None]",,
"Rivers receding in Calgary, 3 dead in floods: read more http://t.co/TZmmgQuXEh",LABEL_1,0.9999152421951294,"[None, 'Calgary', None]",,
#abflood is trending. I hope it doesn't become #Saskflood. My heart goes out to the residents of the flooded communities.,LABEL_1,0.9999144077301024,"['Alberta', None, None]",,
Is #God is punishing #ABFlood victims  for #Alberta's #ClimateChange crimes? Also...Does @ezralevant like new #IndoorPool in his #YYC condo?,LABEL_1,0.9999173879623412,"['Alberta', 'Calgary', 'YYC']",,
@ABPremierComms @ndnstyl I'd be happy to assist if you will STOP BULLYING BC ABOUT THE #PIPELINE #yycflood #medhat,LABEL_1,0.999740183353424,"[None, 'Calgary', None]",,
But enough..Bigger concerns in life (#yycflood) to focus on rather than debate  what Chevy apparently isn't doing.,LABEL_1,0.9998921155929564,"[None, 'Calgary', None]",,
RT @Starbucks: RT @StarbucksCanada: Visit participating Canada stores to donate to Red Cross #abflood http://t.co/l0p2y7056k,LABEL_1,0.9999184608459472,"['Alberta', None, 'Canada']",,
"RT @Tamara_Elliott: Local businesses keep coming forward to help #yycflood victims, here's the updated list of free services: http://t.co/J…",LABEL_1,0.99991774559021,"[None, 'Calgary', None]",,
RT @cgoomansingh: Calgary Stampede online store selling Come hell or high water T-shirts to raise money for flood victims. @GlobalNational,LABEL_1,0.9999173879623412,"[None, None, None]",,
"RT @Edmontonsun: Wonderful news! In less than 48 hours, roughly $2.1 million has been raised for #ABflood relief efforts, says Cdn. Red Cro…",LABEL_1,0.9999179840087892,"['Alberta', None, None]",,
Its really beautiful to see the city coming together and everyone supporting one another #abflood #yycflood,LABEL_1,0.999915361404419,"['Alberta', 'Calgary', None]",,
RT @BrandonPrust8: Hope everyone in Calgary is doing ok. That great city and all the ppl in it are in my thoughts #yycflood,LABEL_1,0.9999178647994996,"[None, 'Calgary', None]",,
RT @vanrennenberg: A plaque along the oldman river in #lethbridge. Showing ~15 foot difference between June '95 and now #yql #ABFlood http:…,LABEL_1,0.9999158382415771,"['Alberta', None, 'lethbridge']",,
RT @Chris_M_Palmer: @HaskayneAlumni @WBrettWilson is giving $1 for every mention of #OMGP on twitter towards #yycflood relief. Spread it on…,LABEL_1,0.9999059438705444,"[None, 'Calgary', None]",,
@ArleneDickinson Looks like @betteryyc might have found me a trucker to ship water! It's happening! ;) #siksika #abflood,LABEL_1,0.9998698234558104,"['Alberta', None, 'siksika']",,
When @raminkarimloo tweets about the flooding. ?????? save me please!! #yycfloods,LABEL_1,0.999918818473816,"[None, None, None]",,
Three-time Olympic gold medalist @wick_22 on right now re: her help w/ #ABflood @BTCalgary.,LABEL_1,0.9999090433120728,"['Alberta', None, '@useralgary']",,
Red Cross raises $2.1M so far for Alberta flood relief http://t.co/wARAtppjW2,LABEL_1,0.9999148845672609,"['Alberta', None, None]",,
I am getting pretty sick of douchebags going on about climate change. Be tactful and at least wait till we aren't homeless #yycflood,LABEL_1,0.9998916387557985,"[None, 'Calgary', None]",,
RT @greggzaun: so proud of you Jays Fans.  $644 for the flood victims in Calgary.  #Classy,LABEL_1,0.9999161958694458,"[None, 'Calgary', None]",,
"#yycflood Pile o' basement on the front lawn, patient driver-helper waving  in traffic. http://t.co/UKtsTrURhi",LABEL_1,0.9998891353607178,"[None, 'Calgary', None]",,
RT @CIAwesome: Tired of seeing flood pictures? Us too so here's some awesome stories from #yycflood to share instead http://t.co/ctOJX2bpwJ…,LABEL_1,0.9999189376831056,"[None, 'Calgary', None]",,
RT @markusoff: IT'S ARRIVED. THE NUMBER: @crudereporter: BMO estimates cost of 2013 #abflood damage could be as high as $3.75-BILLION,LABEL_1,0.9999158382415771,"['Alberta', None, None]",,
"RT @UNVolunteers: The spirit of #volunteerism comes through in response to the floods in Calgary, Canada: http://t.co/uAV5vydRAo #actioncou…",LABEL_1,0.9999181032180786,"[None, None, 'Canada']",,
"RT @WestJet: Thank you to @redcrosscanada for leading #abflood relief efforts. We'd like to offer a donation of $25,000 to assist your work.",LABEL_1,0.9999179840087892,"['Alberta', None, None]",,
"RT @AP: Flooding rivers in Canadian city of Calgary recede, some evacuees allowed back to their homes: http://t.co/Azihio2fTo -SS",LABEL_1,0.9999163150787354,"[None, None, 'Canadian city of Calgary']",,
RT @Crackmacs: The current state of Macleod trail beside the Stampede grounds http://t.co/rDwvzgWXyO #yyc #yycflood,LABEL_1,0.9999178647994996,"[None, 'Calgary', 'Macle']",,
RT @NHLFlames: Looking for a way to help #abflood & #yycflood victims? Donate to the @redcrosscanada relief efforts ~ http://t.co/Xxothrnu73,LABEL_1,0.9999173879623412,"['Alberta', 'Calgary', None]",,
VIDEO: Canada floods leave three dead http://t.co/8gRHv3uRoM,LABEL_1,0.9999170303344728,"[None, None, 'Canada']",,
RT @YourAlberta: Water cannot be pumped out of #HighRiver homes in dry areas until sewer system is back online. #abflood via @TownOfHighRiv…,LABEL_1,0.9999163150787354,"['Alberta', None, 'HighRiver']",,
"Calgary: we just had a flood and a train derailment, now we anxiously await a @Halestorm",LABEL_1,0.9999167919158936,"[None, 'Calgary', None]",,
"Alberta cat, owner in the spotlight after dramatic flood photo http://t.co/lKKj7KhRit via @CTVNews",LABEL_1,0.9999167919158936,"['Alberta', None, None]",,
How is buddy doing during the ab floods @Bateman11 ?? I'm sure he wishes he could be in Calgary helping out !,LABEL_1,0.9999159574508668,"[None, 'Calgary', None]",,
RT @Crackmacs: This guy Jason drove in from #Saskatoon to pump out basements for free https://t.co/2sBofkwwNb #yychero #yyc #yycflood #yych…,LABEL_1,0.9998867511749268,"[None, 'Calgary', None]",,
Space station ‘disaster cam’ captures views of flooded #Calgary from orbit http://t.co/UndOediutX #abflood #ISS #NASA,LABEL_1,0.9999172687530518,"['Alberta', 'Calgary', None]",,
RT @Rhiannon: Want to help? The @CalgaryDropIn needs transit tickets/passes and donations: https://t.co/zHkswLkpxY #yycflood #abflood #yych…,LABEL_1,0.9999176263809204,"['Alberta', 'Calgary', None]",,
Our staff are the best-helping out all the evacuees in Blackie!! #abflood http://t.co/diDLsDikBQ,LABEL_1,0.9999183416366576,"['Alberta', None, 'Blackie']",,
RT @ChelseyJade2: Does anyone know where we can volunteer tomorrow ?! #yycflood,LABEL_1,0.9999175071716307,"[None, 'Calgary', None]",,
“@BuildBrookfield: 2nd group of volunteers ready to head out and help with #yycflood relief! Happy to do what we can http://t.co/XFBptg00H6”,LABEL_1,0.999918818473816,"[None, 'Calgary', None]",,
RT @CTVNews: Some Albertans assessing flood damage as others head for higher grounds http://t.co/QNDFKf9En4 #abflood,LABEL_1,0.9999165534973145,"['Alberta', None, None]",,
"Yesterday the PMO sent out media advisory calling #abflood a photo op and public event. Forget victims, give Harper press. #cdnpoli",LABEL_1,0.9998936653137208,"['Alberta', None, None]",,
"RT @The_Gateway: Partying this weekend? Want to support #abflood relief efforts? Thanks to a #ualberta student, you can do both! http://t.c…",LABEL_1,0.9999183416366576,"['Alberta', None, 'ualberta']",,
RT @CampbellMLA: Touring Siksika Nation.  All this was all underwater just a few days ago.  #abflood http://t.co/ju6ReZ3fjE,LABEL_1,0.9999181032180786,"['Alberta', None, 'Siksika Nation']",,
Could someone please RT the volunteer registration number? #yycflood,LABEL_1,0.9999090433120728,"[None, 'Calgary', None]",,
More than 100 flood-damaged Calgary buildings may be demolished 0 http://t.co/whPc9OzN9s #flood,LABEL_1,0.9999165534973145,"[None, 'Calgary', None]",,
RT @jonathandglover: So happy @SuperStarSaver is helping #abflood victims. Clients log in to donate to @redcrosscanada and they'll match up…,LABEL_1,0.9999179840087892,"['Alberta', None, None]",,
@CTVCalgary @CBCCalgary this ring was found in flood waters by a plumber in the BY 6128 33rd Ave NW.  #yycflood http://t.co/fPFyAWM0Lp,LABEL_1,0.9999181032180786,"[None, 'Calgary', 'the BY 6128 33rd Ave NW']",,
"Bell just donated $100,000 to the red Cross for flooding relief in Calgary. You can donate now too http://t.co/a7Esb0seOt",LABEL_1,0.9999152421951294,"[None, 'Calgary', None]",,
Thinking of our fellow trustees (@albertatrustee) and all those affected by the #abflood Stay safe!,LABEL_1,0.9999171495437622,"['Alberta', None, None]",,
RT @wkonespot: Tsuu T'ina Nation Finding Higher Ground Treaty 7 Relief Benefit Concert needing volunteers #yycflood #yychelps http://t.co/G…,LABEL_1,0.9999170303344728,"[None, 'Calgary', None]",,
"STRIVE XTREME FITNESS WOD – JUNE 26, 2013\\Because of the amazing efforts of the Calgary flood emergency... http://t.co/BJC6XQFpyB",LABEL_1,0.9999117851257324,"[None, 'Calgary', None]",,
Updated pic of the dome #yycflood http://t.co/9BEmNpFr2I,LABEL_1,0.9999047517776488,"[None, 'Calgary', None]",,
Our hearts and prayers go out the the city of #MedicineHat right now. We hope they will be safe. #abflood #community,LABEL_1,0.9999175071716307,"['Alberta', None, 'MedicineHat']",,
"RT @CBCBryan Nenshi: Baker House, Mustard Seed, Inn from the Cold restored, Drop In Centre will re-open tmrw w/gen power. #abflood",LABEL_1,0.9999186992645264,"['Alberta', None, 'Inn from the Cold']",,
RT @cityofcalgary: Pls.RT residents asked to NOT to return prior to 1 p.m. #yycflood,LABEL_1,0.999919056892395,"[None, 'Calgary', None]",,
"RT @chimaincalgary: Nenshi:  Today, you won't see Calgary at its prettiest, but you will see Calgary at its best #yycflood #yyconward",LABEL_1,0.9999120235443116,"[None, 'Calgary', None]",,
RT @EricFrancis: Calgary Flames just announced a $1 million donation to the Canadian Red Cross. #yycflood,LABEL_1,0.9999171495437622,"[None, 'Calgary', None]",,
"Annnnddddd, we're back!  Power is on again for now. Felt totally blind as 3G wasn't working either #yycflood",LABEL_1,0.999902367591858,"[None, 'Calgary', None]",,
RT @HenrySingerInfo: Our thoughts and prayers go out to all the people of #Calgary and Southern Alberta. #yycflood #staysafe #staystrong,LABEL_1,0.999915599822998,"[None, 'Calgary', 'Southern Alberta']",,
"Medicine Hat 'as ready as we can be' for Alberta flood: Worried Medicine Hat, Alta., residents and officials w... http://t.co/Ct3kG4rNfD",LABEL_1,0.9999179840087892,"['Alberta', None, 'Medicine Hat, Alta.,']",,
RT @KenleyBrowne: We are here to laugh at the odds and live our lives so well that Death will tremble to take us. #staystrong #yycflood #ab…,LABEL_1,0.999914288520813,"[None, 'Calgary', None]",,
"RT @yychelps: If you NEED volunteers/supplies, please tweet us and we can help! Matching up volunteers with opportunities! #yycflood #yyche…",LABEL_1,0.9999167919158936,"[None, 'Calgary', None]",,
RT @ReaFaceToFace: Challenge: Get me a phone number for @TwitterCanada. This @yychelps & @yycflood suspension is ridiculous. #yycflood @Sup…,LABEL_1,0.9999018907546996,"[None, 'Calgary', None]",,
RT @CinemaCanadiana: Alberta TV and film productions awash after floods http://t.co/3FMtXGOUle,LABEL_1,0.9999183416366576,"['Alberta', None, None]",,
Hope Calgarians are enjoying their new lakefront property today. #lakeday #yycfloods,LABEL_1,0.999919295310974,"[None, None, None]",,
So sad to see all the people in Calgary and the surrounding area deal with this flooding. Prayers from Toronto x,LABEL_1,0.9999163150787354,"[None, 'Calgary', 'Toronto']",,
Crew of 10 with tools & strong backs ready in AM. Any recommendations? Know of seniors needing assistance?  #yyc #yycflood #wearecalgary,LABEL_1,0.999918818473816,"[None, 'Calgary', None]",,
RT @SmkDunn: Alberta RCMP confirm 2 dead bodies were recovered from the Highwood River near town of High River. #ABflood,LABEL_1,0.9999165534973145,"['Alberta', None, 'High River']",,
@nenshi you deserve a nap Mr. Mayor #yycflood,LABEL_1,0.9998985528945924,"[None, 'Calgary', None]",,
"Almost 200,000 evacuated due to Alberta flooding; 22 Alberta communities under states of emergency - @CBCAlerts http://t.co/jhN89WuWtJ",LABEL_1,0.9999164342880248,"['Alberta', None, 'Alberta communities']",,
"RT @JTreliving: Thousands were affected by devastating floods in Alberta this week. @bostonpizza @BostonPizzaFdn have committed $25,000 for…",LABEL_1,0.9999165534973145,"['Alberta', None, None]",,
RT @ENMAXEnergy: Power restored to Quarry Park. Complete list of current outages: http://t.co/NDxwHLyy4w  #yycflood,LABEL_1,0.9999183416366576,"[None, 'Calgary', 'Quarry Park']",,
RT @Diegirl: What really happended with PM Harper's wife & MLAs when they rolled through Roxboro/Rideau park helping. #yycflood https://t.c…,LABEL_1,0.9999159574508668,"[None, 'Calgary', 'Roxboro/Rideau park']",,
RT @CraigSavill: Spread the word....@WBrettWilson is donating $1.00 for every tweet or RT of hashtag #OMGP to max 50k for #yycflood,LABEL_1,0.9999164342880248,"[None, 'Calgary', None]",,
RT @PaulChapman22: This is the saddest thing I've seen all day... #harveythehound #flames #yycflood http://t.co/JKcsj7naG9,LABEL_1,0.9997335076332092,"[None, 'Calgary', None]",,
RT @StarbucksCanada: Make a difference in #Alberta. Visit your participating store to make a donation to the Red Cross #abflood http://t.co…,LABEL_1,0.99991774559021,"['Alberta', None, None]",,
RT @NateInVegas: I'll donate $1 (up to $500) for every retweet this gets to help someone affected by the flood in #Calgary #Canmore #High R…,LABEL_1,0.9999167919158936,"[None, 'Calgary', 'Canmore']",,
"RT @Terrilltf: #Siksika Flood, disaster, east section of Chicago bridge collapsed. http://t.co/T5nippIwiM via @Poks_Komapii #abflood",LABEL_1,0.9999167919158936,"['Alberta', None, 'Chicago bridge']",,
RT @aldjohnmar: 25th Avenue at 3rd St has collapsed into the Stampede grounds #yyc #yyccc #yycflood http://t.co/A4YU9VLpVp,LABEL_1,0.9999163150787354,"[None, 'Calgary', 'Stampede']",,
I think pp from outta town would have a hard time 'getting' the volunteer show up in Ctown. Restaurants feeding folks for free. #yycflood,LABEL_1,0.9999105930328368,"[None, 'Calgary', 'Ctown']",,
Calgary road closures: http://t.co/zRF3NeEwGE - and this is why I like @google #yycflood,LABEL_1,0.9999182224273682,"[None, 'Calgary', None]",,
@Cmdr_Hadfield please watch and RT. I am a #HighRiver evacuee trying to do my part to help #abflood http://t.co/t60xn0yvtX,LABEL_1,0.999919056892395,"['Alberta', None, 'HighRiver']",,
RT @CBCScott: Cool pics. “@CIAwesome: PHOTOS: Calgary in the dark http://t.co/mCzK8zHxso #yycflood #WeAreCalgary”,LABEL_1,0.99991774559021,"[None, 'Calgary', None]",,
RT @NateInVegas: I'll donate $1 (up to $500) for every retweet this gets to help someone affected by the flood in #Calgary #Canmore #High R…,LABEL_1,0.9999167919158936,"[None, 'Calgary', 'Canmore']",,
RT @charlesadler: David Suzuki never passes up an opportunity to exploit misery. Good Morning Alberta http://t.co/xq089dnV5M  #YYCFlood,LABEL_1,0.9998780488967896,"['Alberta', 'Calgary', None]",,
"RT @washingtonpost: AP: 75,000 people evacuate downtown Calgary; 3 dead in flooding http://t.co/07QsneGwy7 Our neighbors. #p2 #nerdland",LABEL_1,0.9999165534973145,"[None, 'Calgary', 'downtown']",,
RT @rycoke: #yycflood #profiteering #abflood  QUEENSLAND LIQUOR STORE SE Suite 100-950 Queensland Dr SE. Do NOT support them! http://t.co/Z…,LABEL_1,0.9999175071716307,"['Alberta', 'Calgary', 'Queensland Dr SE']",,
Im lucky I live in westside Lethbridge cuz the flood hasnt hit me. But prayers to everyone it has affected. Especially Siksika &lt;3 #abflood,LABEL_1,0.999916672706604,"['Alberta', None, 'Lethbridge']",,
@Coheed Though many are displaced & in need of help. Local relief found by #yychelps + Donate to https://t.co/2VhgzDqT1X #yycflood #abflood,LABEL_1,0.9999185800552368,"['Alberta', 'Calgary', None]",,
"RT @Ethical_Oil: David Suzuki column conflating Alberta floods w/ climate change 'offensive, ill-timed' http://t.co/m6XlC9VjZq",LABEL_1,0.9999163150787354,"['Alberta', None, None]",,
Fire Chief: They deemed that other bridge safe for us to use so we are going by their expertise  #yycflood  #src http://t.co/LlLm1CsVfB,LABEL_1,0.9999139308929444,"[None, 'Calgary', None]",,
RT @NealaBarton: The water is still raging as we make our way to Canmore. Powerful visuals. #abflood http://t.co/lyWQcU1gjS,LABEL_1,0.999916672706604,"['Alberta', None, 'Canmore']",,
Gratitude to the #yycflood volunteers coming to Bragg Creek to help. You are amazing. I'll definitely pay it forward. #yychelps,LABEL_1,0.9999182224273682,"[None, 'Calgary', 'Bragg Creek']",,
RT @CalgaryPolice: Please help us out and stay away from the water and closed bridges. Lets all be safe. #yycflood. #yyc.,LABEL_1,0.9999171495437622,"[None, 'Calgary', None]",,
RT @CTVCalgary: The flow is slowing down on the Bow and Elbow Rivers in Calgary #yyc #yycflood http://t.co/wPbtg2EmpV @CTVNews,LABEL_1,0.999919295310974,"[None, 'Calgary', 'yyc']",,
"RT @davidpellettier: If you are looking for something to do this weekend, why not volunteer and help the community #yycflood #Alberta #Volu…",LABEL_1,0.999918818473816,"['Alberta', 'Calgary', None]",,
"RT @GlobalCalgary: .@nenshi says ENMAX working to restore power to Cliff Bungalow, Mission, should be done by today. #yycflood",LABEL_1,0.9999189376831056,"[None, 'Calgary', 'Mission,']",,
"If you use the south C-train line regularly to get to DT you might want to start a #yycbike habit, it's closed for weeks! #yycflood #bikes",LABEL_1,0.9996745586395264,"[None, 'Calgary', 'DT']",,
"June 22, 8:30pm Scenes from the aftermath of the Calgary floods http://t.co/W6iCAa1aHS",LABEL_1,0.999915599822998,"[None, 'Calgary', None]",,
RT @FarahDhalla: #Evacuee update: Specialized services at reception centres are able to connect evacuees with medical services. #abflood @w…,LABEL_1,0.9999183416366576,"['Alberta', None, None]",,
#abflood High River's Scott & Lisa Graham lost everything. Pls share and help. http://t.co/cXi9x9kU5u via @FundRazr #yycflood,LABEL_1,0.99991774559021,"['Alberta', 'Calgary', 'High River']",,
Photo of the Day: Sheldon Kennedy helps out with Alberta flood relief with @redcrosscanada http://t.co/LuZGO2rNpo #abfloods,LABEL_1,0.9999171495437622,"['Alberta', None, None]",,
"@ProjectReality_ yeah I don't think any shops that have been flooded will be doing that, they just want to get dry and back to work.",LABEL_1,0.999907374382019,"[None, None, None]",,
"RT @holmes156: @BrynneBunny for how heartbreaking the flood has been, the calgary spirit has been just as uplifting. #yycflood",LABEL_1,0.9999178647994996,"[None, 'Calgary', None]",,
"RT @cbcDougDirks: @nenshi If you're still standing, @WBrettWilson donating $1 for every tweet, RT of hashtag #OMGP to max 50k for #yycflood…",LABEL_1,0.9999170303344728,"[None, 'Calgary', None]",,
@InglewoodYYC how's inglewood looking? Does anyone know when the power is suppose to come back on? #yycflood,LABEL_1,0.999919056892395,"[None, 'Calgary', 'inglewood']",,
Find loved ones affected by #abflood #siksikaflood #yycflood at Red Cross #SafeandWell site http://t.co/lF6GrFLTha Please RT & share :),LABEL_1,0.9999171495437622,"['Alberta', 'Calgary', None]",,
"Floods kill three, force 75000 from Calgary homes http://t.co/6ohvSVsFxE",LABEL_1,0.9999173879623412,"[None, 'Calgary', None]",,
RT @gccarra: It took years & tens of millions of $ to build the #HarviePassage & #yycflood redesigned it in 36hrs. http://t.co/zOTFaLUTpk,LABEL_1,0.9999077320098876,"[None, 'Calgary', None]",,
"RT @miissfiish: Thank you for everything you're doin in high river RCMP, volunteers, and Canadian forces. Means a ton to us #abflood http:/…",LABEL_1,0.9999175071716307,"['Alberta', None, 'high river']",,
all concerts at saddledome jepordized. McMahon stadium alternative? nimby stands in the way? #yycflood,LABEL_1,0.99979430437088,"[None, 'Calgary', 'nimby stands']",,
RT @CrossroadsComm: Some of our great volunteers making Spaghetti for evacuated seniors #yycflood http://t.co/SKn536cgHa,LABEL_1,0.999916672706604,"[None, 'Calgary', None]",,
@nenshi Are there resources for people who will be losing pay for time off work due to flood damage? #yycflood,LABEL_1,0.9999173879623412,"[None, 'Calgary', None]",,
Red Cross provides services to families affected by southern Alberta floods http://t.co/byZo2JGeSr,LABEL_1,0.999915599822998,"[None, None, 'southern Alberta']",,
Prayers go out to all the people that work for my dad that are stuck in the flooding in Calgary ??,LABEL_1,0.9999135732650756,"[None, 'Calgary', None]",,
RT @Mookalicious: Wanna see approximately what the Saddledome would look like with the first 10 rows flooded?! #abflood http://t.co/YEC5l3w…,LABEL_1,0.9999191761016846,"['Alberta', None, 'Saddledome']",,
RT @DaveMustaine: My thoughts go out to our friends and family in #Calgary with the recent devastating floods.,LABEL_1,0.9999141693115234,"[None, 'Calgary', None]",,
Quand ça va mal... #abflood #calgary @CBCCalgary: Train derails on bridge over Calgary's Bow River http://t.co/l4QbvzG1bB,LABEL_1,0.9999170303344728,"['Alberta', None, ""Calgary's Bow River""]",,
Mayor Nenshi urges Calgary businesses to remain low-key #abflood  http://t.co/3QjPj2h9YE,LABEL_1,0.999918818473816,"['Alberta', 'Calgary', None]",,
We are back out in #Sunnyside today at 7 Ave and 5 St NW - we've brought our food trucks with us so come by and have a bite on us #yycflood,LABEL_1,0.9999113082885742,"[None, 'Calgary', '7 Ave and 5 St NW']",,
4th bar!  Pig and duke on 12ave.  Officially wearing my flood pants! #yycflood #yycLifeJacketPubCrawl http://t.co/0zoI2ZLHKs,LABEL_1,0.99969744682312,"[None, 'Calgary', '12ave']",,
RT @CindyLouWho_2: is anyone (tv or web) broadcasting the upcoming briefing this afternoon? #yycflood #yyc,LABEL_1,0.9999057054519652,"[None, 'Calgary', None]",,
RT @rUv: Calgary spokesperson describes the current flooding situation in the downtown as Fluid &lt; really?,LABEL_1,0.9999172687530518,"[None, 'Calgary', 'downtown']",,
@CalgaryFoodBank we would like to bring more food to a neighbour I need where can we help? @RedCrossAB #yycflood #yyc @nenshi,LABEL_1,0.9999105930328368,"[None, 'Calgary', None]",,
RT@Genevieves: Rogers/Fido customers: make a $5 donation to help those in the affected regions by texting “ABHELP” to 4664 #yycflood #rogers,LABEL_1,0.9999179840087892,"[None, 'Calgary', None]",,
"RT @YourAlberta: DEBIT CARD update: to register for #abflood evacuee relief cards, call @RedCrossAB at 1-866-696-6484, not 311. http://t.co…",LABEL_1,0.9999185800552368,"['Alberta', None, None]",,
"@660News: Goal is to re-enter 6 communities today, maybe more: CEMA Director Bruce Burrell #yycflood",LABEL_1,0.999916672706604,"[None, 'Calgary', None]",,
RT @dinnerwithjulie: Please everyone stay away from south/east Inglewood-army is there and not letting anyone near. #yycflood http://t.co/n…,LABEL_1,0.9999178647994996,"[None, 'Calgary', 'south/east Inglewood-']",,
"@ChaseLandrySWMP Hey, just wondering if y'all can keep Alberta in your prayers, there's been millions evacuated from major flooding.",LABEL_1,0.999916672706604,"['Alberta', None, None]",,
RT @kettx: London Drugs on 8th street SW is charging people's electronics for free if they have no power. #yyc #yycflood,LABEL_1,0.9999161958694458,"[None, 'Calgary', '8th street SW']",,
RT @BonaventureNEWS: The Diocese of Calgary is accepting financial donations to assist the recent flood victims.  To donate: http://t.co/Ul…,LABEL_1,0.9999160766601562,"[None, None, None]",,
Rogers/Fido customers text ABHELP to 4664.100% goes to Red Cross flood support for Southern Alberta!,LABEL_1,0.9999154806137084,"[None, None, 'Southern Alberta']",,
"RT @Lesser12: If you want your donation to directly help those affected by the #yycflood and #abfloods, support @CalgFoundation  http://t.c…",LABEL_1,0.9999161958694458,"[None, 'Calgary', None]",,
Edison cres sw needs help come on down #yychelps #yycflood,LABEL_1,0.9999125003814696,"[None, 'Calgary', 'Edison cres sw']",,
Calgary’s Flooding Bruises Oil Patch Economy: Corporate Canada http://t.co/WPCduqcBrJ via @BloombergNews,LABEL_1,0.9999127388000488,"[None, 'Calgary', 'Canada']",,
RT @SparkAConvo: Hey Calgary!  So many volunteers today - where are people needed?  #yychelps #yycflood,LABEL_1,0.999918818473816,"[None, 'Calgary', None]",,
"Phew! @cityofcalgary has clarified. 12th/11th Ave zones are not evac zones, but restricted access zones. Makes me feel better. #yycflood",LABEL_1,0.999919056892395,"[None, 'Calgary', '12th/11th Ave']",,
"RT @GlobalCalgary: Mayor @nenshi says Even if it feels like the emergency has passed, your neighbours still need you. #yycflood",LABEL_1,0.9999183416366576,"[None, 'Calgary', None]",,
RT @GlobalCalgary: Time to help your city! Volunteers needed at McMahon Stadium at 10 am today. DETAILS: http://t.co/tjXEoTHOqP   #yycflood,LABEL_1,0.9999191761016846,"[None, 'Calgary', 'McMahon Stadium']",,
"RT @KikkiPlanet: After researching, good to know almost all accusations of #yycgreedy are FALSE. Learn what pre #yycflood $ is before accus…",LABEL_1,0.999782383441925,"[None, 'Calgary', None]",,
"RT @randychevrier: 1/2 @calstampeders fans, Friday night we are doing 'Whatever it Takes' for #yycflood victims. Bring donations, buy 50/50…",LABEL_1,0.9999185800552368,"[None, 'Calgary', None]",,
"RT @CansForCalgary: July 2-5, when you recycle your cans from #CanadaDay weekend, donate your refund to assist #abflood victims. #cansforca…",LABEL_1,0.9999181032180786,"['Alberta', None, None]",,
"Quick little reminder, please help out people who have lost everything http://t.co/d9eoofN7Ls",LABEL_1,0.999804437160492,"[None, None, None]",,
RT @ChuckRagan: Hope all of our Calgary friends are ok. Just received news of the devastating flood waters. Hang there. You're in our thoug…,LABEL_1,0.9999170303344728,"[None, 'Calgary', None]",,
"RT @BTCalgary: A Calgary exclusive! This year's Stampede Parade Marshal, @Cmdr_Hadfield, will be on BT today. #yycflood",LABEL_1,0.9998855590820312,"[None, 'Calgary', None]",,
"Apparently, Connaught isn't the best place to go for flood debit cards right now. No shade, hot day. #yycflood",LABEL_1,0.999915361404419,"[None, 'Calgary', 'Connaught']",,
RT @Ella4041: “@mookalicious: This pic of an awesome firefighter in Mission needs to go viral.  Please share! #abflood http://t.co/R9ZgCuc9…,LABEL_1,0.9999182224273682,"['Alberta', None, 'Mission']",,
@blakeshelton RT PLZ Telus has made it even easier to donate. Text REDCROSS to 30333 to donate $5 in support of #ABfloods #yycflood”,LABEL_1,0.9999181032180786,"[None, 'Calgary', None]",,
"@trevor_donald Climate change was discussed on the CBC Calgary noon show today, this is related. #abflood #yycflood",LABEL_1,0.99991774559021,"['Alberta', 'Calgary', None]",,
RT @PetersDriveIn: #yycflood #yyc Anyone in uniform - meal today only (Wed) is free as well! Thks for your efforts - people appreciate!! ??P…,LABEL_1,0.9999058246612548,"[None, 'Calgary', None]",,
@JCinQC The river running through Edmonton is higher than normal but no real flooding here. Unfortunately Southern Alberta bore the brunt.,LABEL_1,0.9999098777770996,"[None, 'Edmonton', 'Southern Alberta']",,
UPDATED: Alberta River Basin Advisories http://t.co/HI45YqQ2JA #abflood #yycflood,LABEL_1,0.9999172687530518,"['Alberta', 'Calgary', None]",,
Rain rain go away. These houses being flooded along the river. #abflood #floodpocalypse #calgaryflood… http://t.co/mkJCCPQxwi,LABEL_1,0.999915361404419,"['Alberta', None, None]",,
Video: Aljazeera - Flooding in Alberta takes lives: Flooding in the Canadian province of Alberta has killed at... http://t.co/fBWTA8abNy,LABEL_1,0.9999157190322876,"['Alberta', None, 'Canadian province of']",,
RT @Mommyknowz: Thank you!!! to @plumberlocal for providing free basement pumping for #yycflood victims!!  Contact them if you need some he…,LABEL_1,0.9999185800552368,"[None, 'Calgary', None]",,
RT @YYCFlood: PLZ RT! #CALGARY SOCK & MENS UNDERWEAR CHALLENGE! Fill the @calgarydropin's need by 1pm Wed! #yychelps #yycflood @yychelps #y…,LABEL_1,0.9999191761016846,"[None, 'Calgary', None]",,
Even the #yyc landscape depicted on the manhole shows a flooded city... But we will rebuild. #yycflood… http://t.co/N6w8R5IvJ6,LABEL_1,0.9999191761016846,"[None, 'Calgary', 'yyc']",,
"VIDEO:  Those considered with flooding in Mission, @TTighe has an update with your ward councilor @gccarra http://t.co/0Drog1Nodg #yycflood",LABEL_1,0.9999102354049684,"[None, 'Calgary', 'Mission']",,
"RT @DerekMartineau: Look at this ignorant fuck, my buddy sent me this! #abflood RT this asshole! http://t.co/PMGatIXKWu",LABEL_1,0.999664306640625,"['Alberta', None, None]",,
RT @ElectDanielle: Every day I deal with the #HighRiver #abflood I am more convinced that the local MLA must be involved to represent their…,LABEL_1,0.9999170303344728,"['Alberta', None, None]",,
RT @nadia_stewart: MT: “@ENMAX: UPDATED at 8:30 a.m. - list of outages: http://t.co/NAPZ5U0ghX     … Next update at 10:30 a.m. #yycflood” #,LABEL_1,0.9999104738235474,"[None, 'Calgary', None]",,
@JStaffz Look up on YouTube calgary floods 2013 you will see destruction,LABEL_1,0.9999147653579712,"[None, None, None]",,
I'm watching Alberta flood: latest updates http://t.co/HLJXgEK2FA via @ScribbleLive,LABEL_1,0.9999176263809204,"['Alberta', None, None]",,
"RT @wick_22: Please RT #omgp .... it costs @WBrettWilson $1.00 for #Yycflood every time!!!Just do it!! #abflood #yyc thanks Brett, love yo…",LABEL_1,0.9999133348464966,"['Alberta', 'Calgary', None]",,
Berm being rebuilt at Redwood Meadows #abflood http://t.co/s13bHLKX0v,LABEL_1,0.99991774559021,"['Alberta', None, 'Redwood Meadows']",,
IF Insurance Bureau of Canada declares natural disaster flooding called overland flooding says not covered #CALGARY DON'T PAY YOUR TAXES.,LABEL_1,0.999915599822998,"[None, 'Calgary', None]",,
RT @weathernetwork: Will become iconic photo of floods. RT @ShaneKeller #HighRiver Man swims after his cat Momo.. #abflood #yycflood http:/…,LABEL_1,0.9999183416366576,"['Alberta', 'Calgary', None]",,
RT @Crackmacs: Some ground level pictures of the #Stampede grounds/Saddledome flood aftermath http://t.co/xMj135erM8 #yyc #yycflood,LABEL_1,0.9999183416366576,"[None, 'Calgary', None]",,
@AlisonKosik Are you going to report on the devastating flooding in Calgary?,LABEL_1,0.999915599822998,"[None, 'Calgary', None]",,
RT @WestJet: Please limit non-urgent calls to us so that we can focus on guests affected by #abflood and those with immediate travel needs.,LABEL_1,0.9999171495437622,"['Alberta', None, None]",,
"RT @cityofcalgary: All Calgary Dams are operating as designed, there is NO risk of a dam breach. All Dams are safe and sound. #yyc #yycflood",LABEL_1,0.9999181032180786,"[None, 'Calgary', 'Calgary Dams']",,
RT @everydaytourist: Bow River lifted asphalt right off the ground in Bowness #yycflood #ABflood http://t.co/72q4iMjrPy,LABEL_1,0.9999178647994996,"['Alberta', 'Calgary', 'Bowness']",,
Thousands flee flooding in western Canada http://t.co/T3AswH4r1b,LABEL_1,0.9999184608459472,"[None, None, 'western Canada']",,
Down and dirty today! What a bittersweet day cleaning up after flood #cleanupcalgary #yycflood… http://t.co/Jji7qz5vCw,LABEL_1,0.99991774559021,"[None, 'Calgary', None]",,
"RT @Mookalicious: They needed 600 volunteers at McMahon stadium, 7,000 showed up. 6,300 turned away. Staggering!!  #abflood http://t.co/LsO…",LABEL_1,0.9999186992645264,"['Alberta', None, 'McMahon stadium']",,
Oh no :( Alberta flooding claims at least 3 lives http://t.co/rg4URoD1au,LABEL_1,0.9999172687530518,"['Alberta', None, None]",,
RT @ImperialOil: We support the great work of @Redcrosscanada with a $100K donation #abflood #yycflood,LABEL_1,0.9999176263809204,"['Alberta', 'Calgary', None]",,
I love that house shows are still happening in Calgary despite the flood &lt;33333,LABEL_1,0.9999165534973145,"[None, 'Calgary', None]",,
@NelsonTagoona so glad that you missed the floods and saw our sunny side last Monday as we Honoured Mother Earth @ShelleyLarose,LABEL_1,0.9997474551200868,"[None, None, None]",,
RT @660News: Access to Calgary core won't happen until @ least mid-week: CEMA Director Bruce Burrell. #yyc #yycflood,LABEL_1,0.999918818473816,"[None, 'Calgary', 'Calgary core']",,
RT @randy_foster: Lets get #savestampede trending whatever people can do to help ! #stampede101 #yycflood,LABEL_1,0.9999189376831056,"[None, 'Calgary', None]",,
RT @WilliamShatner: My thoughts and prayers are with the flood victims in Calgary. MBB,LABEL_1,0.9999148845672609,"[None, 'Calgary', None]",,
"@newfiehun: Instead of fighting over bottled water, fill up some containers from your tap. #YYC water is still safe to drink. #yycflood",LABEL_1,0.9999189376831056,"[None, 'Calgary', None]",,
RT @aldjohnmar: The river bank in Mission. Debris trapped by the water. #yyc #yyccc #yycflood http://t.co/lOC3m5aGd9,LABEL_1,0.9999186992645264,"[None, 'Calgary', 'Mission']",,
"Home Solutions challenges members to meet or beat their $10,000 donation Fwd donations to us. #YYCFlood #YYCHelps http://t.co/NLYjRpnIqr",LABEL_1,0.9999164342880248,"[None, 'Calgary', None]",,
RT @YourAlberta: Mandatory evacuation of High River still in effect. Please stay clear so emergency responders can do their job. | #abflood…,LABEL_1,0.9999161958694458,"['Alberta', None, 'High River']",,
"RT @SunNewsNetwork: First responders work double-shifts, days off to help with Calgary flood http://t.co/gYujKGSxNt #ABflood",LABEL_1,0.9999163150787354,"['Alberta', 'Calgary', None]",,
RT @brycemorland: To my Alberta cattle friends I have pasture in WC Sask for use if you need to pasture cattle out of the flood zone. Rent …,LABEL_1,0.9999186992645264,"[None, None, 'WC Sask']",,
RT @agulamhussein: I feel like the #redcross has hired Mosquitos to collect blood from me involuntarily. #yyc #yycflood,LABEL_1,0.9999178647994996,"[None, 'Calgary', None]",,
Sending our love to our great fans and accounts in Calgary recovering from the disastrous flood Xo,LABEL_1,0.9999144077301024,"[None, 'Calgary', None]",,
#beer Calgary beer folks fermenting flood relief efforts http://t.co/YfGimuvTw2,LABEL_1,0.9999175071716307,"[None, 'Calgary', None]",,
Alberta pledges $1-billion in flood relief for families and municipalities http://t.co/j4J6nBDcnp,LABEL_1,0.999915361404419,"['Alberta', None, None]",,
@PureAirEnvironm That is amazing. We will certainly add you to our list and let our clients know. Way to go! @yychelps #yycflood,LABEL_1,0.9998258948326112,"[None, 'Calgary', None]",,
RT @CHARCUT: CHARCUT reopens tomorrow (Thurs) call now for reservations 403 984 2180 & spread the word! #yycflood #allfiredup... http://t.c…,LABEL_1,0.9999191761016846,"[None, 'Calgary', '403']",,
support #yycflood relief with a little something around your neck from @cinderandsage. beauty! http://t.co/wjKDkMCS5Y http://t.co/wMFv8jdx68,LABEL_1,0.999874234199524,"[None, 'Calgary', None]",,
RT @CoriAnne87: Dog found in Bowness near C.O.P. no tags. Please call 403-288-2620 #yycflood http://t.co/UBCMI938zn,LABEL_1,0.9999159574508668,"[None, 'Calgary', 'C']",,
"I guess the sun isn't helping, things are looking worst. #stampede #yycflood http://t.co/2QluMODgUF",LABEL_1,0.9999074935913086,"[None, 'Calgary', None]",,
Fill a barrel for Alberta:Nicole is going to help her family & others come down Thursday night with anything that can help #abflood families,LABEL_1,0.9999163150787354,"['Alberta', None, None]",,
Thinking of all the flood victims in Calgary and High River,LABEL_1,0.999914288520813,"[None, 'Calgary', 'High River']",,
Your Daily Nazi: Conservatives Pick-Up A White Supremacist Campaign Worker @RedScareBot @ICellyOnEmptys http://t.co/br6sogZAbe #abflood #TSN,LABEL_1,0.9909454584121704,"['Alberta', None, None]",,
UPDATE: ‘Hell On Wheels’ Goes On Hiatus As Floods Hit Calgary Set http://t.co/E9y3x4P1cm via @nikkifinke,LABEL_1,0.9999165534973145,"[None, 'Calgary', None]",,
@TSNBobMcKenzie where will the flames play if the saddledome has to be rebuilt? #yycflood,LABEL_1,0.9998499155044556,"[None, 'Calgary', 'saddledome']",,
RT @CBCNews: Get a sense of the damage in Alberta with our interactive before and after photo slider: http://t.co/ZvfZLVFbpw #yycflood #abf…,LABEL_1,0.9999189376831056,"['Alberta', 'Calgary', None]",,
RT @redcrosscanada: We are working closely with communities in Southern Alberta to respond to severe flooding. Update: http://t.co/rFIglmU6…,LABEL_1,0.9999176263809204,"[None, None, 'Southern Alberta']",,
RT @ElectDanielle: Every day I deal with the #HighRiver #abflood I am more convinced that the local MLA must be involved to represent their…,LABEL_1,0.9999170303344728,"['Alberta', None, None]",,
"RT @Devin_HerouxCBC: A week later, #yyc is shining a lot brighter #yycflood What community strength and spirit. http://t.co/Sild4ED5bQ",LABEL_1,0.9999057054519652,"[None, 'Calgary', None]",,
RT @GlobalCalgary: Live streaming coverage is finished until 5:00 pm MT - http://t.co/SxO5yRGrRT #yycflood #abflood,LABEL_1,0.9999185800552368,"['Alberta', 'Calgary', None]",,
"RT @GlobalCalgary: PHOTO: Macleod Trail under water, courtesy of Jeff Berg. #YYC #yycflood http://t.co/Oqye5Lrxiz",LABEL_1,0.999918818473816,"[None, 'Calgary', 'Macleod Trail']",,
RT @YYCFlood: PLZ RT! #CALGARY SOCK & MENS UNDERWEAR CHALLENGE! Fill the @calgarydropin's need by 1pm Wed! #yychelps #yycflood @yychelps #y…,LABEL_1,0.9999191761016846,"[None, 'Calgary', None]",,
"How BC is helping the flood situation in Alberta, and a reminder Red Cross needs your donations! Watch @CTVBC at 6pm.",LABEL_1,0.9999159574508668,"['Alberta', None, None]",,
RT @KennyVLimaC: #YYC #GUITAR players. Looking for vol'eers tonight + tmrw to entertain #yycflood evacs. Ken 403-606-9907 if you can asap. …,LABEL_1,0.999915361404419,"[None, 'Calgary', None]",,
Prince William sends message of support to Alberta flood victims http://t.co/i0C4kGZPYd,LABEL_1,0.999915361404419,"['Alberta', None, None]",,
RT @garybtvnews: 4 St SW looks VERY DEEP - Joyce is flooded out #yycflood #abflood http://t.co/uDe9V4Cr7Q,LABEL_1,0.9999175071716307,"['Alberta', 'Calgary', '4 St SW']",,
RT @CityofEdmonton: We are not collecting donations for flooding in southern Alberta. Financial donations can be made to Canadian Red Cross…,LABEL_1,0.9999154806137084,"[None, None, 'southern Alberta']",,
RT @danirohs: Go to @TimHortons and get an Alberta Rose doughnut for $1 and all money donated to Red Cross flood relief. http://t.co/BD7YvU…,LABEL_1,0.9999139308929444,"[None, None, None]",,
RT @smokeycrow: For those questioning who to vote for mayor (and deputies) in October's #yycvote remember #yycflood and how it was handled.…,LABEL_1,0.9999121427536012,"[None, 'Calgary', None]",,
RT @CalgaryPolice: ROAD CLOSURE: Deerfoot Trail both directions is closed between 50th and 17th ave. #yycflood,LABEL_1,0.9999191761016846,"[None, 'Calgary', '17th ave']",,
"RT @ericaryder: A friend of mine posted this pic on Facebook, another road completely washed out in #StoneyNakoda #Morley #abflood http://t…",LABEL_1,0.9999194145202636,"['Alberta', None, 'StoneyNakoda #Morley']",,
RT @ellemariexxx: @iansomerhalder Little love & prayers for #Calgary & #abflood? Need all the help we can get ! #CanadianRedCross http://t.…,LABEL_1,0.9999169111251832,"['Alberta', 'Calgary', None]",,
My love goes out to Calgary where the floods have happened. I pray our family is safe and well.,LABEL_1,0.9999148845672609,"[None, 'Calgary', None]",,
RT @marcangelofoods: Tomorrow we will be having our @TorontoArgos BBQ at gate 11 to support the #yycflood efforts from 4pm until kickoff!...,LABEL_1,0.9998960494995116,"[None, 'Calgary', None]",,
"RT @cgyfarmersmarkt: 3,560lbs total to the @CalgaryFoodBank WOWIE Calgary!!! THANK YOU for helping us make that possible. #yycflood",LABEL_1,0.9999189376831056,"[None, 'Calgary', None]",,
Need help in Sunnyside this weekend?  Get in touch here #yycflood,LABEL_1,0.999918818473816,"[None, 'Calgary', 'Sunnyside']",,
"RT @mikesbloggity: Kensington is completely in the dark. Like, completely. #yycflood http://t.co/7bhZEJD1Yo",LABEL_1,0.9999172687530518,"[None, 'Calgary', 'Kensington']",,
Evidently Alberta floods aren't nearly as alarming as a carbon tax.  #climatechange #tarsands,LABEL_1,0.9999176263809204,"['Alberta', None, None]",,
"RT @Real_ESPNLeBrun: For those who want to help out flood victims in Calgary, here's a link: http://t.co/ma2jhjGASQ",LABEL_1,0.9999167919158936,"[None, 'Calgary', None]",,
“@CalgaryPolice: Devastation view from the air: http://t.co/mZ4pHci5Ty #yycflood #yyc” this is my city.,LABEL_1,0.999919295310974,"[None, 'Calgary', None]",,
This was a tough sight. Washing off  family photographs #yyc #yyccc #yycflood http://t.co/dpAM3P1lPJ,LABEL_1,0.9998898506164552,"[None, 'Calgary', None]",,
RT @JellyModern: Are you on your way to help with the #yycflood cleanup? Stop by and we will send you off with a dozen doughnuts and coffee…,LABEL_1,0.9999185800552368,"[None, 'Calgary', None]",,
"First Calgary,now Monroe County. The rain and flooding continues...prayers to you all #yycflood #abflood #miwx #monroemi #family",LABEL_1,0.9999152421951294,"['Alberta', 'Calgary', 'Monroe County']",,
If you need a place to stay tonight get in touch. #flooding #calgary #yyc #staysafe @ Riverwalk - East http://t.co/m4M1ux9xFH,LABEL_1,0.9999183416366576,"[None, 'Calgary', 'East http']",,
Canada Floods Force Thousands Of Evacuations - Yahoo! News UK http://t.co/5NjyLG0sZZ via @YahooNewsUK,LABEL_1,0.9999159574508668,"[None, None, 'Canada']",,
RT @Crackmacs: The current state of Macleod trail beside the Stampede grounds http://t.co/rDwvzgWXyO #yyc #yycflood,LABEL_1,0.9999178647994996,"[None, 'Calgary', 'Macle']",,
Prayers to my friends in Canada affected by the flooding. Us in Louisiana can relate. VERY much so.,LABEL_1,0.9999161958694458,"[None, None, 'Louisiana']",,
"Flooding forces 75,000 from western Canadian homes: CALGARY, Alberta (AP) — Flooding forced the western Canadi... http://t.co/Jevrrb7lUk",LABEL_1,0.9999172687530518,"[None, None, 'western Canadi']",,
"RT @ItweetMatrix: As the Calgary flood conditions stabilize, Matrix stays busy and stays safe. Our folks are working productively either fr…",LABEL_1,0.9999175071716307,"[None, 'Calgary', None]",,
Flood Update: Power up for approx 60% of downtown Calgary. #yyc #yycflood,LABEL_1,0.9999159574508668,"[None, 'Calgary', 'downtown Calgary']",,
And the army is here to help :) #yycflood #abflood http://t.co/jHJMBzcT2K,LABEL_1,0.9999179840087892,"['Alberta', 'Calgary', None]",,
RT @cityofcalgary: .@nenshi effective midnight tonight The City is lifting all H2O restrictions but pls continue to be #waterwise #yycflood,LABEL_1,0.999919056892395,"[None, 'Calgary', None]",,
RT @CouncillorKeats: It is time for all to have a good night and stay safe. Thank you to all who kept #yyc safe goodnight. #yycflood,LABEL_1,0.9999139308929444,"[None, 'Calgary', None]",,
That's a first.  Medicine Hat is now tending across Canada. Or #medhat as we can it on Twitter. #mhflood,LABEL_1,0.9997623562812804,"[None, None, 'Canada']",,
RT @schmutzie: Did you know that flood insurance doesn't exist in Canada? Text REDCROSS to 30333 to donate $5 in support of #ABfloods #yycf…,LABEL_1,0.9999175071716307,"[None, None, 'Canada']",,
@Premier_Redford  will be here at the  Emergency Operations Centre giving an update on provincial response at 5. #yycflood #abflood,LABEL_1,0.9999183416366576,"['Alberta', 'Calgary', 'Emergency Operations Centre']",,
MT @patrick_arnell: For people looking to help in mission we need generators. http://t.co/eHgNdjNcuA #yyc #yycflood,LABEL_1,0.9999172687530518,"[None, 'Calgary', None]",,
RT @DruhFarrell: The amazing performance of the Emergency Operations Management Centre shows that it was worth every penny. #yycflood,LABEL_1,0.9998712539672852,"[None, 'Calgary', None]",,
RT @SUNRenatoGandia All sorts of #abflood and #yycflood news and features: Alberta floods | Calgary Sun http://t.co/ORfdvtFbSs,LABEL_1,0.9999169111251832,"['Alberta', 'Calgary', None]",,
RT @CTVNews: Heavy flooding along the Bow River has the Siksika First Nation in crisis #abflood http://t.co/WCO3Jqzslu,LABEL_1,0.9999181032180786,"['Alberta', None, None]",,
"RT @JayAClarke: Hey @mymarklar & @Calgary_Metal good job today, community spirit at it's best. Actions always louder than words #yycflood #…",LABEL_1,0.9999175071716307,"[None, 'Calgary', None]",,
"RT @CBCAlerts: 2,200 soldiers now deployed to Alberta flood relief effort  . 9 military helicopters also involved. #abflood #caf #yyc",LABEL_1,0.999915599822998,"['Alberta', 'Calgary', None]",,
"RT @paul_dunphy: Just saw this note in a window of a house in Mission. Yes, thank you Calgary. #yyc #abflood http://t.co/9GTP8zrODo",LABEL_1,0.9999178647994996,"['Alberta', 'Calgary', 'Mission']",,
"RT @wick_22: Please RT #omgp .... it costs @WBrettWilson $1.00 for #Yycflood every time!!!Just do it!! #abflood #yyc thanks Brett, love yo…",LABEL_1,0.9999133348464966,"['Alberta', 'Calgary', None]",,
RT @Mookalicious: This pic of an awesome firefighter in Mission needs to go viral.  Please share! #abflood http://t.co/H1YF3RhJZs,LABEL_1,0.999918818473816,"['Alberta', None, 'Mission']",,
RT @news4canada: Calgary floods to cost economy billions http://t.co/6NwDZvNiXe,LABEL_1,0.9999147653579712,"[None, 'Calgary', None]",,
Cambodian orphans donate to help Alberta flood victims http://t.co/9cTgaUx0jw #happytears #abflood #yycflood,LABEL_1,0.9999157190322876,"['Alberta', 'Calgary', None]",,
RT @OrangeYYC: .@ahs_behealthy has great tips for cleaning your home after #abflood subsides: http://t.co/ShObLn80gp,LABEL_1,0.999918818473816,"['Alberta', None, None]",,
RT @danellew: Amazing RT @Metro_Katie: .@nenshi says he's confident that the south LRT will be restored in time for parade day. #yycflood,LABEL_1,0.9998785257339478,"[None, 'Calgary', None]",,
.@PetlandCanada Find out how you can help us out with the #ABfloods #yycfloods today! http://t.co/5HOwHJkr21 - Thank you #YYCOnward,LABEL_1,0.9999178647994996,"[None, None, None]",,
Canada Day Long Weekend Travel Alert: Canada Day will be special for Calgarians: http://t.co/R3JtEYlpR0 #yycflood@TourismCalgary,LABEL_1,0.9993208646774292,"[None, 'Calgary', None]",,
RT @NDPmc33: This just looks like the worst episode of Criminal Minds ever. @pmharper @Premier_Redford and @nenshi. #AbFlood http://t.co/p0…,LABEL_1,0.9995356798171996,"['Alberta', None, None]",,
RT @NewsTalk770: 100% of safety inspections have been completed for resident who need to be reenergized. Nenshi.  #yycflood,LABEL_1,0.999919295310974,"[None, 'Calgary', None]",,
“@nkwad: Erlton flood clean-up for June 26: call for volunteers. http://t.co/qDKpBwP3Jm #yycflood #Erlton #yyc” help if you can! We need u.,LABEL_1,0.9999181032180786,"[None, 'Calgary', 'Erlton']",,
Catching up on sleep after a sleepless night spent worrying about potential flood evacuation.  #Calgary #yycflood,LABEL_1,0.9999157190322876,"[None, 'Calgary', None]",,
"RT @OKCStormWatcher: RT @weathernetwork: Updated: Floods force 75,000 people from their homes in Calgary: http://t.co/YsvYrhZW4k #yycflood …",LABEL_1,0.9999185800552368,"[None, 'Calgary', None]",,
"RT @BBCNewsUS: Video: Moment a swept-away roof crashes into a bridge as floods sweep Alberta, Canada http://t.co/kNoDI0JhhP",LABEL_1,0.9999165534973145,"[None, None, 'Canada']",,
RT @musicbaum: #yyc #yycflood #shame #jerks  RT @AParaipan I just went to my corner store and the price for a bag of ice was $35,LABEL_1,0.9998966455459596,"[None, 'Calgary', None]",,
"RT @cheriyyc: Volunteer, yes! Snarl traffic in stressed hoods, no! Try City's wknd MRU transport hub http://t.co/voKfwxoBfY #yycflood #yych…",LABEL_1,0.9998902082443236,"[None, 'Calgary', None]",,
"For anyone wondering, #CanadaDay celebrations are still going ahead with some minor changes due to the #yycflood. http://t.co/S74IFFFqUS",LABEL_1,0.999914050102234,"[None, 'Calgary', None]",,
RT @cityofcalgary: Please do NOT use gas/diesel-powered generators indoors or near air intake systems. http://t.co/IDVh5QWUyW #yycflood,LABEL_1,0.9999157190322876,"[None, 'Calgary', None]",,
@bobraeMP @Premier_Redford Please don't forget about the FN communities who were affected by #abflood #yycflood http://t.co/BNUgDH2DKg,LABEL_1,0.9999184608459472,"['Alberta', 'Calgary', None]",,
I'm at Calgary right now and the whole downtown is flooded... More flooding tmr too... #hellascared,LABEL_1,0.9999183416366576,"[None, 'Calgary', None]",,
"RCMP at scene of Highway 63 crash, explosion: RCMP are at the scene of a head-on crash and explosion on Highway... http://t.co/nBC8Kyf9SC",LABEL_1,0.9999173879623412,"[None, None, 'Highway']",,
"RT @CalgaryPolice: Mandatory outdoor water restriction in effect. Please do not, wash cars, buildings, water plants, etc.  #yycflood",LABEL_1,0.9999189376831056,"[None, 'Calgary', None]",,
"RT @markusoff: A chart of Calgary's Bow flow, going back to the even worse 1870 flood http://t.co/WORs8B88tW via @yycflood",LABEL_1,0.9999173879623412,"[None, 'Calgary', None]",,
"RT @JulieVesuwalla: Just heard, as of today, Alberta Red Cross has raised $10.2 Million for #AlbertaFlood Relief! #yycflood #yychelps",LABEL_1,0.999916672706604,"[None, 'Calgary', None]",,
"RT @calgaryherald: Bow River in Calgary hit peak flow of 1,740 cms. Previous record 1,520 in 1932. It was 791 in 2005 floods. #chlive http:…",LABEL_1,0.9999178647994996,"[None, 'Calgary', 'Bow']",,
RT @Crackmacs: Video I shot randomly throughout downtown earlier today of the #yycflood aftermath http://t.co/kGnzaynDjW (warning: long. 23…,LABEL_1,0.9999184608459472,"[None, 'Calgary', 'downtown']",,
RT @YYCFlood: PLZ RT! #CALGARY SOCK & MENS UNDERWEAR CHALLENGE! Fill the @calgarydropin's need by 1pm Wed! #yychelps #yycflood @yychelps #y…,LABEL_1,0.9999191761016846,"[None, 'Calgary', None]",,
RT @weareperryscope: Canada Day help out #YYCFlood Relief w @ilovembf & @jpmauricemusic @biltmorecabaret $5 pancakes proceeds to Red Cross …,LABEL_1,0.9999183416366576,"[None, 'Calgary', None]",,
@AmberCraig_: 6 good things to come out of Calgary floods http://t.co/dJtQyngB3v great blog by @mikesbloggity #yychelps,LABEL_1,0.9999175071716307,"[None, 'Calgary', None]",,
"RT @aldjohnmar: Huge support also from @bigrockbrewery who is supplying water, boots, gloves & masks #yyc #yyccc #yycflood http://t.co/tGA0…",LABEL_1,0.9999176263809204,"[None, 'Calgary', None]",,
RT @CstShaw: I hear that @WBrettWilson is donating $1.00 for every RT of #OMGP to the #yycflood relief. Thanks Brett!,LABEL_1,0.9999159574508668,"[None, 'Calgary', None]",,
"Jays going for 11 straight plus donate $10,000 to alberta flood relief. #lovethisteam",LABEL_1,0.999915599822998,"['Alberta', None, None]",,
RT @redcrosscanada: We are accepting financial donations to assist people affected by flooding in Alberta: http://t.co/Xd9mbM2uj8 #abflood,LABEL_1,0.9999165534973145,"['Alberta', None, None]",,
RT @ArjayTaylor: I am in search of my Mother  who was evac from #inglewood her name is Theresa Taylor 52yrs old. #yycflood,LABEL_1,0.999891757965088,"[None, 'Calgary', 'inglewood']",,
".RT @660news: NENSHI on #Stamepede101: We are Calgarians, we will make it work, the show must go on. #YYCFlood",LABEL_1,0.9999051094055176,"[None, 'Calgary', None]",,
Fabutan Dalhousie wants to help raise funds for the Canadian Red Cross Alberta flood fund. Please donate to the... http://t.co/hHo9ajDfoQ,LABEL_1,0.9999163150787354,"[None, None, None]",,
RT @FQFire: Water Security Agency: “No water from the Alberta Flood will be flowing down the Qu’Appelle River System”.,LABEL_1,0.9999165534973145,"['Alberta', None, 'Qu’Appelle River System']",,
"RT @JayRavChan: Looking at pictures from the #abflood , crazy. Hope everyone's okay",LABEL_1,0.9999164342880248,"['Alberta', None, None]",,
RT @JLisaYoung: Just coming home from Siksika. They need volunteers to help with sorting and deliveries. #abflood #yychelps,LABEL_1,0.999919056892395,"['Alberta', None, 'Siksika']",,
@Danayemaier: Calgarians are amazing!! 7000 volunteers showed up to McMahon Stadium to help flood victims #yycflood http://t.co/8q9AdVoHEQ,LABEL_1,0.9999183416366576,"[None, 'Calgary', 'McMahon Stadium']",,
RT @AUAnnounce: More info for #AthaU students who were supposed to write exams at AU Calgary this week: http://t.co/wjFnxkszht #yycflood,LABEL_1,0.9999135732650756,"[None, 'Calgary', 'AU Calgary']",,
Emergency Officials say they're trying to restore power as quickly as possible. But safety is first. #yycflood,LABEL_1,0.9999195337295532,"[None, 'Calgary', None]",,
RT @Cmdr_Hadfield: Floods are an unbridled misery. My heartfelt thoughts and wishes for a swift recovery to those battling the Alberta high…,LABEL_1,0.9999182224273682,"['Alberta', None, None]",,
"Photo Gallery: Flooding in areas surrounding #yyc, updated photos from Morley and Siksika http://t.co/4F5iKSsTQ3 #abflood #yycflood",LABEL_1,0.9999179840087892,"['Alberta', 'Calgary', 'Siksika']",,
This is a very important map for anyone who's been evacuated in Calgary. Check it out on calgary.ca and pass it on. #yycflood,LABEL_1,0.9999161958694458,"[None, 'Calgary', None]",,
No school till Thursday?? #yycflood,LABEL_1,0.999918818473816,"[None, 'Calgary', None]",,
“@MiaFarrow: Happy #Canada Day! Special thoughts for those affected by the #Alberta floods” TY! xo,LABEL_1,0.9999173879623412,"['Alberta', None, None]",,
RT @Mookalicious: For those that missed it.... here is the first image of the Saddledome.  #abflood http://t.co/tffpjBioWM,LABEL_1,0.9999185800552368,"['Alberta', None, 'Saddledome']",,
#abflood has highlighted the need for @ShawInfo to add at least CBCNN to the HD roster. Important info that’s hard to read in SD.,LABEL_1,0.9998677968978882,"['Alberta', None, 'SD']",,
RT @YYCFlood: #Shaw network has been open to all non-shaw customers #Alberta needing internet access during this devastating time #yycflood…,LABEL_1,0.9999185800552368,"['Alberta', 'Calgary', None]",,
RT @TChevrier: Anyone know of places that would take toy donations? #yycflood #yychelps,LABEL_1,0.9999178647994996,"[None, 'Calgary', None]",,
RT @CPLEAlberta: Does a tenant have to keep paying the rent after a flood? http://t.co/S2B1mtlw3J #abflood #renting #Alberta,LABEL_1,0.9999182224273682,"['Alberta', None, None]",,
"Report: Calgary flooding could force up to 100,000 from homes http://t.co/tqhpUGm0w3  @nrc",LABEL_1,0.9999176263809204,"[None, 'Calgary', None]",,
"RT @CTVCalgary: Medicine Hat police say flooding has started, 'stay off roads' http://t.co/WfuYglaJ0T @CTVNews #abflood #medhat",LABEL_1,0.9999191761016846,"['Alberta', None, 'medhat']",,
"RT @downtowncalgary: no water, just no power RT @heraldvolmers: Sunny, blue skies but Stephen Ave. #chlive #abflood http://t.co/pG6hrcSIdX",LABEL_1,0.9999183416366576,"['Alberta', None, 'Stephen Ave']",,
RT @YYCFlood: #yycflood Calgary rallying to support homeless evacuees http://t.co/mKCPyuiHZb,LABEL_1,0.9999167919158936,"[None, 'Calgary', None]",,
RT @CBCAlerts: Calgary's 'very preliminary' damage estimate $3-5B: BMO  . Cautions it will 'take time to refine estimates.' #abflood,LABEL_1,0.9999167919158936,"['Alberta', 'Calgary', None]",,
CTV is reporting that River Cafe on Prince's Island is expected to take months to recover from damage. #yycflood.,LABEL_1,0.9999186992645264,"[None, 'Calgary', ""Prince's Island""]",,
As a corporate slave I'm extremely pleased by the majority corporate reaction to #ABFlood #HailCorporate,LABEL_1,0.9999067783355712,"['Alberta', None, None]",,
HAPPY CANADA DAY! keep up the amazing work #CalgaryStrong #yycflood #abflood  :),LABEL_1,0.9999175071716307,"['Alberta', 'Calgary', None]",,
"RT @RobertJensen2: Flooded out #Calgarian incensed at Laureen Harper's cynical, phony photo op. http://t.co/UIp6bg5rDM #Calgary #ABFlood #C…",LABEL_1,0.9999176263809204,"['Alberta', 'Calgary', None]",,
"RT @bpincott: In downtown #yyc, the quiet of a shut down city has been overtaken by the roar of pumps and generators. #yyccc #yycflood",LABEL_1,0.9999179840087892,"[None, 'Calgary', 'downtown #yyc']",,
This whole flood thing in Calgary just gives the Flames a better reason to fold #instaflood #bringbackquebec,LABEL_1,0.9999172687530518,"[None, 'Calgary', None]",,
"Rivers Receding In Calgary, 3 Dead In Floods: Rivers receding in Calgary, 3 dead in floods http://t.co/s7oR86DtOe",LABEL_1,0.9999157190322876,"[None, 'Calgary', None]",,
RT @RogersBuzz: Rogers customers can #texttodonate to support flood relief efforts in Alberta #abflood #yycflood http://t.co/lp1NAbq6kX,LABEL_1,0.9999167919158936,"['Alberta', 'Calgary', None]",,
RT @cenovus: Donating $1M to #abflood relief incl. $250K immediately to @redcrosscanada; will also work w/ other community partners in reco…,LABEL_1,0.9999158382415771,"['Alberta', None, None]",,
"@CBCCalgary Just recvd report of widespread power outage in Banff, as of approx 8:12 pm. #abflood",LABEL_1,0.9999176263809204,"['Alberta', None, 'Banff,']",,
RT @SOCRAT3S: Unprecedented #Calgary Flood 2013 | a must see visual story of destruction- http://t.co/03TzkLKbMC #abflood,LABEL_1,0.999916672706604,"['Alberta', None, None]",,
@tiwilli12: Cenovus Donating $1M to #abflood relief incl. $250K immediately to @redcrosscanada; will also work w/ other community partners,LABEL_1,0.9999164342880248,"['Alberta', None, None]",,
Mayor Nenshi and two awesome ladies delivering Timbits and coffee to front line workers in Bowness. #yycflood http://t.co/rNjaZaRPpH,LABEL_1,0.9998972415924072,"[None, 'Calgary', 'Bowness']",,
"RT @washingtonpost: AP: 75,000 people evacuate downtown Calgary; 3 dead in flooding http://t.co/H9nkXj5m12",LABEL_1,0.999916672706604,"[None, 'Calgary', 'downtown']",,
@MCHammer what's happening here right now #Calgary #yycflood words of encouragement appreciated http://t.co/5wV41INbI9  @KooL1015Calgary,LABEL_1,0.9999189376831056,"[None, 'Calgary', None]",,
Alberta flood damage could have been reduced if report heeded: experts - via @winnipegnews http://t.co/xCKnKX4lMC via @sharethis,LABEL_1,0.9999184608459472,"['Alberta', None, None]",,
RT @LandonGilmour: Got twitter solely to follow the #abflood. I have an open couch if its needed.,LABEL_1,0.9999175071716307,"['Alberta', None, None]",,
"@BlueJays @JaysCare Albert flood relief?   Bwahahaha. I know you meant Alberta, but too funny!",LABEL_1,0.9998657703399658,"['Alberta', None, 'Albert']",,
RT @globaltvnews: UPDATE: #Calgary Zoo to close for at least two weeks http://t.co/4hb18mZ7xQ #abflood #yyc #calgaryzoo,LABEL_1,0.9999189376831056,"['Alberta', 'Calgary', 'calgaryzoo']",,
RT @manny_ottawa: Justin non visit #abflood #ABfloods will not be noted by MSM @RobertFife Trudeau gotten a very easy ride from Media htt…,LABEL_1,0.9999178647994996,"['Alberta', None, None]",,
Special shout out to all @mikeysjukejoint staff  2day they are all evacuees but still working hard. Thanks for the great brunch! #yycflood,LABEL_1,0.99990975856781,"[None, 'Calgary', None]",,
Even the @BlueJays @JoeyBats19 and @Sportsnet  showing there support for @calgary and southern Alberta floods,LABEL_1,0.999916672706604,"[None, None, 'southern Alberta']",,
RT @CJSW: Press play below to listen to an update/interview on the Calgary Folk Fest and the flood. http://t.co/LBv5zFtlsL,LABEL_1,0.999913215637207,"[None, None, None]",,
"Scotiabank provides $100,000 for Alberta communities affected by severe flooding http://t.co/mNTCwOIRJT",LABEL_1,0.9999157190322876,"[None, None, 'Alberta communities']",,
Stampeders want to win home opener for victims of Alberta floods - Sports - Times Colonist http://t.co/dCXa2LE9BD via @sharethis,LABEL_1,0.999916672706604,"['Alberta', None, None]",,
RT @globaltvnews: MORE: Duke & Duchess of Cambridge send their best wishes to #Alberta residents affected by flood destruction http://t.co/…,LABEL_1,0.9999171495437622,"['Alberta', None, None]",,
Alberta Flooding Has Changed The Rockies Forever: Scientist http://t.co/mWV5kLHnX1,LABEL_1,0.99991774559021,"['Alberta', None, 'Rockies']",,
"THIS SUNDAY #earbendercup competitors host a fundraiser for #yycflood relief at @mikeysjukejoint, details to follow http://t.co/WpRQ5th2kj",LABEL_1,0.9999088048934937,"[None, 'Calgary', '@mikeysjukejoint']",,
Heading home to 'assess' &amp; grab some stuff. Should be interesting. #yycflood,LABEL_1,0.9999068975448608,"[None, 'Calgary', None]",,
RT @JamQueens: We will be playing in Calgary tonight and tomorrow. Tonight house party. Tomorrow FLOOD ISLAND @ the alibi room w/ @JavelinJ…,LABEL_1,0.9571850299835204,"[None, 'Calgary', 'alibi room']",,
MT @ARRL_EMCOMM:  Alberta SEC VE6AEW #hamradio nets active on 3.675 and 7.135 MHz support for flood ops.  #ARRL Please avoid #FieldDay,LABEL_1,0.9999158382415771,"['Alberta', None, None]",,
"It all looks so normal through Inglewood and downtown this a.m., but our landscape, figuratively and literally, is different. #yycflood",LABEL_1,0.9999186992645264,"[None, 'Calgary', 'downtown']",,
state of emergency gives city powers to recover faster #yycflood,LABEL_1,0.9999171495437622,"[None, 'Calgary', None]",,
"RT @ABeconomist: Let's support Calgary small business post-flood! Everyone follow @yycisopen to eat, drink, shop, spend and help them get…",LABEL_1,0.9999163150787354,"[None, 'Calgary', None]",,
"RT @CalgaryPolice: Due to the CP Rail incident and road closures, we ask you to stay off city thoroughfares unless necessary. #yycflood",LABEL_1,0.9999185800552368,"[None, 'Calgary', None]",,
RT @StarbucksCanada: Make a difference in #Alberta. Visit your participating store to make a donation to the Red Cross #abflood http://t.co…,LABEL_1,0.99991774559021,"['Alberta', None, None]",,
"We had so many great people come out... our cyclists delivering food for the #yycflood, delivery cars, etc! Even rcmp&amp;firefighters! Thank u!",LABEL_1,0.9999186992645264,"[None, 'Calgary', None]",,
RT @megan_zee: @cityofcalgary I am helping to manage a page to organize volunteers for the #yycflood. Please let me know if/when/where you …,LABEL_1,0.9999178647994996,"[None, 'Calgary', None]",,
"RT @daynavettese: Wow! RT @jeffmadams Better comparison of Cougar Creek flooding in Canmore. Same spot, 24hrs apart. #ABflood #ABStorm http…",LABEL_1,0.9999191761016846,"['Alberta', None, 'Canmore']",,
RT @redcrosscanada: We are accepting financial donations to assist people affected by flooding in Alberta: http://t.co/Xd9mbM2uj8 #abflood,LABEL_1,0.9999165534973145,"['Alberta', None, None]",,
"We have to pick up our Australian friends from the airport, so we're leaving two hours early. This flooding is terrible. #yycfloods",LABEL_1,0.999918818473816,"[None, None, 'the airport']",,
My thoughts on the Calgary Flood of 2013 - http://t.co/8r516kL1xg #CalgaryStrong,LABEL_1,0.9999176263809204,"[None, None, None]",,
Floods wreak havoc in Canada: http://t.co/EjEaIcuCKa via @YouTube,LABEL_1,0.9999181032180786,"[None, None, 'Canada']",,
"RT @corvetteBeth: Bad Floods in Calgary, Canada.  Be safe... http://t.co/7QBk6qbrIS",LABEL_1,0.9999191761016846,"[None, None, 'Canada']",,
RT @globepolitics: Alberta shelved major flood report for six years http://t.co/58ckSiOfTZ #cdnpoli,LABEL_1,0.9999169111251832,"['Alberta', None, None]",,
"RT @yychelps: Please ask your followers to follow us! The more followers we can get, the more help we can give! #yychelps #yycflood #calgar…",LABEL_1,0.9999185800552368,"[None, 'Calgary', None]",,
RT @arielle_zerr: City checking houses without X’s today to make sure people have evacuated and/or to make sure people are safe. #yycflood,LABEL_1,0.9999186992645264,"[None, 'Calgary', None]",,
"Nenshi asking ALL employers to allow staff to work from home, if possible, to ease traffic congestion. Also, please carpool. #yyc #abflood",LABEL_1,0.9999037981033324,"['Alberta', 'Calgary', None]",,
"RT @ValFortney: Looters, Calgary style: they bring you water and sandwiches, then take away your soggy drywall. #yycflood #abflood #yyc",LABEL_1,0.9999161958694458,"['Alberta', 'Calgary', None]",,
"RT @cityofcalgary: All Calgary Dams are operating as designed, there is NO risk of a dam breach. All Dams are safe and sound. #yyc #yycflood",LABEL_1,0.9999181032180786,"[None, 'Calgary', 'Calgary Dams']",,
RT @lite959: We spoke w @itsme_christy ?@CalgaryHumane RUFF packs now available for displaced pet owners. http://t.co/EM3QISg9dR  #yycflood…,LABEL_1,0.9999185800552368,"[None, 'Calgary', None]",,
All homes but the 2200 blk of 8th ave in Inglewood open for people. #yyc #abflood #,LABEL_1,0.999915361404419,"['Alberta', 'Calgary', 'Inglewood']",,
Disappointed but not surprised that @CBCNews didn't report on the critical situation for #Siksika and #StoneyNakoda. #cdnpoli #abflood,LABEL_1,0.9998815059661864,"['Alberta', None, None]",,
It's amazing to see this province come together in a time of need #amazing ?? #yycflood #abflood Please donate to Red Cross,LABEL_1,0.9999165534973145,"['Alberta', 'Calgary', None]",,
“@travkus: North Sask River expected to rise 3.5 metres by Saturday. City of Edmonton under Flood Watch. #abflood #yeg”,LABEL_1,0.999918818473816,"['Alberta', 'Edmonton', 'City of']",,
"RT @paulbrandt: Thanks for your generosity! Text REACH to 45678 to give $10 to @builditforward, proceeds to recovery for #abflood! #ABStrong",LABEL_1,0.9999169111251832,"['Alberta', None, None]",,
@nenshi  work from home not downtown means go to the mall #yycflood  #spendmoney #stimulatelocaleconmomy don't forget less fortunate #relief,LABEL_1,0.9999179840087892,"[None, 'Calgary', 'mall']",,
"RT @680News: Flooding could force Tories to cancel national convention, slated for Calgary http://t.co/D4WEzsPc9z",LABEL_1,0.9997404217720032,"[None, 'Calgary', None]",,
RT @LucasNadeau1: #yycflood bridge is gone I guess. Nice for someone to update the sign. http://t.co/zouF7DVWwP,LABEL_1,0.9999123811721802,"[None, 'Calgary', None]",,
VIDEO: Canada floods leave three dead: At least three people have died and hundreds of thousands forced to evacuate as torrential rai...,LABEL_1,0.999915361404419,"[None, None, 'Canada']",,
RT @GolfChannel: Canadian @GrahamDeLaet donating $1k/birdie & $2.5k/eagle to flood relief efforts in Alberta | @TravelersChamp Scores: http…,LABEL_1,0.9999173879623412,"['Alberta', None, None]",,
RT @_Woman_health: Please Calgary floods rebuild Call Red Cross at 1-800-418-1111.,LABEL_1,0.9999164342880248,"[None, 'Calgary', None]",,
#abflood what's happening in Canmore and banff re hwy 1 road closures,LABEL_1,0.9999164342880248,"['Alberta', None, 'banff']",,
"Sending our thoughts and prayers to everyone affected by the floods in Alberta, Canada.  Awful situation.  #AlbertaStrong",LABEL_1,0.9999151229858398,"[None, None, 'Canada']",,
“@ampcalgary: This is incredible! It's now another 7 rows up from in this photo. #yycflood http://t.co/o7gNDaOctL” HOLY SHIT MAN,LABEL_1,0.9999154806137084,"[None, 'Calgary', None]",,
@LeighPatrick @WTF_Eh @HuffPostCanada #abflood is anyone believing David Suziki a sign of human gullibility?,LABEL_1,0.9997363686561584,"['Alberta', None, None]",,
RT @Mookalicious: This pic of an awesome firefighter in Mission needs to go viral.  Please share! #abflood http://t.co/H1YF3RhJZs,LABEL_1,0.999918818473816,"['Alberta', None, 'Mission']",,
RT @VacayCanada: 7 reasons to visit @Calgary after the floods. No. 1: The amazing people http://t.co/js33VPhxPs @TourismCalgary @Nenshi #ab…,LABEL_1,0.9999170303344728,"[None, None, '@useralgary']",,
"Supplies/donations are NOT needed at City facilities, but ARE still needed at the @calgarydropin (toiletries, clothing, bedding) #yycflood",LABEL_1,0.999919056892395,"[None, 'Calgary', '@calgarydropin']",,
RT @KyleBakx: Wow. Just spoke with a man in Elbow Park who had to fend off looters from his home at 3 AM with an ax. # #abflood,LABEL_1,0.9999186992645264,"['Alberta', None, 'Elbow Park']",,
RT @CTVCalgary: EMERG Update/11:30am: There's police at all entrances/exits to shuttered communities.  DO NOT go there  #YYC #ABflood,LABEL_1,0.9999184608459472,"['Alberta', 'Calgary', None]",,
RT @nationalpost:  Albertans take stock of devastation after flood waters subside http://t.co/diKXpPWahK #abflood http://t.co/1HBFOmdx31,LABEL_1,0.9999164342880248,"['Alberta', None, None]",,
RT @LukaszukMLA: @medicinehatcity residents do what they can to protect their homes. River is staring to rise #abflood #ableg http://t.co/D…,LABEL_1,0.999919056892395,"['Alberta', None, '@medicinehatcity']",,
RT @nenshi: The City of Calgary newsroom is also a good source for the latest releases about #yycflood http://t.co/wA29b1US4g,LABEL_1,0.9999182224273682,"[None, 'Calgary', None]",,
Social media has been amazing for keeping everyone up to date! Keep up the great work everyone!! #medhat #mhflood #abflood #staysafe,LABEL_1,0.999919295310974,"['Alberta', None, None]",,
RT @Mookalicious: This pic of an awesome firefighter in Mission needs to go viral.  Please share! #abflood http://t.co/H1YF3RhJZs,LABEL_1,0.999918818473816,"['Alberta', None, 'Mission']",,
RT @lindsayneuf: @nenshi @YYCFlood pls RT FOR PHOTOGRAPH RESTORATION USE WATER TO SEPARATE AND RINSE. WILL CAUSE NO HARM! #yyccleanup #yycf…,LABEL_1,0.9999047517776488,"[None, None, None]",,
Our prairie friends to the west need help. So today we will donate $1 from every bottle sold to #abflood relief.,LABEL_1,0.9999154806137084,"['Alberta', None, 'west']",,
@yespedro yea finally got out today - how's the floodin treating you?,LABEL_1,0.999886393547058,"[None, None, None]",,
@ampcalgary if there is any volunteer work you guys want some help with I'm located in Airdrie and am more than willing to help. #yycflood,LABEL_1,0.9999183416366576,"[None, 'Calgary', 'Airdrie']",,
It will be a strange week for everyone.  Hang in there!  http://t.co/0pT0N8dtT4 #yyc #abflood,LABEL_1,0.999857783317566,"['Alberta', 'Calgary', None]",,
Anyone know the status of the Ribtor building or its block (11th Ave SE & Macleod by the @CalgaryPolice station)? #yycflood @cityofcalgary,LABEL_1,0.999916672706604,"[None, 'Calgary', 'Macleod by']",,
“@redcrosscanada: Thx everyone for your support! to support our response to flooding in Alberta: http://t.co/u1QxirK4K0\\@WBrettWilson,LABEL_1,0.99991774559021,"['Alberta', None, None]",,
BBC News - Canada floods: Three killed as waters threaten Calgary http://t.co/R9sdGaQft8,LABEL_1,0.9999160766601562,"[None, 'Calgary', 'Canada']",,
RT @660News: Nenshi: All outdoor water use is banned #abflood,LABEL_1,0.9999172687530518,"['Alberta', None, None]",,
RT @CTNCalgary: Calgary - closed for flood  northbound Deerfoot Trail off ramp Southland Dr Se,LABEL_1,0.9999161958694458,"[None, 'Calgary', 'Southland Dr Se']",,
Banff Marathon and K100 both cancelled due to the flood situation in southern Alberta as runners rally to help in the flood effort,LABEL_1,0.9999161958694458,"[None, None, 'southern Alberta']",,
RT @ampcalgary: 80%of transit service restored.  LRT service downtown is NOT available #YYCFLOOD,LABEL_1,0.9999186992645264,"[None, 'Calgary', None]",,
RT @Banff_Town: Update from Town of #Banff on shuttle bus schedule and highway update http://t.co/cIbS0UU6bO #abroads #abflood,LABEL_1,0.9999191761016846,"['Alberta', None, 'Banff']",,
"RT @AmberSchinkel: #MedicineHat officials say no damage to Finlay or Maple Ave. bridges, so they'll reopen at 2pm. #abflood",LABEL_1,0.999919056892395,"['Alberta', None, 'Maple Ave']",,
"RT @mabaker247: If only we hadn't drained all our wet lands to build walmarts and costco, tim hortons and starbucks. #abflood",LABEL_1,0.9999146461486816,"['Alberta', None, None]",,
RT @LisaLaFlammeCTV: Want to help ppl affected by #yycflood? Stampede selling 'Hell or High Water' shirts to raise money for flood victims …,LABEL_1,0.9999176263809204,"[None, 'Calgary', None]",,
"@Nenshi says if Calgarians want to help with flood situation, the best thing to do is limit water use and travel #",LABEL_1,0.9999172687530518,"[None, None, None]",,
We hope you're all safe in AB during the floods. @GlobalCalgary has a live feed for updates: http://t.co/m8NEP2INkq. #abflood,LABEL_1,0.9999181032180786,"['Alberta', None, 'AB']",,
RT @BlairLystang: Wedgewoods hero Alan and his vac truck from vegreville came out of nowhere to help. @nenshi #yychelps #yycflood,LABEL_1,0.9999179840087892,"[None, 'Calgary', 'vegreville']",,
@DruhFarrell Welcome home! Hope all's well! #yycflood,LABEL_1,0.999913215637207,"[None, 'Calgary', None]",,
RT @Shell_Canada: Our Calgary and area gas stations keeping up with demand - supply situation is stable #yycfloods #abfloods,LABEL_1,0.9999165534973145,"[None, 'Calgary', None]",,
"RT @riverwoodphoto: So, who else is at a sleepover tonight? #yycflood",LABEL_1,0.9998873472213744,"[None, 'Calgary', None]",,
Leaders rise up during adversity. Pls follow @wick_22 & help any way you can with our #yycflood. Every hand helps. Thank you!,LABEL_1,0.9999175071716307,"[None, 'Calgary', None]",,
RT @YYCFlood: #yycflood LIVE: City hopes to partially reopen six evacuated communities today as Elbow ... http://t.co/QW21uimVH3,LABEL_1,0.9999179840087892,"[None, 'Calgary', 'Elbow']",,
“@GlobalCalgary: Insurance companies brace for flood of claims http://t.co/XcmrB62iSs #abflood #yycflood” nice flood joke. A  flood claims,LABEL_1,0.9999164342880248,"['Alberta', 'Calgary', None]",,
RT @Cmdr_Hadfield: Floods are an unbridled misery. My heartfelt thoughts and wishes for a swift recovery to those battling the Alberta high…,LABEL_1,0.9999182224273682,"['Alberta', None, None]",,
RT @WilliamShatner: My thoughts and prayers are with the flood victims in Calgary. MBB,LABEL_1,0.9999148845672609,"[None, 'Calgary', None]",,
"#ff @Jakita10 because she just dropped off clothes at #Bell for #Kids in #HighRiver.  And, because I told you to.",LABEL_1,0.9998064637184144,"[None, None, 'HighRiver']",,
RT @JAJAJAJASTINLY: .@amandabynes please keep Calgary in ur thoughtzzz we got lots of water flooding #pray4calgary #amandabynes #yycflood,LABEL_1,0.9999171495437622,"[None, 'Calgary', None]",,
WATCH LIVE: Mayor @Nenshi holds update on Calgary Flooding: http://t.co/tjXEoTHOqP   #yycflood,LABEL_1,0.9999176263809204,"[None, 'Calgary', None]",,
"Due to flooding, organizers announced they are rescheduling the Calgary Color Me Rad event to Saturday, Aug. 3. #yycflood @AlexandraSimon",LABEL_1,0.999915361404419,"[None, 'Calgary', None]",,
Helplessness of man against forces of #nature in pictures. #abflood #canmore http://t.co/1WtlG97Efi,LABEL_1,0.999916672706604,"['Alberta', None, 'canmore']",,
"RT @SunDaveDormer: Bow Valley College announces downtown campuses will not open July 2 as planned, closed until further notice. #yycflood @…",LABEL_1,0.999918818473816,"[None, 'Calgary', None]",,
VIDEO: Canada floods leave three dead http://t.co/A0iukDBHxj,LABEL_1,0.9999169111251832,"[None, None, 'Canada']",,
"Most Calgary Public Library locations will reopen Monday, with limited services. More details here: http://t.co/MRoWbtmXto #yycflood",LABEL_1,0.9999138116836548,"[None, 'Calgary', None]",,
"RT @RobinsonMegan: It's unofficially 'Hug a Calgarian Day.' CEMA urges you to hug #YYCFlood victims, volunteers, responders & city staff (i…",LABEL_1,0.9999148845672609,"[None, 'Calgary', None]",,
our thoughts and prayers go out to the city of Calgary and surrounding areas devastated by flooding.,LABEL_1,0.9999144077301024,"[None, 'Calgary', 'city of']",,
"RT @YourAlberta: DEBIT CARD update: to register for #abflood evacuee relief cards, call @RedCrossAB at 1-866-696-6484, not 311. http://t.co…",LABEL_1,0.9999185800552368,"['Alberta', None, None]",,
"RT @cbcDougDirks: @nenshi If you're still standing, @WBrettWilson donating $1 for every tweet, RT of hashtag #OMGP to max 50k for #yycflood…",LABEL_1,0.9999170303344728,"[None, 'Calgary', None]",,
I have to say all men are at least 70% more attractive when covered in mud. #missionpossible #yycflood,LABEL_1,0.9995040893554688,"[None, 'Calgary', None]",,
RT @Lauren_Belfoy: Freeze it and you're set. “@NHLFlames: Flooding goes to row 8 in the Saddledome #yycflood #yyc http://t.co/JANyy2S2Wx”,LABEL_1,0.999907612800598,"[None, 'Calgary', 'Saddledome']",,
RT @ThatKevinSmith: CALGARY! My heart goes out to you Red Milers who are flooded out of house & home! To help ALBERTA FLOODS victims: http:…,LABEL_1,0.9999152421951294,"[None, 'Calgary', None]",,
Parking lot at 5a and memorial - lots of silt. #sunnyside #yycflood http://t.co/d6gh5F6n9z,LABEL_1,0.9998770952224731,"[None, 'Calgary', 'memorial']",,
Whew. Just leaving the EOC. Now aiming to tag along with city crews as they assess neighbourhoods tonight for re-opening Sunday. #yycflood,LABEL_1,0.9999115467071532,"[None, 'Calgary', None]",,
RT @ErinCouillard: Wave two of deliveries. Way to go #yyc! En route to buffalo run golf course. #yychelps #yycflood http://t.co/zYTBrEWLlw,LABEL_1,0.9999008178710938,"[None, 'Calgary', 'buffalo run golf course']",,
The industry is stepping up – we are so proud of our members. Updates to needs coming soon! Stay tuned. #YYCFlood #yychelps,LABEL_1,0.9997664093971252,"[None, 'Calgary', None]",,
RT @GerryButts: .@nenshi Why the hell is @Premier_Redford using MUCH-needed planes/helicopters 2 fly @pmharper’s MPs around for #ABFlood ph…,LABEL_1,0.9998766183853148,"['Alberta', None, None]",,
RT @calgaryherald: Flood warnings from 1960s software came too late to be useful says hydrologist; Alberta must improve forecasting http://…,LABEL_1,0.999919056892395,"['Alberta', None, None]",,
@MiloShandel please RT  #abhelp #abflood to help You can make donations to Red Cross @ 1-800-418-1111 or http://t.co/kKxmIpz1Vw,LABEL_1,0.9999182224273682,"['Alberta', None, None]",,
"RT @ClimateCentral: As Calgary copes w/ record flooding, studies point to escalating flood risk in warming world http://t.co/mQVejFnGgn  #a…",LABEL_1,0.9999173879623412,"[None, 'Calgary', None]",,
Dear Alberta: This Flood is #ClimateChange\by MIKE SORON http://t.co/wMauEXpWxH,LABEL_1,0.9999173879623412,"['Alberta', None, None]",,
RT @VirginRadioYYC: “@raflopez: A photo we salvaged of @CalgaryStampede 1974... And this is why the show must go on. #yycflood… http://t.co…,LABEL_1,0.9999144077301024,"[None, 'Calgary', None]",,
The flood will be bigger financial cost than Slave Lake disaster #abflood,LABEL_1,0.999912977218628,"['Alberta', None, 'Slave Lake']",,
"@LovelessTrainer I'm good thank you. I live up on the highest point in Calgary, so we're far away from the flooding. :)",LABEL_1,0.9998539686203004,"[None, 'Calgary', None]",,
Satellite data hinted at Alberta floods weeks ago http://t.co/zQUuQXHDeZ via @globeandmail #yycfloods,LABEL_1,0.9999171495437622,"['Alberta', None, None]",,
@ENMAX Great work getting victim's lives restarted! Slow and steady wins the race! Kudos! #yycflood,LABEL_1,0.9998714923858644,"[None, 'Calgary', None]",,
Tim Hortons creates Alberta Rose donut to aid flood relief http://t.co/Q47gAWveBX,LABEL_1,0.999903678894043,"[None, None, None]",,
"Dogs taken during Alberta floods return home, thanks to tips rece... http://t.co/jLm2Tllepo via @weathernetwork #abflood #animals",LABEL_1,0.9999164342880248,"['Alberta', None, None]",,
Calgary to be shut for days after flood: http://t.co/DItcOnH8qq via @News24,LABEL_1,0.99991774559021,"[None, 'Calgary', None]",,
@ctvnews I have exclusive photos of the flood and evacuation from some parts of Banff. If you are interested in purchasing call 4033605001,LABEL_1,0.9999176263809204,"[None, None, 'Banff']",,
Flood recovery progressing in Calgary #abflood #yycflood http://t.co/W5K3rIaQ7c,LABEL_1,0.9999159574508668,"['Alberta', 'Calgary', None]",,
RT @FortElementary: We are collecting cash donations for the Alberta Flood Relief.  Please stop by and help us help our fellow Albertans.  …,LABEL_1,0.999914526939392,"['Alberta', None, None]",,
RT @AaronCatsMedia: @downtowncalgary please help and rt! \stolen during the #calgary flood. Last seen in blue pickup. Reward offered! \\htt…,LABEL_1,0.99991774559021,"[None, None, None]",,
Jim Peplinksi's contract was saved - Ken King #BrightSide #yycflood #flames,LABEL_1,0.9989836812019348,"[None, 'Calgary', None]",,
Calgary Saddledome flooding leads to cancellation of some Stampede events http://t.co/UngDuBN2Pu - @CBCNews,LABEL_1,0.9999175071716307,"[None, None, 'Calgary Saddledome']",,
RT @X929: Redford says anyone who attempts to take advantage of this tragedy for financial gain will be prosecuted #abflood,LABEL_1,0.9999159574508668,"['Alberta', None, None]",,
RT @WBrettWilson: Great Initiative! Photographers & Families sign up with #YYCMemories to help replace lost photos. #YYVFlood #ABFlood http…,LABEL_1,0.9999183416366576,"['Alberta', None, None]",,
.@BikeBikeYYC Kelly has flat tire on Memorial pathway &amp; centre st. N of river. Tried to help but cant. Anyone else?,LABEL_1,0.9872488379478456,"[None, None, 'centre st']",,
RT @nenshi: The Calgary Foundation has established a flood recovery fund. This is a great place to make donations. http://t.co/z6iasSbG9Q,LABEL_1,0.9999169111251832,"[None, None, None]",,
@HabsAngel thanks for the follow!  Fellow  Habs fan in Alberta I assume (flooding tweet).,LABEL_1,0.9996345043182372,"['Alberta', None, None]",,
RT @1067REDFM: RED FM Radiothon Donations will be forwarded to Calgary Food Bank. Effort to help Calgary flood victims. Salute to the spiri…,LABEL_1,0.9999164342880248,"[None, 'Calgary', None]",,
RT @redcrosscanada: We are accepting financial donations to assist people affected by flooding in Alberta: http://t.co/Xd9mbM2uj8 #abflood,LABEL_1,0.9999165534973145,"['Alberta', None, None]",,
Sounds like I’m heading back to the office tomorrow.  Center street is open to the core?  #yyc #YYCflood,LABEL_1,0.9998931884765624,"[None, 'Calgary', 'Center street']",,
Inspiring story of Cambodian Orphanage donating money to help victims of the Calgary floods. Goes to show no... http://t.co/WwCcbQwkkJ,LABEL_1,0.9999158382415771,"[None, 'Calgary', None]",,
RT @johnvs7: Calgary Herald article today picked up my blog post on #yycfloods #abfloods http://t.co/f9Ek1q934S,LABEL_1,0.9999182224273682,"[None, None, None]",,
RT @redcrosscanada: An update on the Red Cross response to flooding in Alberta: http://t.co/rnPa07Jctf #abflood,LABEL_1,0.9999170303344728,"['Alberta', None, None]",,
RT @DruhFarrell: This was in our mailbox when we arrived home. Pretty darned impressive. #yycflood http://t.co/QEPmQhcbPs,LABEL_1,0.999765932559967,"[None, 'Calgary', None]",,
For some reason @FourSquare #yycFlood #ElbowRiver pic I took earlier @ the Lindsay Park Foot Bridge… http://t.co/TRzk2fBttW,LABEL_1,0.999830722808838,"[None, 'Calgary', 'Lindsay Park Foot Bridge']",,
RT @GlobalBC: UPDATE: RCMP: 2 confirmed dead in Alberta floods as Calgary continues evacuation http://t.co/ymjJgqUECJ #abflood #yycflood,LABEL_1,0.9999157190322876,"['Alberta', 'Calgary', None]",,
"RT @Mookalicious: This is MacLeod Trail and17th ave.  Calgary, this is officially surreal!!!!  #abflood http://t.co/7OdJdPHkwT",LABEL_1,0.9999170303344728,"['Alberta', 'Calgary', 'MacLeod Trail and17th ave']",,
"@masonhastie Absolutely - that's my plan as well. @Nenshi dubbed last Friday dubbed Family Day, let's make today Community Day. #yycflood",LABEL_1,0.9996330738067628,"[None, 'Calgary', None]",,
"RT @GlobalCalgary: BEFORE and AFTER photos of Calgary, amid flooding: http://t.co/ujRKiC58fD #yycflood #YYC",LABEL_1,0.9999179840087892,"[None, 'Calgary', None]",,
RT @wynn2go: @heavyoilcountry  kind of hard to bail out the saddledome with just one cup that's why #yeg is helping out #6Cups,LABEL_1,0.9991889595985411,"[None, 'Edmonton', None]",,
..@AENV_SRD confirms this is the worst flood in over 100 years. Local flood info available at http://t.co/qB8aX1iQN0 #abflood,LABEL_1,0.9999176263809204,"['Alberta', None, None]",,
RT @YYCflood2013: San Jose Sharks are still bound to dominate at the saddledome. #yycflood #saddledome,LABEL_1,0.999906063079834,"[None, 'Calgary', 'saddledome']",,
"RT @CJAY92: RT @Calgary_News: #YYC NEWS MAP: Alberta Flood Evacuation Zones, River Basin Advisories and Road/Bridge Closures http://t.co/F9…",LABEL_1,0.9999185800552368,"['Alberta', 'Calgary', None]",,
"Boy's cookies, card touch flood-weary Calgary cops via @addthis. Touching  http://t.co/s5FG78CiUz",LABEL_1,0.999914288520813,"[None, None, None]",,
RT @SusanDelacourt: Please consider donating to help the great folks of Alberta. http://t.co/HLjdArMSGa #everybithelps #yycflood #yyc #cdnp…,LABEL_1,0.9999184608459472,"['Alberta', 'Calgary', None]",,
RT @jrmonty12: Calgary Saddledome flood photo.  Water up to 9th row. http://t.co/N9XmAUciFX”,LABEL_1,0.9999176263809204,"[None, None, 'Calgary Saddledome']",,
RT @CBCAlerts: Alberta government: flooding worst in province's history  . State of emergency continues for 25 communities #abflood,LABEL_1,0.9999152421951294,"['Alberta', None, None]",,
Thanks to all the people from Siksika and non-nation members for helping people all over Alberta. Keep it up! #abflood #siksikaflood,LABEL_1,0.99991774559021,"['Alberta', None, None]",,
RT @SANDRAYYCNW: Calgary NW does their part for flood victims!! @krystadc and gang with a family lemonade stand http://t.co/QqiayWn6Eh”” #y…,LABEL_1,0.9999184608459472,"[None, None, 'Calgary NW']",,
"#Calgary #Alberta is my hometown. It is so sad to see what the flooding has done. Praying for you all, #StaySafe!",LABEL_1,0.9999160766601562,"[None, None, 'Calgary #Alberta']",,
Our thoughts and well wishes go to those affected by the floods in Alberta.  Here is a video of some of the... http://t.co/lJ8wotQMJe,LABEL_1,0.9999154806137084,"['Alberta', None, None]",,
"@NeighbourLink some hygiene items & cleaning supplies are on their way to you, from @sarinahomes. :).  #yychelps #yycflood",LABEL_1,0.9998925924301147,"[None, 'Calgary', '@sarinahomes']",,
RT @ohDeere: If anyone from blackie/brant/mossligh/carseland area want to help blackievolunteer@live.com #abflood,LABEL_1,0.999918818473816,"['Alberta', None, 'blackie/brant/mossligh/carseland area']",,
"RT @dwlonline: #Calgary, remember to Keep Calm and @nenshi On! #Calgary #yycflood http://t.co/ELV1Ai0SyM",LABEL_1,0.9999126195907592,"[None, 'Calgary', None]",,
"EMERG Update/11:30am: John Mar: Calgarians have come together.  They have lost everything, but are saying, 'How can I help?' #YYC #ABflood",LABEL_1,0.9999182224273682,"['Alberta', 'Calgary', None]",,
"UPDATE: 30,000 customers in #Calgary remain without power. #YYCflood #ABflood",LABEL_1,0.9999154806137084,"['Alberta', 'Calgary', None]",,
"RT @HillhurstSunny: @yychelps, can anyone w pickup trucks help? “@BigtimeYYC: The 4A Street garbage mountain. #yycflood #yychelps http://t.…",LABEL_1,0.9999182224273682,"[None, 'Calgary', '4A Street']",,
RT @YourAlberta: How to clean your home after a flood and other important re-entry info: http://t.co/Ye13uxCCNx | #abflood #yycflood,LABEL_1,0.9999171495437622,"['Alberta', 'Calgary', None]",,
RT @JohnnyJesus: Where are all the environmentalists in prius's pulling water pumps to #abflood stricken areas? That's what I thought.,LABEL_1,0.9999184608459472,"['Alberta', None, None]",,
RT @CalgaryPolice: UPDATE: Deerfoot Trail is now open in both directions. #yycflood,LABEL_1,0.9999189376831056,"[None, 'Calgary', 'Deerfoot Trail']",,
"RT @GlobalCalgary: Check out this woman in Bowness, who's walking around with a cooler of washcloths for workers! Great idea! #yycflood htt…",LABEL_1,0.9999163150787354,"[None, 'Calgary', 'Bowness']",,
RT @VaderneoPens77: What a view of #yycflood downtown. http://t.co/I5ZIQrL2Q8,LABEL_1,0.9999158382415771,"[None, 'Calgary', None]",,
"RT @bearcats_dean: @EricFrancis if someone missed the whole flood news, that tweet could be very unsettling. #yycflood",LABEL_1,0.9999121427536012,"[None, 'Calgary', None]",,
"That just leaves, laundry, packing n flying to Cgy for the week to see the aftermath of #yycflood. So much for spending the week in banff...",LABEL_1,0.9999090433120728,"[None, 'Calgary', 'banff']",,
RT @tvchick13: EMERG Update/11:30am: Enmax is working on power restoration.  Energy and water do not play well together  #YYC #ABflood,LABEL_1,0.9999183416366576,"['Alberta', 'Calgary', None]",,
Absolutely beautiful.  Cambodian orphans showing love and support to our Alberta flood victims by donating.  The... http://t.co/tw79SFY8wn,LABEL_1,0.9999161958694458,"['Alberta', None, None]",,
"Due to the floods in southern Alberta, the final 2 training sessions of this term will be postponed until September 12.",LABEL_1,0.9999161958694458,"[None, None, 'southern Alberta']",,
"RT @SnowdenNHL: 'Hell or High Water' t-shirts, all proceeds to the Canadian Red Cross Alberta Floods Fund. #Stampede101  http://t.co/hSr3An…",LABEL_1,0.999915599822998,"[None, None, None]",,
"@CstShaw My boss is making me go back to work tomorrow, I would rather do more cleanup! :) #yycflood http://t.co/476ZghJD2b",LABEL_1,0.9997490048408508,"[None, 'Calgary', None]",,
"RT @ShitNenshiHasto: I can't believe I have to say this, but we can't deliver wine if you don't specify red or white. #yycflood http://t.co…",LABEL_1,0.9998030066490172,"[None, 'Calgary', None]",,
A little rain today but those are significant floods in Canada.,LABEL_1,0.9999167919158936,"[None, None, 'Canada']",,
RT @schmutzie: Did you know flood insurance doesn't exist in Canada? Text REDCROSS to 30333 to donate $5 in support of #ABflood #yycflood,LABEL_1,0.9999165534973145,"['Alberta', 'Calgary', 'Canada']",,
RT @BowValley: A photo from our P2 level of the parkade. This is above P3. More details on our closure shortly. #abflood #yycflood http://t…,LABEL_1,0.9999195337295532,"['Alberta', 'Calgary', 'parkade']",,
"RT @CTVNews: Medicine Hat police say flooding has started, urge people to ‘stay off roads’ #medhat #mhflood #abflood   http://t.co/yxx61WtE…",LABEL_1,0.9999189376831056,"['Alberta', None, None]",,
Calgary News| Flooding in Calgary hampers response to pipeline leak in Little Buffalo http://t.co/oxZoXNpJU1,LABEL_1,0.9999179840087892,"[None, 'Calgary', 'Little Buffalo http']",,
"Too early to gauge extent of floodwaters' impact on S. Alta farmland, Ag Minister said Friday. #westcdnag #abflood http://t.co/nqjsD3t0PL",LABEL_1,0.9999179840087892,"['Alberta', None, 'S. Alta farmland']",,
#cdnpoli #abflood #Calgary What other cities & towns in #Alberta had #RCMP take anything out of their homes besides #HighRiver? @nenshi,LABEL_1,0.9999182224273682,"['Alberta', 'Calgary', 'HighRiver']",,
"RT @HomeDepotCanada: We’ve donated $125,000 to @redcrosscanada to assist those that have been affected by #abflood. Read more – http://t.co…",LABEL_1,0.9999165534973145,"['Alberta', None, None]",,
"65,000 Calgary residents get to return home as flood waters recede  http://t.co/ucYafoyxqD",LABEL_1,0.9999165534973145,"[None, None, None]",,
"RT @ServiceAlberta: Residents affected by #abflood can replace lost driver's licences, ID, and birth certificates at no cost http://t.co/Va…",LABEL_1,0.99991774559021,"['Alberta', None, None]",,
RT @PascalsPastries: Worried about our customers @KRI_Calgary @HotelArtsYYC @Fairmont_PAL Sending out our thoughts & good wishes. #yycflood,LABEL_1,0.9999181032180786,"[None, 'Calgary', None]",,
RT @CampbellMLA: Surveying the damage with Chief Rabbit Carrier at Siksika.  Hard to believe all this was underwater. #abflood http://t.co/…,LABEL_1,0.999918818473816,"['Alberta', None, 'Siksika']",,
I found some video footage that shows the street @StrideGallery is located on. TOTALLY NUTS. http://t.co/gWn1aub7Gl #abflood #yycflood,LABEL_1,0.9999191761016846,"['Alberta', 'Calgary', None]",,
"After an insane #yycflood , a nice change of normalcy to play hockey tonight. Got my new skates and ready to go. http://t.co/bwbEhHXM1A",LABEL_1,0.999854564666748,"[None, 'Calgary', None]",,
http://t.co/09aKateRnh #newsCA Southern Alberta braces for rain amid flood warnings - CBC.ca http://t.co/a7AGTyLkzt,LABEL_1,0.9999173879623412,"[None, None, 'Southern Alberta']",,
'Whatever it takes:' Redford announces $1B for 1st phase of Alberta flood relief - Winnipeg Free Press: Winnip... http://t.co/rzvMrCosES,LABEL_1,0.9999183416366576,"['Alberta', None, None]",,
"Siksika, AB - Flood 2013 Info https://t.co/4ssmqKJDwy #abflood",LABEL_1,0.9999175071716307,"['Alberta', None, 'Siksika, AB']",,
"Only in this generous city, just 1 day after a major flood all needs 4 supplies/shelters r already met. #yycflood http://t.co/wbPeETNA5a",LABEL_1,0.9999189376831056,"[None, 'Calgary', None]",,
"RT @mobilicity: #Mobilicity update re #yycflood: Calgary service remains stable, over 95% cell sites in service. Wishing Calgarians a quick…",LABEL_1,0.9999184608459472,"[None, 'Calgary', None]",,
RT @YYCFlood: Water levels in both the Elbow and Bow are expected to stay extremely high for the next several days. #yycfloods #yycflood #y…,LABEL_1,0.9999171495437622,"[None, 'Calgary', 'Bow']",,
"RT @YourAlberta: 680+ dogs, cats, birds and reptiles rescued in #highriver.  Call 403-652-6960 for pet rescue info. #abflood",LABEL_1,0.9999167919158936,"['Alberta', None, '403']",,
"@Rosie Goodmorning Ro, I live in Alberta & we have been hit by major storms, flooding , can u please RT #ALbertaFloodRelief so many r w/out",LABEL_1,0.9999173879623412,"['Alberta', None, None]",,
So Jason Kenny promises instant relief for those in Alberta on work visas impacted by the flood but denies EI changed to help everyone else?,LABEL_1,0.9999141693115234,"['Alberta', None, None]",,
"no question, thousands of homes are damaged, some may even be condemned #yycflood #abflood",LABEL_1,0.9999161958694458,"['Alberta', 'Calgary', None]",,
RT @aldjohnmar: The river bank in Mission. Debris trapped by the water. #yyc #yyccc #yycflood http://t.co/lOC3m5aGd9,LABEL_1,0.9999186992645264,"[None, 'Calgary', 'Mission']",,
RT @redcrosscanada: We are looking for volunteers to help following south Alberta floods. Please register at: http://t.co/0zYRdw5TO8 “ #yyc…,LABEL_1,0.99991774559021,"[None, 'Calgary', 'south Alberta']",,
"RT @TheEconomist: While the causes of floods in Alberta, Canada, remain a source of debate, their devastating results are all too clear htt…",LABEL_1,0.999916672706604,"[None, None, 'Canada']",,
RT @AFN_Updates: Treaty 7 fundraising benefit concert June 28-29 - all proceeds go to #abflood relief efforts Volunteers needed! Pls contac…,LABEL_1,0.9999175071716307,"['Alberta', None, None]",,
RT @AHS_media: Cleaning your flooded house? Tips to stay safe and healthy http://t.co/NZJmmHxfrN #abflood #yycflood,LABEL_1,0.9999172687530518,"['Alberta', 'Calgary', None]",,
"RT @cityofcalgary: 8:30 p.m., June 21, 2013  Raw - Media Scrum - Police Chief Rick Hanson talks about Calgary Flood http://t.co/QFuV6em1K3 …",LABEL_1,0.999891996383667,"[None, None, None]",,
"RT @Mookalicious: Ok Calgary, let's give this some RT love. It's awesome!! #abflood http://t.co/tPc5FFxg9P",LABEL_1,0.9999183416366576,"['Alberta', 'Calgary', None]",,
@420legalize well why don't you say I told you so in a 100 years. #abflood #yycflood  #Alberta,LABEL_1,0.9999181032180786,"['Alberta', 'Calgary', None]",,
"@bettyandtito :/ Actually, they did something similar after Hurricane Sandy in the US. Dirtbag company. http://t.co/fPbNXkC1Dx",LABEL_1,0.999915361404419,"[None, None, 'US']",,
Outdoor water restrictions continue. Please do your part to conserve water at home. http://t.co/zHhfYQqyKS #yycflood #yyconward,LABEL_1,0.9999185800552368,"[None, 'Calgary', None]",,
Time for some RAIN TRAINS. flooding in upper midwest & Canada. Fill up the rail tankers and ship some to TX & NM areas w/o water.,LABEL_1,0.9998946189880372,"[None, None, 'NM areas']",,
"Thank you to all those keeping us safe during this time, and the businesses helping the emergency services.  #yycflood",LABEL_1,0.9999178647994996,"[None, 'Calgary', None]",,
RT @hpliszka: That's the 1st time I've ever seen downtown #Calgary without lights. #yycflood http://t.co/XdbTJBCfzC via@dinnerwithjulie,LABEL_1,0.9999186992645264,"[None, 'Calgary', 'downtown']",,
"Shawn Wiebe is the face of the #yycflood, and the reason he was smiling so broadly will warm your heart. http://t.co/VFfxGSJ1CM",LABEL_1,0.9997984766960144,"[None, 'Calgary', None]",,
RT @LukaszukMLA: Red ribbon on doors depicts evacuated home. 1300 homes evacuated in @medicinehatcity #abflood #ableg http://t.co/9lAYTcHrxy,LABEL_1,0.9999182224273682,"['Alberta', None, '@medicinehatcity']",,
"@bcbeautygirl yes we are okay. I've taken in a friend, her 87 year old mom &amp; pets as they were evacuated. Watching the news &amp; staying dry",LABEL_1,0.9998447895050048,"[None, None, None]",,
"Floods disrupt Calgary home sales: Calgary’s housing market was one of the best in Canada, with an optimistic ... http://t.co/CsalEnEsef",LABEL_1,0.9999172687530518,"[None, 'Calgary', 'Canada']",,
"RT @sherwinarnott: Most media choosing to remain silent on climate change, Calgary and the Alberta floods. http://t.co/A6Lyu9axJe",LABEL_1,0.9999181032180786,"['Alberta', 'Calgary', None]",,
"RT @weathernetwork: 10,000 people expected to evacuate Medicine Hat by 10 a.m. Saturday as south Sask River is expected to flood #abflood h…",LABEL_1,0.9999164342880248,"['Alberta', None, 'Medicine Hat']",,
Overlooking a flooded city @ Crescent Heights http://t.co/hVzN2d9tJE,LABEL_1,0.999846577644348,"[None, None, 'Crescent Heights http</s>']",,
RT @redcrosscanada: Red Cross volunteers Therese and Monique are going door to door to check on residents. #abflood http://t.co/XIIPnUl68l,LABEL_1,0.9998942613601683,"['Alberta', None, None]",,
14 gallons filled. ?? Let all this be over soon. #yycflood http://t.co/JpO0brIi0J,LABEL_1,0.9998818635940552,"[None, 'Calgary', None]",,
#CRA has extended filing deadline for #tax returns due during the flood. Now have until Aug 2. #abflood,LABEL_1,0.99991774559021,"['Alberta', None, None]",,
RT @CalgaryPolice: Raw Video Footage of Calgary flooding captured by HAWCS earlier today: http://t.co/uTkaoi7mde #yycflood #yyc,LABEL_1,0.9999182224273682,"[None, 'Calgary', None]",,
RT @SavetheChildren: Latest update on @SaveChildrenCan's work to help kids who have been affected by flooding in Calgary: http://t.co/wbMjx…,LABEL_1,0.9999170303344728,"[None, 'Calgary', None]",,
Alberta flood victims mostly out of luck with insurance http://t.co/YD5UezG2oe,LABEL_1,0.9999171495437622,"['Alberta', None, None]",,
RT @ATA38: Uni's reviewing entrance requirements for 2013/14 acad yr after #abflood affects diploma exam administration. http://t.co/liCRbJ…,LABEL_1,0.999891757965088,"['Alberta', None, None]",,
Volunteering equipment and supplies at Bowness Community Centre #yycflood #yychelps http://t.co/6t2O50gikU,LABEL_1,0.999916672706604,"[None, 'Calgary', 'Bowness Community Centre']",,
"Canada flood: Rivers fed by torrential mountain rains spilled across the prairies of southern Alberta, Canada,... http://t.co/jmzZiGqTqV",LABEL_1,0.9999157190322876,"[None, None, 'southern Alberta,']",,
RT @cityofcalgary: 1/4If your home is in a self-assessed area don't forget to follow these steps before entering. #yycflood http://t.co/6Sp…,LABEL_1,0.999919295310974,"[None, 'Calgary', None]",,
"RT @HuffPostCanada: The Rockies will never be the same after the Alberta floods, says this scientist http://t.co/HEMzhSrS3s",LABEL_1,0.9999178647994996,"['Alberta', None, 'Rockies']",,
RT @VanCanucks: Our thoughts go out to the city of #Calgary and all those affected by this week's flooding.,LABEL_1,0.9999148845672609,"[None, 'Calgary', None]",,
"RT @calgaryrants: Hi @CalgaryFoodBank @Mookalicious I'm on my way with 10+ flats of water, from my employer Brokerlink.ca #yycflood http://…",LABEL_1,0.999919056892395,"[None, 'Calgary', None]",,
@FLAGALine is your concert in Calgary still hapenning Wednesday? Don't know if you've heard about the floods #yycfloods,LABEL_1,0.999919056892395,"[None, 'Calgary', None]",,
@TownOfHighRiver who do we contact regarding reptiles that have been rescued from homes?,LABEL_1,0.9998947381973268,"[None, None, None]",,
"To our customers affected by the floods in Alberta (Canada), #SageCares: http://t.co/W2XCAVmQNt",LABEL_1,0.9999172687530518,"['Alberta', None, 'Canada']",,
RT @cityofcalgary: Our animal friends @calgaryzoo were a little shaken following #yycflood but are doing well Carrie the giraffe is eating…,LABEL_1,0.9999185800552368,"[None, 'Calgary', '@calgaryzoo']",,
#Costco isn't even open yet and the entrance is already all lined up #yycflood,LABEL_1,0.999909281730652,"[None, 'Calgary', None]",,
RT @Metro_Nolais: Town of Devon has now declared state of emergency #abflood,LABEL_1,0.9999169111251832,"['Alberta', None, 'Devon']",,
RT @CstShaw: Some #yyc neighborhoods are still evacuated but these fellas have been protecting #yycflood homes all weekend! http://t.co/ZGB…,LABEL_1,0.9999183416366576,"[None, 'Calgary', 'yyc']",,
"RT @RickNewcombe: Alberta flood zone development was a mistake, former PC MLA says in his own report that was ignored! http://t.co/LorRrWn1…",LABEL_1,0.9999172687530518,"['Alberta', None, None]",,
RT @cityofcalgary: Find a updated list of road closures here: http://t.co/bYBO4UdRWE #yycflood,LABEL_1,0.9999191761016846,"[None, 'Calgary', None]",,
Downtown Calgary has been shut right down. I have never seen it this bad ever. I get a flood day today,LABEL_1,0.9999181032180786,"[None, None, 'Downtown Calgary']",,
They're building a second jetty in east Inglewood -it looks like it might be working. #yycflood http://t.co/c4srpW8uvQ,LABEL_1,0.9999065399169922,"[None, 'Calgary', 'east Inglewood']",,
RT @peppervirgin: Very impressed with #Starbucks to conceive as produce this so quickly. #yycflood http://t.co/KuqDeM06E8,LABEL_1,0.9998699426651,"[None, 'Calgary', None]",,
"RT @AP: UPDATE: Three dead from flooding in Alberta as 75,000 people are evacuated: http://t.co/QjyqKNLBV4 -MM",LABEL_1,0.9999163150787354,"['Alberta', None, None]",,
Home Depot Calgary apologizes for the clerical error of charging $42 for a flat of water to local flood victims.  #Riiiighhhhtt,LABEL_1,0.9999158382415771,"[None, None, None]",,
"Just talked with some people down here, their houses underwater, everyone in a state of shock. I wish them well. #yycflood #abflood",LABEL_1,0.9999169111251832,"['Alberta', 'Calgary', None]",,
Good @davidswann: visiting #Siksika Nation tomorrow to tour the damage &amp; see how to help http://t.co/FYs5P7N8pP #abflood #ablib,LABEL_1,0.999918818473816,"['Alberta', None, None]",,
"@yycfloods We have a huge 50 ton truck we filled with donations, where can this be donated in the city? #operationdonation #yycflood",LABEL_1,0.9999169111251832,"[None, 'Calgary', None]",,
Space Station Camera Captures Flooding in Calgary http://t.co/VrJN68NT3O #Calgary,LABEL_1,0.9999184608459472,"[None, 'Calgary', None]",,
RT @yuppielove: Immediate #yycflood need in Mission: Buildings need to cleaned + debris taken to curb. Also need ppl to load garbage trucks…,LABEL_1,0.9999165534973145,"[None, 'Calgary', 'Mission:']",,
@Traceybregman RT pls Canadian or not...it's time to lend a hand. Alberta needs our help...donate if you can!  https://t.co/AmXhfOUIqL,LABEL_1,0.9998962879180908,"['Alberta', None, None]",,
Momo the cat becomes a celebrity after Alberta floods http://t.co/WqINk5aEJD via @thecanadacom,LABEL_1,0.9999152421951294,"['Alberta', None, None]",,
RT @weathernetwork: Don't panic if you couldn't get your hands on bottled water in #yyc. Your drinking water IS safe! #yycflood.,LABEL_1,0.9999196529388428,"[None, 'Calgary', 'yyc']",,
RT @Binzento: In Calgary - we stay positive and smile even at bad times. #YYCflood #CalgaryFlood http://t.co/RkJWh2JCYD,LABEL_1,0.9999184608459472,"[None, 'Calgary', None]",,
"RT @cityofcalgary: 6 p.m., June 21, 2013  Premier Alison Redford speaks about Calgary Flood #yyc #yycflood http://t.co/yw2r2bdAVf",LABEL_1,0.999918818473816,"[None, 'Calgary', None]",,
RT @AFN_Updates: #AFN National Chief @shawnatleo with Siksika Chief at emergency response facility today #abflood http://t.co/LzPe9qps2S,LABEL_1,0.9998986721038818,"['Alberta', None, None]",,
There used to be a railing there. #yycflood #abflood memorial bike path. N side between 21 st and CBC NW http://t.co/9zYHlCNgsd,LABEL_1,0.9999184608459472,"['Alberta', 'Calgary', 'CBC NW']",,
RT @JulieRoweAuthor: Pictures and videos of massive flooding in Canmore and southern Alberta http://t.co/Ds2C0tDhYv via National Post,LABEL_1,0.999919056892395,"[None, None, 'southern Alberta']",,
MT @CTVBMacfarlane: Media barred from #HighRiver b/c privacy issues despite invites from residents. #abflood,LABEL_1,0.9999181032180786,"['Alberta', None, 'HighRiver']",,
RT @CJAY92: Let's not forget Siksika and Morley. #abflood http://t.co/YPM7iKniMk,LABEL_1,0.999880075454712,"['Alberta', None, None]",,
RT @staceybrotzel: A must read. The Stampede needs us this yr. Lovely story by @DonBraid. Made me tear up. http://t.co/ZgkO6UE4QF #yycflood…,LABEL_1,0.9989523887634276,"[None, 'Calgary', None]",,
"For those documenting (and i trust that someone is) this heroic effort, my photos are your photos #sunnyside #yycflood",LABEL_1,0.999869465827942,"[None, 'Calgary', None]",,
RT @JustinTrudeau: Communities impacted by the floods in Alberta urgently need our help - donate to the Canadian Red Cross: http://t.co/gLi…,LABEL_1,0.999915599822998,"['Alberta', None, None]",,
@erinmcleod18 @rhirhi8 Can we get a RT ladies to help support Red Cross in this disaster relief? #yycflood #abflood  http://t.co/8zegkb8Y0x,LABEL_1,0.9999176263809204,"['Alberta', 'Calgary', None]",,
RT @downtownjbro: When the water dissipates we should have a public stoning for all price gougers at Olympic plaza #yycflood,LABEL_1,0.9999185800552368,"[None, 'Calgary', 'Olympic plaza']",,
RT @Mookalicious: This pic of an awesome firefighter in Mission needs to go viral.  Please share! #abflood http://t.co/H1YF3RhJZs,LABEL_1,0.999918818473816,"['Alberta', None, 'Mission']",,
And he's a Red Sox fan! MT ?@Kelly_A_Bee CANADA'S Mayor 10 reasons why Calgarians love Nenshi  http://t.co/itoSAdfAgz  #yycflood,LABEL_1,0.9975704550743104,"[None, 'Calgary', None]",,
RT @KooL1015Calgary: A 15-year-old High River boy is missing due to the flood. Call police if you see Eric St. Denis #abflood #yycflood htt…,LABEL_1,0.999915599822998,"['Alberta', 'Calgary', 'High River']",,
RT @WabKinew: Unreal. Momo the cat and owner swim to safety during Calgary flood #abflood (via thestar) http://t.co/O0FSz5h3mY,LABEL_1,0.9999172687530518,"['Alberta', 'Calgary', None]",,
Thinking of all Albertans affected by the floods. Monetary donations can be made to @redcrossab 1800-418-1111 #abflood #yycflood #helpyyc,LABEL_1,0.9999146461486816,"['Alberta', 'Calgary', None]",,
General President Schaitberger in Downtown Calgary with front-line fire station crew working the floods @iaffnewsdesk http://t.co/WWsObX5iad,LABEL_1,0.9999173879623412,"[None, None, 'Downtown Calgary']",,
Why the #abflood hit so hard and so fast  http://t.co/ZwfGnxcGj0,LABEL_1,0.9999169111251832,"['Alberta', None, None]",,
"RT @mikesbloggity: Stampede is on. Too many volunteers at McMahon. Excuse me, while I have (another) hearty cry. #yycflood",LABEL_1,0.9999165534973145,"[None, 'Calgary', 'McMahon']",,
K-Country changed forever by flooding #ABflood http://t.co/Qq6JCbEFWa via @pinterest,LABEL_1,0.9999175071716307,"['Alberta', None, 'K-Country']",,
Highway 1 in #MedicineHat NOT closing now. Transportation Comms says because flood water not expected to rise much more at this time.,LABEL_1,0.999919056892395,"[None, None, 'MedicineHat']",,
"RT @MKutney: Calgarians were too busy causing climate change, that they forgot to plan for it - http://t.co/7uQ28df7YG - #CDNpoli #abflood",LABEL_1,0.9999176263809204,"['Alberta', None, None]",,
Wow this flood is intense. Everyone is evacuated,LABEL_1,0.9999176263809204,"[None, None, None]",,
Prayers go out to everyone suffering in Calgary because of the flood! &lt;3 xx #Calgary,LABEL_1,0.999914526939392,"[None, 'Calgary', None]",,
RT @HeatherYourex: Great resource document from Alberta Health Services - how to clean your house after a flood: http://t.co/uToZBM9ce5 #ab…,LABEL_1,0.9999182224273682,"[None, None, None]",,
RT @DruhFarrell: Peak flow of Bow River: 1700 cubic meters per second. Niagara Falls: 1834 cubic meters per second.  #yycflood,LABEL_1,0.9999186992645264,"[None, 'Calgary', 'Niagara Falls']",,
RT @raflopez: A photo we salvaged of @CalgaryStampede 1974... And this is why the show must go on. #yycflood… http://t.co/6KZPCpYajw,LABEL_1,0.9999163150787354,"[None, 'Calgary', None]",,
It is truly amazing to see all of the people in #yyc helping out all of those affected by the #yycflood #lovethiscity,LABEL_1,0.9999169111251832,"[None, 'Calgary', None]",,
RT @BauerHockey: Thoughts and prayers are with the people of Calgary and southern Alberta that have been affected by the floods. #calgaryfl…,LABEL_1,0.9999158382415771,"[None, 'Calgary', 'southern Alberta']",,
@SophiaBush please retweet to help those losing their homes to floods in Alberta. Redcross.ca #yycflood,LABEL_1,0.9999161958694458,"['Alberta', 'Calgary', None]",,
"RT @EllenOnWindsor: Hey Windsor-Essex, if you know of anyone local affected by the Alberta floods or helping out please contact @WinStarHill",LABEL_1,0.9999185800552368,"['Alberta', None, 'Windsor-Essex']",,
"RT @metrocalgary: Timeline on downtown LRT in question after flooding damages track, tunnels: http://t.co/Tq8biA4ykt #yycflood #abflood",LABEL_1,0.9999154806137084,"['Alberta', 'Calgary', None]",,
RT @350: Surreal pictures of flooding coming in from Alberta. This is what tar sands fueled climate change looks like. http://t.co/cGn46eyl…,LABEL_1,0.9999185800552368,"['Alberta', None, None]",,
RT @StarbucksCanada: Make a difference in #Alberta. Visit your participating store to make a donation to the Red Cross #abflood http://t.co…,LABEL_1,0.99991774559021,"['Alberta', None, None]",,
"Proud to be a member of @caampaccha who just donated $5,000 to Red Cross to help with the flooding in Alberta.",LABEL_1,0.9999157190322876,"['Alberta', None, None]",,
RT @LiciaCorbella: Laureen Harper and a bunch of Calgary MPs fill an entire garbage truck with garbage. #abflood http://t.co/Fwfah0mWsy,LABEL_1,0.999919056892395,"['Alberta', None, None]",,
RT @NealaBarton: Huge thanks to the @canadianforces who are on the ground here in High River. #abflood http://t.co/G6qCWYXhCW,LABEL_1,0.9999161958694458,"['Alberta', None, 'High River']",,
"RT @TheEconomist: While the causes of floods in Alberta, Canada, remain a source of debate, their devastating results are all too clear htt…",LABEL_1,0.999916672706604,"[None, None, 'Canada']",,
RT @CityofEdmonton: Flood watch for N. Sask R. means levels are rising & will approach or may exceed bank. #yeg #abflood,LABEL_1,0.999919056892395,"['Alberta', 'Edmonton', 'N. Sask R']",,
RT @InsuranceBureau: Federal government ready to foot the bill for Alberta flooding damage \http://t.co/tRMYzIdSiP #abflood #abstorm,LABEL_1,0.9999160766601562,"['Alberta', None, None]",,
RT @SUNKevinMartin: Cdn. Red Cross has so far raised more than $10.2 million for Alberta flood relief. #ABflood,LABEL_1,0.999914526939392,"['Alberta', None, None]",,
New post: Potential 3rd victim in Alberta flooding http://t.co/4cCRxnuf7q,LABEL_1,0.9999167919158936,"['Alberta', None, None]",,
Flooding forces evacuation in Calgary http://t.co/1XIkks8AvI via @USATODAY,LABEL_1,0.9999161958694458,"[None, 'Calgary', None]",,
having coffee in Bowness while the rest of the world thinks we are 'under water' @ bowness http://t.co/xSiBPVz7T4,LABEL_1,0.9995755553245544,"[None, None, 'Bowness']",,
@Koolgeordie @calgaryherald how about focus cleanup on flood victims only not on stampede have benefit concert instead #yyc #yycflood,LABEL_1,0.9999181032180786,"[None, 'Calgary', None]",,
"RT @zul10007: @willytme #yycfloodgouge #yycflood best thing to do is call the gougers out, name and location, call em out tweeps!",LABEL_1,0.999919295310974,"[None, 'Calgary', None]",,
Watching @nenshi with @DFriesenGlobal on Global National. Very eloquently telling the story of the #abflood #yycflood.,LABEL_1,0.9999176263809204,"['Alberta', 'Calgary', None]",,
RT @Krystaalmariee: @nenshi TODAY! Eggs & More is donating 100% of sales to Alberta flood relief. Please join us for a good meal! http://t.…,LABEL_1,0.9999172687530518,"['Alberta', None, None]",,
RT @NateInVegas: I'll donate $1 (up to $500) for every retweet this gets to help someone affected by the flood in #Calgary #Canmore #High R…,LABEL_1,0.9999167919158936,"[None, 'Calgary', 'Canmore']",,
@CanadaWise RT @johnearllee  #ABflood #YYCflood if you need a crew to cleanup tweet me. Have a crew everyday this week and beyond.,LABEL_1,0.9999173879623412,"['Alberta', 'Calgary', None]",,
RT @Premier_Redford: I want to acknowledge & thank golfer @GrahamDeLaet for his generous support of #abflood efforts! http://t.co/NOY1wNUuCu,LABEL_1,0.9999052286148072,"['Alberta', None, None]",,
RT @jamorel: RT @BowDogCalgary: #yycflood #yyc ATTENTION DOG LOVERS: Pound Rescue needs an aluminum boat ASAP! 5 dogs stranded http://t.co/…,LABEL_1,0.9999194145202636,"[None, 'Calgary', None]",,
"When all else fails - Amateur Radio, the original open-source project-Canada floods keep radio hams busy http://t.co/CJ5D00wwcG",LABEL_1,0.9996170997619628,"[None, None, 'Canada']",,
Alberta must do a ‘much better job of forecasting’ after failing to sound flood alarm early: Alberta’s river f... http://t.co/kn4xTjTQqu,LABEL_1,0.9999189376831056,"['Alberta', None, None]",,
Hearing about all the devastation in Calgary. Our hearts go out to the communities affected. #yycflood #ABflood,LABEL_1,0.9999138116836548,"['Alberta', 'Calgary', None]",,
"RT @cityofcalgary: 2/3 The Cecil Hotel parking lot at 3rd Street between 5th and 4th Avenues, SE. #yyc #yycflood",LABEL_1,0.9999027252197266,"[None, 'Calgary', 'SE']",,
"@PresChoice Turner Valley is an island. 2 bridges washed out. One road with BAD access. Milk, bread, diapers needed. Can you help? #abflood",LABEL_1,0.9999176263809204,"['Alberta', None, 'Turner Valley']",,
POWER IS BACK HERE IN DEER RUN!!! #yycflood,LABEL_1,0.9999191761016846,"[None, 'Calgary', 'DEER RUN']",,
RT @dansgoodside: Totally submerged. Still can't get over images like this. “@SpicedLeah: #Princess Island Park?! #Bow River #yycflood http…,LABEL_1,0.9999163150787354,"[None, 'Calgary', 'Bow River']",,
Bridge near turner valley. Or what's left of it. #yycflood #invisiblebridge #timetorebuild http://t.co/5aiRX8MM9a,LABEL_1,0.999915361404419,"[None, 'Calgary', 'turner valley']",,
"Any places in need of kids clothing? I have four bags full, baby to 10ys, new. Can also bring toothbrushes ect as well. #Yychelps #Abflood",LABEL_1,0.9997410178184508,"['Alberta', None, None]",,
"RT @CalgaryPolice: .@AllAboutJody Call 311, unless anyone is in immediate danger. Then call 911. #yycflood",LABEL_1,0.9999176263809204,"[None, 'Calgary', None]",,
RT @Jmalks: It's going to take Calgarians a long time to scoop all the water out of the saddledome with one cup. #yycflood #yyc #yeg #Calga…,LABEL_1,0.999919295310974,"[None, 'Edmonton', 'saddledome']",,
RT @cityofcalgary: The AB gov is aiding #yycflood victims though pre-loaded debit cards & the Disaster Recovery Program. For more info:  ht…,LABEL_1,0.9999175071716307,"[None, 'Calgary', None]",,
"RT @MetroFletch: Is it ok to punch neighbours who are watering their lawns? Only lightly, @nenshi says. #yycflood",LABEL_1,0.9999041557312012,"[None, 'Calgary', None]",,
"RT @vlrny: If you've got time to p/u stuff from @NeighbourLink and deliver it to residents, that would be super helpful. #yycflood",LABEL_1,0.9998955726623536,"[None, 'Calgary', None]",,
The strength of Mother Nature is unreal!! #abflood http://t.co/ptqkYbmc6p,LABEL_1,0.9999133348464966,"['Alberta', None, None]",,
"RT @ABPremierComms: Some residents of #highriver can return home tomorrow, Saturday, June 29 http://t.co/Fua2X63JIr #abflood @TownofHighRiv…",LABEL_1,0.9999194145202636,"['Alberta', None, None]",,
RT @NateInVegas: I'll donate $1 (up to $500) for every retweet this gets to help someone affected by the flood in #Calgary #Canmore #High R…,LABEL_1,0.9999167919158936,"[None, 'Calgary', 'Canmore']",,
How high's the water momma? 3feet high and rising #cash #abflood,LABEL_1,0.99991774559021,"['Alberta', None, None]",,
RT @MHNMcCuaig: #MHFLOOD UPDATE - audio Director of Emergency Management Ron Robinson #abflood  http://t.co/TrcQiRkBqW on #SoundCloud,LABEL_1,0.9999114274978638,"['Alberta', None, None]",,
"@TheEconomist: Why is it that businesses in Alberta can be insured against floods, but homeowners can't? http://t.co/rYfHcX7nGp",LABEL_1,0.99991774559021,"['Alberta', None, None]",,
"Flooding May Cause Service Delays in Alberta, Canada. Impacted areas: http://t.co/01V0UlK3Zo",LABEL_1,0.99991774559021,"[None, None, 'Canada']",,
RT @Laureen_Harper_: From friends - the bridge in Turner Valley is gone: http://t.co/bQxXyIjVAF #abflood #turnervalley,LABEL_1,0.999918818473816,"['Alberta', None, 'turnervalley']",,
"Kahanoff Building  been shut down for next 72 hours. Non-profit employees housed inside, stay home tom #yycflood @MelindaCalgary",LABEL_1,0.9999182224273682,"[None, 'Calgary', 'Kahanoff Building']",,
RT @RogersBuzz: Our thoughts are w/ those affected by the heavy flooding in S. Alberta. #texttodonate #abflood #yycflood http://t.co/2Lv5LZ…,LABEL_1,0.999915599822998,"['Alberta', 'Calgary', 'S']",,
"RT @metrocalgary: If you see price gouging during #yycfloods, let us know,  and we'll send @metro_nolais after them. #yycgreedy #abfloods",LABEL_1,0.9999161958694458,"[None, None, None]",,
RT @DanMcGarvey: Photo of 9A St at Memorial Drive in Calgary this morning (taken by @landtanklarry) #yycflood #abflood # http://t.co/NionoO…,LABEL_1,0.9999185800552368,"['Alberta', 'Calgary', 'Memorial Drive in']",,
RT @CBCMeg: Awesome! “@nicole_e_ellen: Helping out in #yyc and this guy shows up to lend a hand! Only in Calgary!! #yycfloods http://t.co/t…,LABEL_1,0.9999189376831056,"[None, 'Calgary', None]",,
RT @cityofcalgary: Outdoor water restrictions continue. Please do your part to conserve water at home. http://t.co/zHhfYQqyKS #yycflood #yy…,LABEL_1,0.9999185800552368,"[None, 'Calgary', None]",,
RT @tersestuff: @PMHarper said assisting Quebec flood victims NOT the army's job but   ALBERTA it is a different story  THAT's #CPC SCUM fo…,LABEL_1,0.9999120235443116,"['Alberta', None, 'Quebec']",,
Feeling useless & want to help folks in the #abflood zone? Text REDCROSS to 30333 to donate $5 in support of @RedCrossAB,LABEL_1,0.9999165534973145,"['Alberta', None, None]",,
#ClimateChange contributed to the Alberta floods but Albertans aren't the only ones contributing to climate change. #abflood,LABEL_1,0.999915361404419,"['Alberta', None, None]",,
RT @GregLeusink: Those Mormons may be onto something with their weird emergency supplies.  #abflood #yycflood,LABEL_1,0.9999186992645264,"['Alberta', 'Calgary', None]",,
RT “@LDPhotolab: Restoring precious photographs in the wake of the flood http://t.co/yKM1STswwX #abflood #heretohelp #yycflood”,LABEL_1,0.9999181032180786,"['Alberta', 'Calgary', None]",,
RT @TeamWildrose: Please RT this! @ElectDanielle #ABFlood update and Q&A tonight. Register at http://t.co/uDquRGB9yT #highriver http://t.co…,LABEL_1,0.9998584985733032,"['Alberta', None, None]",,
Hear hear! @jasonwajung: If I never tear out another sheet of drywall in my life i'll die a happy man #yycflood,LABEL_1,0.9997865557670592,"[None, 'Calgary', None]",,
It's #gorgeous and #sunny in #yyc #Calgary today. I hope it dries the #water quick! #goodvibes to #Calgarians affected by the #yycfloods,LABEL_1,0.999916672706604,"[None, 'Calgary', None]",,
RT @cityofcalgary: Please RT widely @nenshi - The City asks that Calgarians LIMIT WATE USE as much as possible. Thank you. #yyc #yycflood,LABEL_1,0.9999182224273682,"[None, 'Calgary', None]",,
"RT @markusoff: A chart of Calgary's Bow flow, going back to the even worse 1870 flood http://t.co/WORs8B88tW via @yycflood",LABEL_1,0.9999173879623412,"[None, 'Calgary', None]",,
"@EnerplusCorp continuing to provide equipment, fans, generators, pumps, etc., & vac truck service to those in need #yycflood #abflood",LABEL_1,0.9999179840087892,"['Alberta', 'Calgary', None]",,
@HomeDepotCanada gouges customers in #yyc $42 for a flat of water - twitter rightfully rips them a new one #yycflood,LABEL_1,0.9999182224273682,"[None, 'Calgary', None]",,
"Flooding forces evacuation of downtown Calgary, Canada http://t.co/x2ggBOeBu3",LABEL_1,0.9999165534973145,"[None, None, 'Canada']",,
RT @BradVFournier: Anyone doing late night cleanup tonight need a coffee? Food? Water? Let me know (: #yychelps #yycflood,LABEL_1,0.9999099969863892,"[None, 'Calgary', None]",,
@MinTimUppal ING DIRECT is matching donations up to $25K for the @redcrosscanada. Log-in to your ING DIRECT account to donate. #abflood,LABEL_1,0.9999172687530518,"['Alberta', None, None]",,
good example of a sociopath @MandyyChristina they financially influence solutions that cause harm always blaming victims #yycflood #abflood,LABEL_1,0.999916672706604,"['Alberta', 'Calgary', None]",,
RT @TonyHerald: RCMP seized High River firearms from homes to ‘control’ the situation http://t.co/ef0tGYToWU #abflood #ableg #cdnpoli,LABEL_1,0.999918818473816,"['Alberta', None, 'High River']",,
"The voice of the Lord is over the waters; the God of glory thunders, the Lord thunders over the mighty waters. #abflood #yyc #karma",LABEL_1,0.9999173879623412,"['Alberta', 'Calgary', None]",,
"RT @TheoFleury14: Breanne Waggott catches a fish outside her home in Bridgeland, several blocks from river. #yycflood foraging. http://t.co…",LABEL_1,0.999914050102234,"[None, 'Calgary', 'Bridgeland,']",,
"RT @Premier_Redford: We will get through this together. Stay strong, everyone #abflood #ableg #cdnpoli",LABEL_1,0.9999185800552368,"['Alberta', None, None]",,
So exited for my trip to Calgary! July 6-12! #calgarystampede #stampede.... That is if the flooding lets up.,LABEL_1,0.9998077750205994,"[None, 'Calgary', None]",,
ISERV observes flooding in Calgary http://t.co/MIZgtpBAR3 #image #NASA http://t.co/drxNUtVwF2,LABEL_1,0.9999016523361206,"[None, 'Calgary', None]",,
Hundreds of Siksika First Nation homes lost to flood - Canada - CBC News http://t.co/8v3M3wijFI,LABEL_1,0.9999172687530518,"[None, None, 'Canada']",,
PDS Vancouver onsite in High River #abflood,LABEL_1,0.9999138116836548,"['Alberta', None, 'High River']",,
RT @calg_kiaguy: Are you missing or found a four legged loved one? they may be on here http://t.co/UwlmDwjwpN #yyc #yycflood #abflood @CBCE…,LABEL_1,0.9999170303344728,"['Alberta', 'Calgary', None]",,
RT @greenroofsuk: Raw Video: Downtown Calgary flooding http://t.co/CWZiOizBwx,LABEL_1,0.9999178647994996,"[None, None, 'Downtown Calgary']",,
RT @Premier_Redford: I want to acknowledge & thank golfer @GrahamDeLaet for his generous support of #abflood efforts! http://t.co/NOY1wNUuCu,LABEL_1,0.9999052286148072,"['Alberta', None, None]",,
"@jasonkuzminski The resources should be used to help, rescue & organize, not protect and transport VIPs. #abflood #cdnpoIi",LABEL_1,0.9999164342880248,"['Alberta', None, None]",,
#calgary #flood #calgaryflood @ Centre St Bridge http://t.co/XQbOZgkbzb,LABEL_1,0.999916672706604,"[None, 'Calgary', 'Centre St Bridge']",,
RT @globaltvnews: Some Calgary neighbourhoods to reopen as flooding situation improves http://t.co/VRWDqWu1JI,LABEL_1,0.9999178647994996,"[None, None, 'Calgary neighbourhoods']",,
Calgary Flames' arena heavily damaged by floods - Los Angeles Times http://t.co/FC2OK8AiwV,LABEL_1,0.9999165534973145,"[None, None, None]",,
"RT @RickSCOREGolf: @GrahamDeLaet donating $1000 per birdie, $2500 for eagles today and tomorrow at Travelers for Calgary Flood Relief effort",LABEL_1,0.9999176263809204,"[None, 'Calgary', 'Travelers']",,
Outdoor watering will be allowed with water cans this weekend because of hot weather Burrell says. #yycflood,LABEL_1,0.9999157190322876,"[None, 'Calgary', None]",,
US EPA Changes in climate could have significant impacts on flooding events http://t.co/PerlTprUfL #abflood #yycflood#cdnpoli #ableg,LABEL_1,0.9999181032180786,"['Alberta', 'Calgary', None]",,
RT @EmergencyInfoBC: Update: #BC offers aid to Alberta in wake of record floods http://t.co/cYFkWtSWUB #abfloods #yyc @DriveBC,LABEL_1,0.9999181032180786,"['Alberta', 'Calgary', 'BC']",,
"Hoping everyone is safe and dry right now.   Remember the staff is here to help you out, please message or call.    #yycflood",LABEL_1,0.999919295310974,"[None, 'Calgary', None]",,
Nothing like spending 11 hours with the Mounties and  helping a teammate out. #yycflood #cleanupcrew http://t.co/QzIHDWE1El,LABEL_1,0.9999120235443116,"[None, 'Calgary', None]",,
"RT @lucas_makowsky: When #yycflood closures prevent us from training @theolympicoval, @WinSportCanada welcomes us with open..doors..at the …",LABEL_1,0.999915599822998,"[None, 'Calgary', None]",,
"RT @cityofcalgary: Stay up-to-date with The City's media scrums with, well, the Media. #yyc #yycflood http://t.co/cdOYmySEZh",LABEL_1,0.9999157190322876,"[None, 'Calgary', None]",,
Iconic photo RT @Mookalicious: This pic of an awesome firefighter in Mission needs to go viral Please share! #abflood http://t.co/VXfA8ejQgG,LABEL_1,0.9999110698699952,"['Alberta', None, 'Mission']",,
@SUNRenatoGandia: Citizens Calgary amazing for their patience says @Enmax CEO #yycflood isn't going 2 help 2 get angry!,LABEL_1,0.9999189376831056,"[None, 'Calgary', None]",,
@redcrosscanada is accepting donations to help victims of Alberta floods.,LABEL_1,0.999915361404419,"['Alberta', None, None]",,
for all the latest on info on the #yycflood as well as the #calgarystrong song &  @thedjkav's #calgarystrong mix! http://t.co/Zo47MysCgz,LABEL_1,0.9999127388000488,"[None, 'Calgary', None]",,
RT @cgoomansingh: Water being pumped around the downtown. Lots of crews out today. #yycflood @GlobalNational http://t.co/uwbnoqjeQf,LABEL_1,0.9999184608459472,"[None, 'Calgary', 'downtown']",,
"@yyccityproperty thank you for the follow, I read your blog. Will the #abflood affect the #yycrealestate market?",LABEL_1,0.9998831748962402,"['Alberta', None, None]",,
RT @cityofcalgary: Landfill hours have been extended and tipping fees will be waived for citizens disposing flood related waste #yycflood,LABEL_1,0.999915361404419,"[None, 'Calgary', None]",,
Very proud of my fellow municipal civil servants for providing their help to our sister-city Calgary in this time of need #yeg #yycflood,LABEL_1,0.9999182224273682,"[None, 'Edmonton', None]",,
RT @Mookalicious: This pic of an awesome firefighter in Mission needs to go viral.  Please share! #abflood http://t.co/H1YF3RhJZs,LABEL_1,0.999918818473816,"['Alberta', None, 'Mission']",,
2013 Flood resources for business | Calgary Chamber http://t.co/gfW226XXIs,LABEL_1,0.999918818473816,"[None, None, None]",,
RT @cityofcalgary: Please remember to call 911 only in case of emergency @calgarypolice #yyc #yycflood,LABEL_1,0.999919056892395,"[None, 'Calgary', None]",,
"RT @Premier_Redford: We will get through this together. Stay strong, everyone #abflood #ableg #cdnpoli",LABEL_1,0.9999185800552368,"['Alberta', None, None]",,
Cloverdale residents say city must do more to prevent flooding: Some frustrated residents in Cloverdale are still... http://t.co/v6XNLxAQl8,LABEL_1,0.999918818473816,"[None, None, 'Cloverdale']",,
RT @Sowanonair: Taking advantage of the situation. What a dick move! #yycflood #abflood http://t.co/uC6VsR8H2J,LABEL_1,0.9999130964279176,"['Alberta', 'Calgary', None]",,
Thousands flee flooding in western Canada http://t.co/F2RxlmMiTz,LABEL_1,0.9999181032180786,"[None, None, 'western Canada']",,
Flood watch issued for Edmonton and Devon: Alberta Environment and Sustainable Resource Development has issued... http://t.co/T0mYXjF2ZM,LABEL_1,0.9999172687530518,"[None, None, 'Devon']",,
Angry High River evacuees show up at media update. Mayor gets an earful. # #abflood http://t.co/uVhLvQtM56,LABEL_1,0.9999181032180786,"['Alberta', None, None]",,
"RT @wick_22: Please RT #omgp .... it costs @WBrettWilson $1.00 for #Yycflood every time!!!Just do it!! #abflood #yyc thanks Brett, love yo…",LABEL_1,0.9999133348464966,"['Alberta', 'Calgary', None]",,
Let us know how you plan to #delivergood this week in response to the #yycflood,LABEL_1,0.9999147653579712,"[None, 'Calgary', None]",,
“@edmontonjournal: Disaster sociologist says southern Alberta flood unlike others in North American http://t.co/etuHJxpxRu”,LABEL_1,0.9999164342880248,"[None, None, 'North American']",,
Here's our story on diploma exam situation: http://t.co/boAeKx2Uhy #yyc #yycflood,LABEL_1,0.9971447587013244,"[None, 'Calgary', None]",,
RT @cityofcalgary: Pls.RT residents asked to NOT to return prior to 1 p.m. #yycflood,LABEL_1,0.999919056892395,"[None, 'Calgary', None]",,
@RedCrossCanada can't take product donations. We want to help the victims in #Calgary! Please let us know who we should contact. #abflood,LABEL_1,0.9999158382415771,"['Alberta', 'Calgary', None]",,
"Praying for continued endurance for all : to stay strong, positive & supportive for one another #shareyourenergy #yycflood",LABEL_1,0.999918818473816,"[None, 'Calgary', None]",,
Shaw have opened the Shaw Go WiFi network for all citizens in Southern Alberta  please connect to the ShawGo network #yycflood,LABEL_1,0.9999176263809204,"[None, 'Calgary', 'Southern Alberta']",,
"Update: Discovery Ridge residents can return to their homes. Evac orders are being systematically lifted, slowly #yyc #yycflood",LABEL_1,0.9999195337295532,"[None, 'Calgary', 'Discovery Ridge']",,
RT @Mookalicious: Many have asked what the inside of the Saddledome looks like after the flood. Here's our first image! #abflood http://t.c…,LABEL_1,0.9999175071716307,"['Alberta', None, 'the Saddledome']",,
"Never mind the citizens' well being, as long as oil is ok / Harper on Alberta floods: ‘Don’t worry, the oil is ok’  http://t.co/7FLhBXHBgH",LABEL_1,0.999919056892395,"['Alberta', None, None]",,
"Insane.  Hang in there, Calgary.  Alberta flood: Torrential rains and widespread flooding http://t.co/JFqD8MPQAO",LABEL_1,0.9999167919158936,"['Alberta', 'Calgary', None]",,
"Update: State of Local Emergency: While significant progress has been made throughout the city, The City of... http://t.co/Xo7bKKjAuA",LABEL_1,0.9999024868011476,"[None, None, 'The City of']",,
RT @BiancaGoCentral: #Hwy2 Spotted numerous military heading south to assist in #ABFlood #thanks for keeping #ab safe,LABEL_1,0.9999184608459472,"['Alberta', None, None]",,
RT @YouthCentralYYC: Check out youth perspectives on the #yycflood by checking out their amazing blog posts on our @youthareawesome http://…,LABEL_1,0.9999175071716307,"[None, 'Calgary', None]",,
RT @mschneuker: “@news_ian: A picture of the Cougar Creek in Canmore - what a difference a few days make #abflood http://t.co/cFfEVF2Fc4” #…,LABEL_1,0.9999184608459472,"['Alberta', None, 'Canmore']",,
"RT @Crackmacs: Princess Auto is open 24hrs for #yycflood relief http://t.co/F4EwWdtDfi pumps, hoses, generators and other clean-up supplies…",LABEL_1,0.999919056892395,"[None, 'Calgary', None]",,
RT @cityofcalgary: .@nenshi effective midnight tonight The City is lifting all H2O restrictions but pls continue to be #waterwise #yycflood,LABEL_1,0.999919056892395,"[None, 'Calgary', None]",,
@CTVdavidspence People must think I'm strange wishing for rain after the flooding but our air is so dry.  Happy Canada Day to you and yours!,LABEL_1,0.9998613595962524,"[None, None, None]",,
Canada floods: More Alberta cities placed on alert - BBC News http://t.co/KtJbPu5GA6,LABEL_1,0.9999176263809204,"[None, None, 'Alberta cities']",,
RT @Howirollins: @nenshi  RT for this amazing local designer @cinderandsage  donating all proceeds to #yycflood victims! Heroic! http://t.c…,LABEL_1,0.9999169111251832,"[None, 'Calgary', None]",,
RT @SUNKSchneider: Photo by Sun visual journalist Lyle Aspinall goes viral | Calgary | News | Calgary Sun http://t.co/GODGXYnnvm #yycflood …,LABEL_1,0.9999066591262816,"[None, 'Calgary', None]",,
RT @missiondiner: Mhairi the Diners owner was just interviewed by CBC. Flick on your tv or check back here for the link. #yycflood #smallbi…,LABEL_1,0.9998666048049928,"[None, 'Calgary', None]",,
RT @redcrosscanada: We are accepting financial donations to assist people affected by flooding in Alberta: http://t.co/Xd9mbM2uj8 #abflood,LABEL_1,0.9999165534973145,"['Alberta', None, None]",,
RT @RicMcIver: @JBirdCg We are committed to helping. Town is in the lead & GOA providing full support. Lots of work still to do. #abflood #…,LABEL_1,0.9999183416366576,"['Alberta', None, None]",,
RT @CalgaryPolice: Please listen to Traffic Advisory Radio 106.5 FM for traffic updates #yycflood #yyc Good source of info.,LABEL_1,0.9999189376831056,"[None, 'Calgary', None]",,
RT @williamshatner: My thoughts and prayers are with the flood victims in Calgary. MBB,LABEL_1,0.9999148845672609,"[None, 'Calgary', None]",,
"RT @Premier_Redford: We are taking action today to help more than 100,000 Albertans displaced by #abflood http://t.co/V8ejfqBH1Q #yycflood …",LABEL_1,0.9999172687530518,"['Alberta', 'Calgary', None]",,
Good luck to Julie Bastarache from Richibucto who will be deploying shortly to assist with Alberta Floods #abflood,LABEL_1,0.9999161958694458,"['Alberta', None, 'Richibucto']",,
RT @redcrosscanada: We are accepting financial donations to assist people affected by flooding in Alberta: http://t.co/Xd9mbM2uj8 #abflood,LABEL_1,0.9999165534973145,"['Alberta', None, None]",,
Another show of AB's amazing spirit. The flood hasn't even hit Med Hat yet & they have too many volunteers! http://t.co/xG1s7zHmoJ #ABflood,LABEL_1,0.9999133348464966,"['Alberta', None, 'Med Hat']",,
“@jdotbojangles: Calgary Flood Footage  [Tweet #CalgaryStrong]:     http://t.co/fuf73yNRpO” u guys need to watch this .. My city underwater,LABEL_1,0.9999184608459472,"[None, 'Calgary', None]",,
RT @JordanSweeto: I hope if you're like me and are in Calgary you are staying safe with all this news about floods &lt;3 :c,LABEL_1,0.9999189376831056,"[None, 'Calgary', None]",,
RT @OrgCode: The OrgCode team shares goodwill and positive energy to our friends and clients in Alberta impacted by the floods. Stay safe.,LABEL_1,0.9999165534973145,"['Alberta', None, None]",,
"RT @ChrisVarcoe: Siksika Nation, facing huge flooding, has a Facebook page for flood updates: https://t.co/vuEqJ6p9zL  #CHlive #abflood",LABEL_1,0.9999179840087892,"['Alberta', None, None]",,
Now witness the Twitter-beating I am getting from @Beari8it My anus is ripped and bleeding #CdnPoli #yycflood #yyc #roft,LABEL_1,0.999782145023346,"[None, 'Calgary', None]",,
RT @alanacbaker: Eroding river bank in Inglewood. Crews working feverishly to save the houses. #abflood # http://t.co/6E677tomEG,LABEL_1,0.999916672706604,"['Alberta', None, 'Inglewood']",,
RT @AER_news: Alberta Energy Regulator operations continue during southern Alberta floods #abflood #AER #albertaenergy #YYCflood\\http://t.…,LABEL_1,0.9999159574508668,"['Alberta', 'Calgary', 'southern Alberta']",,
"#yycflood LIVE: Power issues could continue for weeks, months: Burrell http://t.co/scUvO1Qj79",LABEL_1,0.9999185800552368,"[None, 'Calgary', None]",,
"RT @mountroyal4u: City of Calgary buses are picking up flood relief volunteers June 29-July 1 at #MRU in Lots 3, 4 & 5. Pickup between 8-11…",LABEL_1,0.9999172687530518,"[None, None, 'Lots 3']",,
"RT @CTVCalgary: Alberta Health Services has issued a boil water order, to the Town of Canmore (drinking water supply), in full. #ABflood",LABEL_1,0.9999170303344728,"['Alberta', None, 'Canmore']",,
RT @GongshowGear: Flooding now up to 15th row in SaddleDome - thoughts and prayers are with everyone in Calgary #BeSafe http://t.co/tdp3YkX…,LABEL_1,0.9999189376831056,"[None, 'Calgary', 'SaddleDome']",,
"RT @kristayyc: On 10 st west side has power, east side doesn't #sunnyside #yycflood",LABEL_1,0.9999191761016846,"[None, 'Calgary', 'east side']",,
Yet to hear any thing bout the floods our end of the bow other then the dam has all flodd gates open,LABEL_1,0.9998179078102112,"[None, None, None]",,
"RT @jtraptow: Volunteers needed! If you're 18 or older, meet up at McMahon Stadium at 10 am TODAY http://t.co/0HqM5MmXNX #yychelps #yycflood",LABEL_1,0.9998973608016968,"[None, 'Calgary', 'McMahon Stadium']",,
Rutland Park is also coordinating volunteers to help out. Visit: https://t.co/SXXt4PNYA3 for more details. #yycflood #yycW11,LABEL_1,0.9999126195907592,"[None, 'Calgary', 'Rutland Park']",,
RT @calgaryherald: Video: Some SW #yyc residents venture back for what's left of their homes: http://t.co/vM0XGb9HVJ #abfloods #yycflood ht…,LABEL_1,0.9999189376831056,"[None, 'Calgary', 'SW']",,
RT @EricFrancis: Flames prez Ken King just left the Dome and debunks report the Jumbotron was on the ground b4 the flooding. #yycflood,LABEL_1,0.9999125003814696,"[None, 'Calgary', 'Dome']",,
RT @aynsjane: A photo of Melissa's condo... She's on the first floor and everything has been destroyed #yycflood :( http://t.co/EmqBDLI2V5,LABEL_1,0.9999175071716307,"[None, 'Calgary', None]",,
"RT @TwoBucksWorth: Calgary flood victims face price-gouging #YYCGreedy | Don't worry, these asshats will pay for it. What goes around...\ht…",LABEL_1,0.999916672706604,"[None, 'Calgary', None]",,
Computer get wet from the Alberta Flooding?  @LondonDrugs is offering free assessments and affordable data-recovery!  ^is,LABEL_1,0.9999157190322876,"['Alberta', None, None]",,
Finally my time to shine! I'm safe! Come for a visit. Lots of great food and people. #yycflood,LABEL_1,0.9998830556869508,"[None, 'Calgary', None]",,
"RT @markusoff: A chart of Calgary's Bow flow, going back to the even worse 1870 flood http://t.co/WORs8B88tW via @yycflood",LABEL_1,0.9999173879623412,"[None, 'Calgary', None]",,
"UPDATE: More evacuated residents should be allowed back this afternoon, downtown residents will be last. http://t.co/tjXEoTHOqP #yycflood",LABEL_1,0.9999195337295532,"[None, 'Calgary', None]",,
RT @SkyNews: Canada Floods Force Thousands Of Evacuations http://t.co/hp083sdNoR,LABEL_1,0.9999173879623412,"[None, None, 'Canada']",,
RT @saroshrizvi: FYI. Power still out along 4 St. In mission. Both 4th and 2nd streets closed south of 23rd ave #yycflood #chlive,LABEL_1,0.999919056892395,"[None, 'Calgary', '23rd ave']",,
"RT @hikebiketravel: That's one scary looking river. RT @kirkstokes123: #yycflood centre street bridge, river is absolutely ravenous http://…",LABEL_1,0.9999186992645264,"[None, 'Calgary', None]",,
Please share this message! Step up to help us rebuild after #yycfloods with the Red Cross Challenge. http://t.co/JZcH4L7Zub #yychelps,LABEL_1,0.9999163150787354,"[None, None, None]",,
Evac order for parts of discover ridge lifted #yycflood http://t.co/ECltcRbedl,LABEL_1,0.999919295310974,"[None, 'Calgary', None]",,
Social media reaction to the Alberta flooding | Alberta | News | Calgary Sun http://t.co/CjtFt2rCPd #socialmedia,LABEL_1,0.9999181032180786,"['Alberta', None, None]",,
RT @Metro_Katie: .@nenshi says right about now is when we have to start worrying about people's mental health after #yycflood,LABEL_1,0.9999160766601562,"[None, 'Calgary', None]",,
RT @PlanetLeor: Sorting out the essentials at Siksika. More volunteers needed but no more clothes #yycflood http://t.co/cS7ZhEEwWM,LABEL_1,0.9998985528945924,"[None, 'Calgary', 'Siksika']",,
@GlobalCalgary: WATCH IN FULL: Alberta Floods 2013. A special edition of the Early News with @Linda_Olsen. #YYC #abflood when ?,LABEL_1,0.9999169111251832,"['Alberta', 'Calgary', None]",,
Spending the day helping out rural Albertans reclaim their homes. #abflood #yyc #calgarystrong [pic]: http://t.co/5Cm1NGawNs,LABEL_1,0.9999169111251832,"['Alberta', 'Calgary', None]",,
"RT @BikeBikeYYC: One aspect of the #yycflood that seems positive to me? So many people choosing to #yycbike makes the DT feel, well, oh so …",LABEL_1,0.9999111890792848,"[None, 'Calgary', None]",,
"RT @nikkibooth2: RT @tonyherald: Amazing, humbling story: Cambodian orphans donate to help Alberta flood victims http://t.co/BX5QCtkq0z #yy…",LABEL_1,0.99991774559021,"['Alberta', None, None]",,
RT @cb_kolb: @JoshWLockwood: NYC-area Red Cross volunteers helping flood victims upstate and in Canada today! Thx to these big-hearted her…,LABEL_1,0.9999181032180786,"[None, None, 'Canada']",,
RT @Kage_99: Even one MORE reason why I love Starbucks so! #likeineededanother #ABFlood http://t.co/EBNGnReOY7,LABEL_1,0.9992740750312804,"['Alberta', None, None]",,
"... and tires, and life jackets, and thermoses... #abflood http://t.co/Fz6zm4a4Rq",LABEL_1,0.9998843669891356,"['Alberta', None, None]",,
RT @CIAwesome: VIDEO: Giant tree is swept in to the Bow River near Memorial Drive http://t.co/DxZXFXZa5q #yycflood #abflood,LABEL_1,0.9999171495437622,"['Alberta', 'Calgary', 'Memorial Drive']",,
"RT @kimpagegluckie: RT @dominique_mac: Please help find David! He was evacuated, may be in #yycflood shelter. Ask to call sister Debra http…",LABEL_1,0.9999183416366576,"[None, 'Calgary', None]",,
RT @globeandmail: In pictures: Calgary recovers from massive flooding http://t.co/K3ZBDwQQ0B,LABEL_1,0.9999178647994996,"[None, 'Calgary', None]",,
@joshclassenCTV @ctvedmonton Non stop thunder. Woke me up. Would expect severe t storm warning.,LABEL_1,0.9978362917900084,"[None, None, 'ctvedmonton']",,
RT @cityofcalgary: Please continue to share your amazing photos with us! http://t.co/8r559mUZM9 #yycflood #yyconward,LABEL_1,0.9999171495437622,"[None, 'Calgary', None]",,
RT @Linda_Olsen: Awesome! “@Mookalicious: This is the new sexy in Calgary! Love it!! #abflood http://t.co/p4JlGqPKi1”,LABEL_1,0.9998722076416016,"['Alberta', 'Calgary', None]",,
@SaintMichael_AB why would they turn you away? That is terrible! #yycflood,LABEL_1,0.9997876286506652,"[None, 'Calgary', None]",,
"Calgary friends, if you are able, please join me in registering at yychelps.ca as a flood relief volunteer.",LABEL_1,0.9999173879623412,"[None, 'Calgary', None]",,
RT @KelseyMooreYYC: Eerie pic from inside the Saddledome. So hard to believe what's happened. #yyc #yycflood #abflood http://t.co/AqsX1RnHXs,LABEL_1,0.9999184608459472,"['Alberta', 'Calgary', 'the Saddledome']",,
"RT @amanda_conn: Tsuu T'ina holding benefit concert Friday/Saturday to raise money for Treaty No. 7 nations impacted by #abflood, @ Buffalo…",LABEL_1,0.99991774559021,"['Alberta', None, 'Buffalo']",,
!! xoxo “@billmckibben: pictures of #Calgary #flooding are truly astonishing http://t.co/tFTbl5vJLD”,LABEL_1,0.9999171495437622,"[None, 'Calgary', None]",,
RT @CalgaryPolice: UPDATE: #yyc Courts are now going to be CLOSED until at least Thursday. #yycflood,LABEL_1,0.9999197721481324,"[None, 'Calgary', None]",,
RT @windspeakernews: RT @CanadaBridges: Do you want to donate to #Morley and #Siksika? if so please do this first! #abflood http://t.co/zpi…,LABEL_1,0.9999178647994996,"['Alberta', None, None]",,
"BREAKING: Media will be allowed into the town of High River in an hour, for a look at flood damage. #abflood",LABEL_1,0.9999151229858398,"['Alberta', None, 'High River']",,
Your photos of Southern Alberta floods  #abflood »http://t.co/4kyMlsLd7C« #FOLBACKFROMINDONESIA,LABEL_1,0.9999160766601562,"['Alberta', None, 'Southern Alberta']",,
"'dem duke boys been here #roadtrippin #outruntheflood @ Wayne, Alberta http://t.co/tYvdNZM8RV",LABEL_1,0.8739097118377686,"[None, None, 'Wayne, Alberta']",,
"RT @CBCAlerts: Flooding at Saddledome destroys equipment, memorabilia  . #Flames hope arena repaired in time for NHL season #abflood",LABEL_1,0.9999178647994996,"['Alberta', None, 'Saddledome']",,
This flooding in Alberta is unreal!! #abflood #yycflood Keep up the good work @pmharper @Premier_Redford on doing what you can to help.,LABEL_1,0.9999154806137084,"['Alberta', 'Calgary', None]",,
"RT @amandamarie403: Guys, seriously. This shouldn't even have to be said. It's not funny or cool. It's deadly. #abflood #yycflood http://t.…",LABEL_1,0.9999179840087892,"['Alberta', 'Calgary', None]",,
Happy to be helping out @m_hickman12 #yycfloods http://t.co/riOb9GNtIZ,LABEL_1,0.99989652633667,"[None, None, None]",,
“@CalgaryPolice: Aerial photo of flooding around the Saddledome. #yycflood http://t.co/QRpohb9V0g” You can see @stampedeag areas too.,LABEL_1,0.9999194145202636,"[None, 'Calgary', 'Saddledome']",,
"RT @cbcDougDirks: @nenshi If you're still standing, @WBrettWilson donating $1 for every tweet, RT of hashtag #OMGP to max 50k for #yycflood…",LABEL_1,0.9999170303344728,"[None, 'Calgary', None]",,
Cambodian orphans donate to help Alberta flood victims http://t.co/yjR3cJ0Iwl via @calgaryherald  AMAZING!  :-),LABEL_1,0.9999170303344728,"['Alberta', None, None]",,
Where is Harpers talk to Canada re the floods in Alberta?,LABEL_1,0.999915361404419,"['Alberta', None, 'Canada']",,
"RT @ReidFiest: .@nenshi asks anyone with a vehicle that is parked downtown, please move it so street cleaning can be done. #yyc #yycflood",LABEL_1,0.9999164342880248,"[None, 'Calgary', None]",,
RT @660News: A Government of Alberta call centre is now in place to answer questions from residents affected by the flooding. Residents cal…,LABEL_1,0.9999161958694458,"[None, None, None]",,
RT @CalgaryPolice: Aerial photo of flooding at the Calgary Stampede Grandstand. #yycflood http://t.co/mcxO9RekKQ,LABEL_1,0.999918818473816,"[None, 'Calgary', None]",,
Live Emerg Ops Update #YYC: under emerg mgt act price fixing above normals levels is illegal. individuals could be prosecuted. #ABflood,LABEL_1,0.99985933303833,"['Alberta', 'Calgary', None]",,
"Lake McKenzie Water Rescue: At 1:57 PM today, Calgary Fire Department (CFD) water rescue crews responded to Lake... http://t.co/pomsKjq4jC",LABEL_1,0.9999186992645264,"[None, None, 'Lake']",,
RT @Cmdr_Hadfield: Floods are an unbridled misery. My heartfelt thoughts and wishes for a swift recovery to those battling the Alberta high…,LABEL_1,0.9999182224273682,"['Alberta', None, None]",,
RT @guardian: Canadian floods prompt evacuation of entire downtown Calgary area:  http://t.co/rjQDHI2G0g,LABEL_1,0.9999163150787354,"[None, None, 'downtown Calgary area']",,
RT @Rujiroj: What's with the military jacket? Who does PM Harper think he is? Commander-in-Chief? #cdnpoIi #abflood,LABEL_1,0.9996535778045654,"['Alberta', None, None]",,
RT @CTVBridget: Aw! “@Daorcey: Thank you for trying to unflood Calgary. Drawings like this hang in Emergency Ops Centre. #yycflood http:/…,LABEL_1,0.999918818473816,"[None, 'Calgary', 'Emergency']",,
Incredible damage from the #yycflood but so amazing to see the community coming together to help each other out!  http://t.co/UzLOzES3Jj,LABEL_1,0.9999176263809204,"[None, 'Calgary', None]",,
The #Calgary flood effected #Mortgages; CMHC Calgary had to evacuate it's office an pass on it's files to #Vancouver to process. #yyc #yyj,LABEL_1,0.9999159574508668,"[None, 'Vancouver', None]",,
stay strong calgary! I hope the worst is over. #CalgaryStrong #abflood,LABEL_1,0.999915599822998,"['Alberta', 'Calgary', None]",,
"If you need a distraction from the realities of #yycflood, hit up dire.tv and watch m'friend DireDwarf stream some Minecraft &lt;3",LABEL_1,0.999914050102234,"[None, 'Calgary', None]",,
@CalgaryCoop So this feeds 30 people? http://t.co/4tCS8026g0 Give me a break liars! RIP OFF! Plus you carry no organic meat! #yycflood,LABEL_1,0.9993610978126526,"[None, 'Calgary', None]",,
Beautiful sunny day today. Everyone is downtown taking pictures. I love this city. #yycflood http://t.co/s8krSMkZJ2,LABEL_1,0.9999104738235474,"[None, 'Calgary', None]",,
RT @BBCWorld: VIDEO: House foundations washed away by serious flooding in Canadian province of Alberta http://t.co/BiLtS4FJlX,LABEL_1,0.9999178647994996,"['Alberta', None, 'Canadian province of']",,
RT @Dufresnm: How did this little river cause so much damage to #stampede #saddledome homes??? #cbc #yyc\#cbc #yycfloods http://t.co/I5ssVa…,LABEL_1,0.9999191761016846,"[None, 'Calgary', None]",,
"RT @UCalgary: Faculty and staff displaced by #yycflood with no other accomodation, please register at Yamnuska Hall at 3348-24 Ave. We can …",LABEL_1,0.9999183416366576,"[None, 'Calgary', '3348-24 Ave']",,
Food Trucks Aid Those Displaced by Calgary Floods #YYCHelps http://t.co/o5KyMCvULn,LABEL_1,0.9999169111251832,"[None, 'Calgary', None]",,
#yycflood & #abflood relief donations are being accepted by Canadian Red Cross. https://t.co/64jl0ZuHn3,LABEL_1,0.9999179840087892,"['Alberta', 'Calgary', None]",,
people can have confidence there is a plan in place to rebuild says @Premier_Redford  #abflood,LABEL_1,0.9999183416366576,"['Alberta', None, None]",,
"The #Calgary flood: a new high water mark for visible, measurable repercussions of climate change in Canada http://t.co/Pp3nI9hi2B #cdnpoli",LABEL_1,0.99991774559021,"[None, None, 'Canada']",,
Just heard #Calgary Mayor @nenshi on The National.  With mayors in the news for all the wrong reasons he's really inspiring! #yycflood,LABEL_1,0.9998528957366944,"[None, 'Calgary', None]",,
RT @TwetKat: For Our Tomorrow - Calgary Flood 2013 http://t.co/CSUQOau9TQ via @youtube beautifully poinent and worth watching. We are #calg…,LABEL_1,0.9999189376831056,"[None, None, None]",,
@capnart: @WestJet @WBrettWilson #OMGP Sounds like easy money! Just donate the 50k please. Really is no time for #twittergames #ABflood,LABEL_1,0.9998935461044312,"['Alberta', None, None]",,
@nenshi it's amazing how you influence and affect the surrounding communities !! In a positive way! #yycflood,LABEL_1,0.9998996257781982,"[None, 'Calgary', None]",,
RT @KellyCareersCA: Are you in Calgary? Please contact us if you're unsure about reporting to your assignment today due to floods. Toll fre…,LABEL_1,0.9999170303344728,"[None, 'Calgary', None]",,
Incredible turn-out for the volunteer event organized today at McMahon Stadium. #yycflood http://t.co/iUW4cYVSln,LABEL_1,0.999887466430664,"[None, 'Calgary', 'McMahon Stadium']",,
"RT @CBCAlerts: Parts of Calgary core may get power back, starting Tuesday  . Transit service to downtown still suspended. #abflood",LABEL_1,0.9999165534973145,"['Alberta', None, 'downtown']",,
RT @680News: .@calgarystampede selling ‘Hell or High Water’ T-shirts to raise money for #Alberta flood relief. http://t.co/oEkfSWYEFK #abfl…,LABEL_1,0.999918818473816,"['Alberta', None, None]",,
"What did the flood say to Calgary? Nothing, it just waved.",LABEL_1,0.9999169111251832,"[None, 'Calgary', None]",,
RT @cgoomansingh: Calgary police not impressed with all the people touring evacuated areas and playing in rushing flood water #yycflood @Gl…,LABEL_1,0.9999159574508668,"[None, 'Calgary', None]",,
RT @NHL: Sending our thoughts to the @NHLFlames and everyone in Alberta affected by the #yycflood.,LABEL_1,0.9999169111251832,"['Alberta', 'Calgary', None]",,
#yycflood. im glad im safe. but i pray for those who had to leave their homes &' that everyone in calgary is safe. http://t.co/EjJctbk128,LABEL_1,0.9999183416366576,"[None, 'Calgary', None]",,
#yycflood @AndyLally: @Ale__Map I was very sad to hear that & see those pictures. love that city.Of course a big S/O to everyone...!,LABEL_1,0.9998984336853028,"[None, 'Calgary', None]",,
RT @HealthyNewDawn: WTG!! Blackfoot truckstop is feeding first responders and roads crews all night and tomorrow. #yycflood,LABEL_1,0.9999185800552368,"[None, 'Calgary', 'Blackfoot truckstop']",,
#teamfollowback Central Calgary evacuated in floods http://t.co/oFpNBei7i4\ #autofollow,LABEL_1,0.9999164342880248,"[None, None, 'Central Calgary']",,
Dads still out there till 10 tonight trying to get power to peoples houses.THANK YOU TO ALL THE VOLUNTEERS FROM CUTSOM ELECTRIC!! #yycflood,LABEL_1,0.9999191761016846,"[None, 'Calgary', None]",,
"RT @Dean_Murdoch: People are wonderin if I'm OK. I'm at the Saddldome, in the Nosebleeds, fishin.  #yycfloods",LABEL_1,0.9999110698699952,"[None, None, 'the Saddldome']",,
Alberta flooding unlikely to stymie federal plans to slay deficit - Montreal Gazette: Montreal GazetteAlberta ... http://t.co/GtCBuEmXTy,LABEL_1,0.9999158382415771,"['Alberta', None, None]",,
RT @UCalgary: All #UCalgary campuses to remain closed Mon and Tues. All classes and events cancelled. #yycflood #ABflood http://t.co/YiRWkV…,LABEL_1,0.999919056892395,"['Alberta', 'Calgary', 'UCalgary campuses']",,
RT @Mookalicious: This pic of an awesome firefighter in Mission needs to go viral.  Please share! #abflood http://t.co/H1YF3RhJZs,LABEL_1,0.999918818473816,"['Alberta', None, 'Mission']",,
"RT @GlobalCalgary: In non #yycflood related news...the Chicago Blackhawks have won the Stanley Cup, with a 3-2 win over the Boston Bruins. …",LABEL_1,0.9997305274009703,"[None, 'Calgary', None]",,
Alberta flooding: Momo the cat ‘is a survivor’ Yaaaay Momo! http://t.co/fcK1GA8fY5,LABEL_1,0.9999169111251832,"['Alberta', None, None]",,
RT @benevity: South. AB Flood Relief Fund supports LOCAL charities that help those impacted by #abflood Give at http://t.co/3iG894MKoz /cc …,LABEL_1,0.9999167919158936,"['Alberta', None, 'South']",,
MRT @cjay92: Nenshi Drinking water IS safe! Mandatory outdoor water restrictions in place... Suspend all use... outdoors #yycflood #yyc,LABEL_1,0.999919295310974,"[None, 'Calgary', None]",,
RT @JellyModern: Are you on your way to help with the #yycflood cleanup? Stop by and we will send you off with a dozen doughnuts and coffee…,LABEL_1,0.9999185800552368,"[None, 'Calgary', None]",,
"RT @nicole473: via .@thinkprogress Massive Flooding In Alberta Canada Forces 75,000 To Flee http://t.co/F2vFnmNMdd #p2",LABEL_1,0.9999114274978638,"[None, None, 'Alberta Canada']",,
Made it to Vancouver. Will take red eye to Ottawa. Still people stranded in Banff with no route to Calgary. Road washed away. #abflood,LABEL_1,0.999919056892395,"['Alberta', 'Calgary', 'Banff']",,
"RT @cityofcalgary: Bylaw has been waived, RV's and trailer's are allowed on the street as long as they do not obstruct traffic. #yycflood #…",LABEL_1,0.999919295310974,"[None, 'Calgary', None]",,
RT @goaliegirlmom31: #siksika #abflood An online donation site is being set up. Details announced Monday. Megweetch to all those wishing to…,LABEL_1,0.9999176263809204,"['Alberta', None, 'siksika']",,
RT @CBCBryan: Head of Calgary Transit says Doug Morgan says water still in south line tunnels.  Still pumping. #abflood #,LABEL_1,0.9999169111251832,"['Alberta', None, 'south line tunnels']",,
Why are stores raising the price if water?This is Canada people!Sad that you need to make an extra dollar during this devastation #yycflood,LABEL_1,0.99991774559021,"[None, 'Calgary', 'Canada']",,
In Calgary and area the expanse of the damage is enormous but I still cant imagine the Tsunami that hit Japan. #perspective #abflood,LABEL_1,0.9999160766601562,"['Alberta', 'Calgary', 'Japan']",,
Fire chiefs slam cuts to emergency preparedness in wake of Alberta flooding http://t.co/VvhqojUT82 via @thecanadacom,LABEL_1,0.9999169111251832,"['Alberta', None, None]",,
RT @jbunnyh: Got 2 school with nearly an hour to spare! Great job @calgarytransit on getting ppl around in #yycflood I have 2 travel from H…,LABEL_1,0.999918818473816,"[None, 'Calgary', None]",,
Thanks to Greystone for helping send $5000 worth of shop-vacs/pumps to @Fitz_Flooring in Calgary for flood relief. http://t.co/febtKANYZQ,LABEL_1,0.9999181032180786,"[None, 'Calgary', None]",,
The karaoke battle of the Calgary flood @ Stonegate Pub http://t.co/agDcRciNSg,LABEL_1,0.9996490478515624,"[None, 'Calgary', 'Stonegate Pub']",,
"RT @ShitNenshiHasto: I can't believe I have to say this, but yes, we'll be using copies of the Calgary Sun to clean up the roads. #yycflood",LABEL_1,0.9999178647994996,"[None, 'Calgary', None]",,
"RT @CS_DTA: We're hosting a thank you b'fast for city employees, EMS, CFD & CPS Thurs, 6am- Manchester Yard 25th Ave SE. #yycflood",LABEL_1,0.9999176263809204,"[None, 'Calgary', 'Manchester Yard 25th Ave SE']",,
RT @cderworiz: We're driving east on one of the westbound lanes of the TransCanada Hwy. That's the eastbound lane. #abflood http://t.co/WnT…,LABEL_1,0.9999185800552368,"['Alberta', None, 'TransCanada Hwy']",,
RT @globaltvnews: First group of High River residents return home http://t.co/2deu1SPOjs #HighRiver #abflood,LABEL_1,0.9999182224273682,"['Alberta', None, 'HighRiver']",,
How Calgary actually repaired the Bonnybrook Trail derailment @nenshi #yycflood #trainderailment Super Nenshi II http://t.co/eXEGtvyA6h,LABEL_1,0.9999176263809204,"[None, 'Calgary', 'Bonnybrook Trail']",,
For all those affected by the floods in Canada  #Purrs4Peace,LABEL_1,0.9999159574508668,"[None, None, 'Canada']",,
My thought exactly! @parksyKCCO: I think I know where that extra $53 mil should go. #yycflood #CalgaryStrong,LABEL_1,0.9999115467071532,"[None, 'Calgary', None]",,
RT @660News: Mayor @nenshi says any access to downtown Calgary not likely until middle of next week.#YYCFlood,LABEL_1,0.999918818473816,"[None, 'Calgary', 'downtown Calgary']",,
Happy to see everyone in Calgary pulling together as community and staying safe through this disaster. #albertaflooding,LABEL_1,0.9999151229858398,"[None, 'Calgary', None]",,
RT @cityofcalgary: Please RT widely @nenshi - The City asks that Calgarians LIMIT WATE USE as much as possible. Thank you. #yyc #yycflood,LABEL_1,0.9999182224273682,"[None, 'Calgary', None]",,
RT @GlobalEdmonton: William and Kate send best wishes to Alberta http://t.co/UOf3QlG293 #abflood,LABEL_1,0.9999181032180786,"['Alberta', None, None]",,
RT @C_DIG: The huge lineups of cars at the Old Quality Inn now the temp @calgarydropin. Will house 1000+ homesless tonight #yycflood,LABEL_1,0.9999191761016846,"[None, 'Calgary', 'calgarydropin']",,
Thoughts of support to fellow #entrepreneurs @EOCalgary chapter dealing with #abflood . Be safe. Hope the rain stops. From @eomontreal board,LABEL_1,0.9999175071716307,"['Alberta', None, None]",,
"@happycampergirl What's the State of The Calgary, Mme President? Flood waters receding yet?",LABEL_1,0.9999183416366576,"[None, 'Calgary', None]",,
RT @BUILDEXshows: We hope everyone stays safe. #abflood,LABEL_1,0.9999186992645264,"['Alberta', None, None]",,
"A'ho! | Kiaan. Many blessings to You @Harv_Durocher for prayers for my People, Siksika Nation. #abflood #treaty7 #Indigenous #NDNZ",LABEL_1,0.9998893737792968,"['Alberta', None, None]",,
RT @ampcalgary: Elbow expected to drop 60% and Bow 25% today #yycflood #CalgaryStrong,LABEL_1,0.9999179840087892,"[None, 'Calgary', None]",,
@Neeshi We’d be happy to continue providing coffee to the volunteers. Let us know where we can help! cjones@vanhoutte.com #YYCFlood,LABEL_1,0.9999063014984132,"[None, 'Calgary', None]",,
My parents aren't evacuating & are on their way to help animals in #highriver effected by the #abflood with @ElectDanielle #soproud #besafe,LABEL_1,0.9999167919158936,"['Alberta', None, 'highriver']",,
Glad to see this! RT @HomeDepotCanada We've received your messages & are investigating. We will ensure this gets resolved ASAP #yycflood,LABEL_1,0.9999165534973145,"[None, 'Calgary', None]",,
RT @Tomain58: Boycott the Queensland Liquor Store in Calgary.  Only scum would take advantage of flood victims. #calgaryflood http://t.co/s…,LABEL_1,0.9999170303344728,"[None, 'Calgary', None]",,
#Fail Twitter Shuts Down Calgary Police's Account During a Flood Emergency Because They Had Reached Their Daily Ma... http://t.co/CXRBlt870S,LABEL_1,0.9999171495437622,"[None, None, None]",,
"RT @VA5LF: The weir in Saskatoon is just a rapid, as sask water clears space for the #abflood waters in lake Diefenbaker #yxe http://t.co/a…",LABEL_1,0.99991774559021,"['Alberta', 'Saskatoon', 'lake Diefenbaker']",,
RT @frosty75: So apparently #nap4nenshi is a thing now. Lets get this trending #yycflood #yyc @nenshi,LABEL_1,0.9997933506965636,"[None, 'Calgary', None]",,
RT @ChrisVarcoe: Breaking:  AB gov says 25 confirmed state of local emergencies declared as of 1 pm today. #chlive #abflood,LABEL_1,0.9999185800552368,"['Alberta', None, None]",,
American Express to donate to flood relief in Alberta http://t.co/qyxSdHxaez,LABEL_1,0.9999158382415771,"['Alberta', None, None]",,
#RCMP interviewing senators in spending investigation http://t.co/E0bEVKb4HJ via @CTVNews #Alberta #Vancouver #Ottawa #Canada #abflood #CBC,LABEL_1,0.9996401071548462,"['Alberta', 'Ottawa', 'Canada']",,
RT @Pennyvane10: #cdnpoli #abflood #Calgary What other cities & towns in #Alberta had #RCMP take anything out of their homes besides #HighR…,LABEL_1,0.9999179840087892,"['Alberta', 'Calgary', 'HighR…']",,
"RT @jennyhanners: Urgent need trailer, tricks, skiffs to haul materials from 5822 Bow Water Crescent @yychelps #yychelps #yycflood",LABEL_1,0.999919295310974,"[None, 'Calgary', '5822 Bow Water Crescent']",,
RT @Genevieves: Rogers/Fido customers: make a $5 donation to help those in the affected regions by texting “ABHELP” to 4664 #yycflood #roge…,LABEL_1,0.9999179840087892,"[None, 'Calgary', None]",,
RT @EdmCA: #RCMP just released these amazing aerials of #HighRiver taken Saturday: http://t.co/kERz20klUL #abflood,LABEL_1,0.9999178647994996,"['Alberta', None, 'HighRiver']",,
RT @nenshi: Please stay clear of downtown tomorrow (if you can). There will be a number of road closures. #yycflood #yyc,LABEL_1,0.9999185800552368,"[None, 'Calgary', 'downtown']",,
Deadly floods hit western Canada: At least three people have died as floods sweep western Canada and officials... http://t.co/9AqO3VNer8,LABEL_1,0.9999170303344728,"[None, None, 'western Canada']",,
RT @AMARoadReports: RT @ctvdavidspence: Beautifully done video of the #Calgary flood.  Must see.  #yyc  http://t.co/F8t3J7laYB,LABEL_1,0.999916672706604,"[None, 'Calgary', None]",,
@88Lewis I'm training at kelowna pick-n-pull this week n they're taking donations 4 Calgary and surrounding floods right now! #canadastrong,LABEL_1,0.9999169111251832,"[None, 'Calgary', 'kelowna pick-n']",,
RT @etchysketch: It's reminiscent of a zombie apocalypse at grocery stores. Quick trip took 3 hrs. Shelves empty/long lines #yycflood http:…,LABEL_1,0.9999178647994996,"[None, 'Calgary', 'grocery stores']",,
RT @edmontonpolice: Interested in helping victims of the #abflood?  Visit the @redcrosscanada website to donate: http://t.co/EZI9wJLXEv #ye…,LABEL_1,0.9999179840087892,"['Alberta', None, None]",,
Why aren't people staying home!!!? STAY HOME! #yycflood,LABEL_1,0.9999186992645264,"[None, 'Calgary', None]",,
RT @MelissaBetter: All sorts of stuff happening this morning. First thing - #OMGP raising money via Brett Wilson for #yycflood -... http://…,LABEL_1,0.9999126195907592,"[None, 'Calgary', None]",,
"RT @YourAlberta: DEBIT CARD update: to register for #abflood evacuee relief cards, call @RedCrossAB at 1-866-696-6484, not 311. http://t.co…",LABEL_1,0.9999185800552368,"['Alberta', None, None]",,
Calgary flooding OMG just awful!,LABEL_1,0.9999184608459472,"[None, 'Calgary', None]",,
"@cityofcalgary Momentum Health wants to help those hurt cleaning up after the flood , 403-474-7880 #calagraystrong #WeAreCalgary #YYCflood",LABEL_1,0.9999157190322876,"[None, 'Calgary', None]",,
Packing a family's life into a dumpster. So sad. Lots of volunteers but so much work to be done. #yycflood,LABEL_1,0.9999184608459472,"[None, 'Calgary', None]",,
"Wow first floods , The collapsing bridges now buildings on fire Wtf Calgary ??? http://t.co/OKp31MRCYH",LABEL_1,0.9999175071716307,"[None, 'Calgary', None]",,
Still no power in Mission. Very thankful for Starbucks 24 hour Wi-Fi! #yycflood #starbucksinternet,LABEL_1,0.9998804330825806,"[None, 'Calgary', 'Mission']",,
RT @girliegeishako: @Downtownfood packing boxes of sandwiches burgers and soups for #abflood drop-in centres http://t.co/nv2sL60R7x,LABEL_1,0.9999117851257324,"['Alberta', None, None]",,
I love this pretty City. We will fix you. Promise.  #yycflood http://t.co/ge82gRKWzw,LABEL_1,0.9998555183410645,"[None, 'Calgary', None]",,
Please RT #yycflood - need help 9am tomorrow - 33 New street (9ave x 13st se) around back - found floor isnt. #ugh http://t.co/HhhopiDOm5,LABEL_1,0.9999186992645264,"[None, 'Calgary', '9ave x 13st se)']",,
RT @candicane3: #yycflood damage continues as loaded #cprail train is falling into Bow River http://t.co/VfPRTxEPrx,LABEL_1,0.999919295310974,"[None, 'Calgary', 'Bow River']",,
"RT @660NewsTraffic: Exit the community over the Bow river bridge, then via Three Sisters Parkway. Follow the detour signs. #abflood 2/2",LABEL_1,0.9999183416366576,"['Alberta', None, 'Three Sisters Parkway']",,
"RT @afreedma: As Calgary copes w/ record flooding, studies point to increased risk of river flooding in warming world http://t.co/G002lMbjg…",LABEL_1,0.9999171495437622,"[None, 'Calgary', None]",,
Tour of Alberta course hit by flooding http://t.co/VM1ZKUjrdz,LABEL_1,0.9999179840087892,"[None, None, None]",,
Cody is on his way to Calgary! There may be a small delay of his arrival due to flooding. #ParadiseTour,LABEL_1,0.999880075454712,"[None, 'Calgary', None]",,
RT @ABHumanServices: There is no line up at Ernest Manning centre. Red Cross is waiting to help. #ABflood http://t.co/svzmAILYC0,LABEL_1,0.9999088048934937,"['Alberta', None, 'Ernest Manning centre']",,
RT @Premier_Redford: Some thoughts on an emotional second day of touring areas affected by #abflood http://t.co/bAy5CsCDmo #highriver #medh…,LABEL_1,0.9999186992645264,"['Alberta', None, 'medh…']",,
Some Calgary flood evacuation orders expected to lift http://t.co/YfPtun6YCz,LABEL_1,0.9999167919158936,"[None, 'Calgary', None]",,
UWeekly Newsletter June 24: 'U of L Calgary Campus Flood Closure -- Update' and more [READ] http://t.co/bJl3RR6Hlh #uleth #yql #lethbridge,LABEL_1,0.9999175071716307,"[None, None, None]",,
RT @Bloomyyc: I have a company that has a BBQ & food to serve 500. Any good ideas on where to put it tomm? #yyc #yychelps #yycflood #bowness,LABEL_1,0.9997301697731018,"[None, 'Calgary', None]",,
Why supporting local charities to help flood relief efforts matters & how to donate - see http://t.co/FXRa1idfis #yycflood #abflood,LABEL_1,0.9999170303344728,"['Alberta', 'Calgary', None]",,
"Nenshi says if this incident happened in 2005, water system would be offline. Water treatment investment is paying off now. #yyc #ABflood",LABEL_1,0.999918818473816,"['Alberta', 'Calgary', None]",,
RT @StaffSgtDodd: All the best to 1st responders working #yycFlood RT“@chantelathon: Military enroute to High River. AWESOME picture. http:…,LABEL_1,0.9999191761016846,"[None, 'Calgary', 'High River']",,
RT @globaltvnews: UPDATE: #Calgary Zoo to close for at least two weeks http://t.co/4hb18mZ7xQ #abflood #yyc #calgaryzoo,LABEL_1,0.9999189376831056,"['Alberta', 'Calgary', 'calgaryzoo']",,
"RT @cityofcalgary: Most of the downtown core, north of 17 Ave. S., has been opened for assessment by building owners. #yycflood http://t.co…",LABEL_1,0.9999182224273682,"[None, 'Calgary', '17 Ave']",,
RT @PFairhead: RT @mercermatt: This pic of an awesome firefighter in Mission needs to go viral.  Please share! #abflood http://t.co/t21Ep26…,LABEL_1,0.999919056892395,"['Alberta', None, 'Mission']",,
I've been glued to news & twitter since 6am following #yycflood. Hope to get motivated to go dancing tonight. #solstice,LABEL_1,0.9999135732650756,"[None, 'Calgary', None]",,
RT @The_Newstime: Flood Waters Rage Through Alberta Towns; KATE UPTON Getting Cozy with LA Clippers' BLAKE GRIFFIN?..more News Videos-&gt; htt…,LABEL_1,0.9999184608459472,"[None, None, 'Alberta Towns']",,
RT @MapleLeafs: Our thoughts are with the @NHLFlames and everyone in Alberta affected by the #yycflood.,LABEL_1,0.99991774559021,"['Alberta', 'Calgary', None]",,
Scenes from the desolation and recovery from the Calgary floods http://t.co/0lnfhJb7uM,LABEL_1,0.9999161958694458,"[None, 'Calgary', None]",,
RT @OttawaCitizen: Calgary Stampede will work around the clock to get flood-ravaged park ready for July 5 http://t.co/BHfRSb04mP,LABEL_1,0.9999179840087892,"[None, None, None]",,
"RT @8bit_HORIJUN: 3 die in floods, 75,000 forced from Calgary homes (from @AP) http://t.co/AztZBvfCZw",LABEL_1,0.9999178647994996,"[None, 'Calgary', None]",,
"RT @660News: As of this morning, @redcrosscanada has raised $10.2 million for Alberta flood relief #abflood",LABEL_1,0.9999150037765504,"['Alberta', None, None]",,
RT @Prairies: Beauty!RT @julie_martel:Chair washed up as water begins 2recede on Macleod 1 block fm @calgarystampede park #yycflood http://…,LABEL_1,0.9999195337295532,"[None, 'Calgary', '@calgarystampede park']",,
@BlawnDee Embrace your Canadian pride. Spread word/support of relief efforts for #abflood and #yycflood. #canadastrong #highriver #calgary,LABEL_1,0.9999186992645264,"['Alberta', 'Calgary', None]",,
Here's a little something for #yyc to cheer them up #yycflood .... HA! https://t.co/E42C4pyJO4,LABEL_1,0.999914288520813,"[None, 'Calgary', None]",,
@RunningRoom will the #yyc Eau Claire half-marathon training be relocated for tomorrow or is it cancelled ? #yycflood,LABEL_1,0.9998761415481568,"[None, 'Calgary', None]",,
"RT @CTVNews: Medicine Hat police say flooding has started, urge people to ‘stay off roads’ #medhat #mhflood #abflood   http://t.co/yxx61WtE…",LABEL_1,0.9999189376831056,"['Alberta', None, None]",,
"Mayor: 'Can't control Mother Nature': CNN's Paula Newton reports on the devastating flooding in Calgary, Alber... http://t.co/iU7ZTXX8fA",LABEL_1,0.9999179840087892,"[None, None, 'Calgary, Alber']",,
RT @amainsurance: Our Calgary Downtown location remains closed. It will reopen once access to downtown is restored. #yyc #abflood #yycflood,LABEL_1,0.9999159574508668,"['Alberta', 'Calgary', 'Calgary Downtown']",,
Let Jean Becq know be can work at my photo studio. #abflood #togs,LABEL_1,0.9998879432678224,"['Alberta', None, None]",,
RT @Plan_Prep_Live: Photo of flooded Calgary Stampede grounds and grandstand from #abflood. http://t.co/UNtuA8IFe9,LABEL_1,0.999916672706604,"['Alberta', None, None]",,
RT @RickFraserMLA: Had a chance to see #HighRiver Hospital w/ @kenhughesMLA. Great work being done to re-open #abflood http://t.co/9viSXWw7…,LABEL_1,0.9999183416366576,"['Alberta', None, 'HighRiver Hospital']",,
RT @cityofcalgary: Our animal friends @calgaryzoo were a little shaken following #yycflood but are doing well Carrie the giraffe is eating…,LABEL_1,0.9999185800552368,"[None, 'Calgary', '@calgaryzoo']",,
RT @YYCFlood: “@sheldondyck: If adversity reveals character then YYC and AB you got a lot #abflood #yycflood #comehellorhighwater”,LABEL_1,0.9999194145202636,"['Alberta', 'Calgary', None]",,
"RT @weatherchannel: The stuggles continue following massive flooding in Calgary -- now, a bridge is sinking with a train stuck on it: http:…",LABEL_1,0.9999164342880248,"[None, 'Calgary', None]",,
RT @Mookalicious: Wanna see an eerie pic?!  Power is completely out in Downtown Calgary! #abflood http://t.co/nqSxFKgM2o,LABEL_1,0.999919295310974,"['Alberta', None, 'Downtown Calgary']",,
RT @redcrosscanada: We are accepting financial donations to assist people affected by flooding in Alberta: http://t.co/Xd9mbM2uj8 #abflood,LABEL_1,0.9999165534973145,"['Alberta', None, None]",,
Bitter sweet news my cousins get to go home today #highriver #abflood lots of work ahead but everyone's healthy! #goodday,LABEL_1,0.9999189376831056,"['Alberta', None, None]",,
Anyone in Calgary need flood clean-up help now? I'm with a pack of volunteers and we're looking for our next project.,LABEL_1,0.9999154806137084,"[None, 'Calgary', None]",,
"RT @ezralevant: This kook works for the UN, natch RT @PavanSukhdev: Calgary floods, climate changes but Canada's oil sands must go on for c…",LABEL_1,0.9999136924743652,"[None, 'Calgary', 'Canada']",,
RT @CalgaryParking: On-street parking has been free since emergency declared & will continue until the emergency has been lifted. #yycflood…,LABEL_1,0.9999185800552368,"[None, 'Calgary', None]",,
RT @LondonDrugs: Alberta flood relief donations are being accepted at all @londondrugs stores. http://t.co/GKmvEwRbln,LABEL_1,0.9999169111251832,"['Alberta', None, None]",,
"RT @cityofcalgary: Most of the downtown core, north of 17 Ave. S., has been opened for assessment by building owners. #yycflood http://t.co…",LABEL_1,0.9999182224273682,"[None, 'Calgary', '17 Ave']",,
"Important for the wee ones! RT @DruhFarrell If leaving fridges or freezers on front lawn, please take the doors off for safety. #yycflood",LABEL_1,0.999819815158844,"[None, 'Calgary', None]",,
RT @Daorcey: Mayor Nenshi visits the Public Safety Communications centre (911) to say thanks. Note the poster. #yycflood http://t.co/Ihty…,LABEL_1,0.9998842477798462,"[None, 'Calgary', None]",,
"RT @GlobalParker: Give @GlobalCalgary photographer @n8luit a follow, for some incredible #abflood photos. He's taking a tour today high abo…",LABEL_1,0.9999186992645264,"['Alberta', None, None]",,
"Electricity has been restored to most of downtown #Calgary. With all the office towers, will water treatment keep up? #YYCflood @nenshi",LABEL_1,0.9999173879623412,"[None, 'Calgary', 'downtown']",,
"Many folks looking to help with #abflood recovery - right now, pls donate http://t.co/QGNZYpXRim",LABEL_1,0.9999161958694458,"['Alberta', None, None]",,
"RT @BFSingh: POST-FLOOD CLEAN UP: Once safe, hard work of cleaning up property & debris begins. Sign up https://t.co/N7Sx3NLpv4 #yycflood #…",LABEL_1,0.9999195337295532,"[None, 'Calgary', None]",,
"RT @CTVCalgary: Alberta Health Services has issued a boil water order, to the Town of Canmore (drinking water supply), in full. #ABflood",LABEL_1,0.9999170303344728,"['Alberta', None, 'Canmore']",,
Video: The best in Calgarians come through as floods rage | Watch the video - Yahoo! News Canada http://t.co/oN09GbAqd2 via @yahoocanadanews,LABEL_1,0.9999173879623412,"[None, None, None]",,
How much you want to bet that 5 000 people show up for volunteer duty at McMahon today? #yycflood #hellorhighwater,LABEL_1,0.9999178647994996,"[None, 'Calgary', 'McMahon']",,
RT @News1130radio: Rogers and Fido customers can donate $5 to the Canadian Red Cross that will go towards flood relief in #Alberta by texti…,LABEL_1,0.9999171495437622,"['Alberta', None, None]",,
"RT @ValFortney: Looters, Calgary style: they bring you water and sandwiches, then take away your soggy drywall. #yycflood #abflood #yyc",LABEL_1,0.9999161958694458,"['Alberta', 'Calgary', None]",,
RT @abpremiercomms: .@Premier_Redford: This is nothing like we've ever seen before & will take enormous marshalling of resources #abflood,LABEL_1,0.9999182224273682,"['Alberta', None, None]",,
"1200 Canadian Forces personnel deployed to Alberta,~400 deployed to High River,Canmore,and Kananaskis for reconnaissance #yycflood #abflood",LABEL_1,0.9999150037765504,"['Alberta', 'Calgary', 'Kananaskis']",,
YKTN has recovered well after the Canada Day Flood three years ago. Details on GX 94 news at 8 sk time,LABEL_1,0.9999157190322876,"[None, None, None]",,
RT @nenshi: Wonderful. MT @HWesleyE: A powerful and moving compilation of photos by @RADIOYYC of  #abflood view this video: http://t.co/jNn…,LABEL_1,0.999909520149231,"['Alberta', None, None]",,
We can't believe all the flooding that is happening in Calgary! http://t.co/jQbaAq86y5  @nationalpost @usask #BeSafe #StayDry,LABEL_1,0.9999181032180786,"[None, 'Calgary', None]",,
RT @greggzaun: Jamie and I are raising money for the flood victims in Calgary today at the Blackberry Broadcast Studio. Section 134,LABEL_1,0.9999157190322876,"[None, 'Calgary', None]",,
RT @Ellejames8: @Ladamedemocracy \Anyone missing this little DOG ? Found at 40st NW & 2street. #yycflood http://t.co/KR2d3azobS http://t.co…,LABEL_1,0.998331606388092,"[None, 'Calgary', '2street']",,
@NatStechyson Fight to save a town: 'we were w/in hour of losing all of it' #abflood #RedwoodMeadow #yyc #yycflood http://t.co/9sgEWRrAXa,LABEL_1,0.9999191761016846,"['Alberta', 'Calgary', 'RedwoodMeadow']",,
RT @hashonomy_gus: Dear Alberta: This Flood is Climate Change | Vancouver Media Co-op http://t.co/uBEbg3LhEe #calgary #climate #tarsands (v…,LABEL_1,0.999918818473816,"['Alberta', 'Calgary', None]",,
RT @DanGrantRadio: #class RT @NHLFlames: The #Flames make a $1 million donation to Canadian Red Cross for Alberta flood relief efforts! htt…,LABEL_1,0.9999179840087892,"['Alberta', None, None]",,
RT @todddammitkerns: Thinking of all my friends and family dealing with floods in Alberta. Please be safe out there!,LABEL_1,0.9999165534973145,"['Alberta', None, None]",,
RT @jdetmold: #yycflood #abflood Reinforcements passing through to High River. Thanks to all who are helping! @canadianarmy http://t.co/7yk…,LABEL_1,0.9999169111251832,"['Alberta', 'Calgary', 'High River']",,
Warped jets caused enormous rain in mountains flooding Calgary. http://t.co/xter17eoHG And #Arctic albedo collapse warped jets. #cdnpoli,LABEL_1,0.9999173879623412,"[None, 'Calgary', None]",,
"3 dead, downtown Calgary off-limits, more flooding possible in western Ca... http://t.co/nZnqBin9lT (blog) | @scoopit http://t.co/6O3BoJWCtO",LABEL_1,0.9999189376831056,"[None, None, 'western Ca']",,
Thoughts go out to those affected by the floods in calgary #yycflood,LABEL_1,0.9999146461486816,"[None, 'Calgary', None]",,
Be safe!!! RT @MountainMomYYC: I will continue to share outdoor family adventure stories through the flood situation here in Alberta.,LABEL_1,0.999919056892395,"['Alberta', None, None]",,
RT @GlobalCalgary: Thank you so much to the anonymous viewer who gifted the whole newsroom with pizza! #Generous #yycflood #YYC,LABEL_1,0.999914050102234,"[None, 'Calgary', None]",,
RT @ashkirk: I wish Toronto had a mayor like Naheed Nenshi. Seems like a stand up guy. #abflood #calgaryflood,LABEL_1,0.9999147653579712,"['Alberta', None, 'Toronto']",,
A giant flood should do the trick. #yycflood,LABEL_1,0.9999184608459472,"[None, 'Calgary', None]",,
"As Calgary floods, scientists warn of rising risks http://t.co/tuLjAjKZ2g",LABEL_1,0.9999179840087892,"[None, 'Calgary', None]",,
RT @Bell_Mobility: Help support Alberta flood relief efforts & donate $5 by texting REDCROSS or ROUGE to 30333. #abflood,LABEL_1,0.9999147653579712,"['Alberta', None, None]",,
RT @gordbamford: Part of the proceeds benefiting flood victims in southern Alberta. Grab some tickets and see ya there. http://t.co/q4f9Xuu…,LABEL_1,0.9999170303344728,"[None, None, 'southern Alberta']",,
@TenTreeApparel are you going to come plant some new trees in southern Alberta? #abflood,LABEL_1,0.9999175071716307,"['Alberta', None, 'southern Alberta']",,
we had to evacuate our area at 8:00 tonite. .  keeping fingers crossed that the river doesnt reach our home.,LABEL_1,0.99991774559021,"[None, None, None]",,
"Saved by any means possible: Stunning flooding images around Calgary, Alberta, as people are being saved any w... http://t.co/Ts9viTEzRB",LABEL_1,0.999916672706604,"[None, None, 'Calgary, Alberta']",,
"RT @GlobalCalgary: UPDATE: Road closures in Banff, Yoho and Kootenay National Parks. http://t.co/fRFnG8KDWF #abflood",LABEL_1,0.9999191761016846,"['Alberta', None, 'Kootenay National Parks']",,
These floods in Calgary are crazy ... TSN reporting Saddledome is flooded to the 14 row of LL and both dressing rooms are submerged.,LABEL_1,0.9999171495437622,"[None, 'Calgary', 'Saddledome']",,
"You know we have a great city when they call for 600 to 1000 volunteers and 7,000 SHOW UP! #YYC #yycflood #Amazing",LABEL_1,0.9999170303344728,"[None, 'Calgary', None]",,
Thousands flee flooding in western Canada http://t.co/1SwaicXMX9,LABEL_1,0.9999182224273682,"[None, None, 'western Canada']",,
May be able to offload all contents of railcars in 4 - 5 hours.  #yycflood,LABEL_1,0.9999191761016846,"[None, 'Calgary', None]",,
RT @mattbpetrie: Lemonade stand in Lakeview. Proceeds to Red Cross. 66ave & Linden. #mow #yycflood @nenshi http://t.co/5F1ks0BNSI,LABEL_1,0.999894380569458,"[None, 'Calgary', 'Linden']",,
I'm amazed at some of the wonderful people in this city. Especially our superstar mayor @nenshi  #yycflood,LABEL_1,0.999874472618103,"[None, 'Calgary', None]",,
This is surreal.... #yyc #floods #floods2013 #abflood #alberta #calgary #sunset #skies #storm… http://t.co/be7fKmYymF,LABEL_1,0.9999183416366576,"['Alberta', 'Calgary', None]",,
"“@blogdangerously: What are you drinking tonight? #wineparty” beer, wine, vodka #WeAreCalgary #abflood",LABEL_1,0.999850869178772,"['Alberta', None, None]",,
900 bucks via @jonnycornish to Red Cross #abflood relief. Before the half. #calstampeders,LABEL_1,0.9999169111251832,"['Alberta', None, None]",,
RT @wick_22: Ground zero efforts...unbelievable mess but amazing community spirit!#yycflood http://t.co/aH4Mwfgs6p,LABEL_1,0.9999139308929444,"[None, 'Calgary', None]",,
"I feel bad being so excited for the Calgary Stampede, given the recent flooding, but I miss you #cantwait #excited @daverosin @JacobHoggard",LABEL_1,0.9998164772987366,"[None, None, None]",,
Heartbroken to think about any animals trapped by themselves in the midst of the #abflood,LABEL_1,0.999915599822998,"['Alberta', None, None]",,
RT @PCConnect: News:  Flooding in Alberta: A Message from the Moderator http://t.co/rwDnInGJEA #news,LABEL_1,0.9999178647994996,"['Alberta', None, None]",,
@kellyoxford  Hey - are u following whats happening in your hometown? \#yycflood #ABFloods \\http://t.co/QEo9Ax6ICy http://t.co/lHvstFpt4Q,LABEL_1,0.9999008178710938,"[None, 'Calgary', None]",,
RT @theCommunitea: #Canmore looks like we are a GO for a #ABflood benefit concert TONIGHT at the cafe with @EerieGreen @frontierruckus and …,LABEL_1,0.999909520149231,"['Alberta', None, 'cafe']",,
Alberta floods may cut Canada's third-quarter growth by full point: CIBC http://t.co/AkKsMeG250 From @economy_lab,LABEL_1,0.9999163150787354,"['Alberta', None, 'Canada']",,
RT @itsakev: Without a doubt RT @BikeBikeYYC: … a bike is the best way to get around Calgary these days. #yycbike #yyctraffic #yycflood,LABEL_1,0.9999148845672609,"[None, 'Calgary', None]",,
RT @JShoota1: My brother snapped this pic of @TheoFleury14 buying supplies for the needy at Okotoks Costco. #abflood #yycflood http://t.co/…,LABEL_1,0.999914050102234,"['Alberta', 'Calgary', 'Okotoks Costco']",,
"Officials monitoring situation in Red Deer, rivers still rising: City of Red Deer officials are keeping a close... http://t.co/qL1GGSZwd3",LABEL_1,0.999889612197876,"[None, None, 'Red Deer']",,
VIDEO: Canada floods leave three dead http://t.co/WB8YoSIzpd,LABEL_1,0.9999173879623412,"[None, None, 'Canada']",,
RT @ShonnaTheWhite: Report price gouging to the police. It's illegal during states of emergency #yycflood,LABEL_1,0.9998985528945924,"[None, 'Calgary', None]",,
"If you see an emergency worker or a volunteer around town today, take a moment to say thanks! #AlbertaStrong #abflood #medhat",LABEL_1,0.999918818473816,"['Alberta', None, None]",,
RT @AFolkHero: George W. Bush loaned PM Harper his Mission Accomplished Jacket just for the #ABFlood Photo-Op? #CdnPoli #MrDressUp http:/…,LABEL_1,0.999771535396576,"['Alberta', None, None]",,
RT @jonathanblaine: Not a way to win customers: Charge $20 for ice in #Calgary flood. Grocery stores in DC before hurricane gave it away. h…,LABEL_1,0.9999144077301024,"[None, 'Calgary', 'DC']",,
"While WRP and CPC are out tirelessly working to help the communities they represent, this ghoul says this. #abflood http://t.co/lokkJH3Zjt",LABEL_1,0.9997392296791076,"['Alberta', None, None]",,
RT @cityofcalgary: .@nenshi the City of Calgary bridges are safe #yycflood,LABEL_1,0.9999183416366576,"[None, 'Calgary', 'City of']",,
RT @CalgaryPolice: Aerial photo of flooding at Prince's Island Park. #yycflood http://t.co/C8Fz1cGWdK,LABEL_1,0.999918818473816,"[None, 'Calgary', ""Prince's Island Park""]",,
Our newest cdrg+RedTeam partner @floodsaxcanada FloodSax can help you in Calgary check out http://t.co/oV5p3GVDRw #abflood #mbflood,LABEL_1,0.9999189376831056,"['Alberta', 'Calgary', None]",,
"RT @ABTransComm: Today @RicMcIver announces #hwy1 updates.  #transcan w/ gaping holes, rushing water last week. #ABflood http://t.co/nArxvE…",LABEL_1,0.9998993873596193,"['Alberta', None, None]",,
Gugining:$20 bag of ice :Queensland Liquor in Calgary Comfort inn motel $300 a night during flood http://t.co/I4yTQ50ero @petermansbridge,LABEL_1,0.9998319149017334,"[None, 'Calgary', None]",,
RT @nationalpost: Inside the Saddledome: Photos reveal scale of the damage in Calgary Flames’ flood-ravaged home http://t.co/HOX8Zm8LLi,LABEL_1,0.9999179840087892,"[None, None, 'Saddledome']",,
RT @cityofcalgary: How to organize your own grass roots clean up team http://t.co/4xKtCZsCm3 #yycflood,LABEL_1,0.9999001026153564,"[None, 'Calgary', None]",,
"Corporate office in Calgary closed means no internet, email, or phone at work today. #patioanyone #abflood",LABEL_1,0.99991774559021,"['Alberta', 'Calgary', None]",,
"Due to the flooding in Alberta, my sneak peek was put on hold but you can see it NOW at: http://t.co/4eV4NmViG5",LABEL_1,0.9999178647994996,"['Alberta', None, None]",,
Alberta floods: Keeping up with Calgary Mayor Nenshi http://t.co/CcCiBUddjs,LABEL_1,0.9999173879623412,"[None, None, None]",,
Oh dear MT@CBCMeg Kevin Altheim after he rescued this fawn from the river near Bowness. Pic by Jim Sherwood #abflood http://t.co/vbi0Hpmiun,LABEL_1,0.99990975856781,"['Alberta', None, 'Bowness']",,
"RT @VanCanucks: To help those affected by flooding in #Alberta, Rogers customers can donate $5 to Red Cross by texting 'AB-HELP' to the num…",LABEL_1,0.9999150037765504,"['Alberta', None, None]",,
RT @Mookalicious: Wanna see an eerie pic?!  Power is completely out in Downtown Calgary! #abflood http://t.co/nqSxFKgM2o,LABEL_1,0.999919295310974,"['Alberta', None, 'Downtown Calgary']",,
RT @WilliamShatner: My thoughts and prayers are with the flood victims in Calgary. MBB,LABEL_1,0.9999148845672609,"[None, 'Calgary', None]",,
shutting the water off soon.. #yycflood,LABEL_1,0.9999189376831056,"[None, 'Calgary', None]",,
You know you're in a sad state when.. Cambodian orphans donate to help Alberta flood victims http://t.co/DEqSXAFGyY #yycflood,LABEL_1,0.9999164342880248,"['Alberta', 'Calgary', None]",,
"What a day in #Canmore , lets hope it's a better day tomorrow! no more #Canmoreflood http://t.co/48tcOf0XY3",LABEL_1,0.9997597336769104,"[None, None, 'Canmore']",,
RT @CTVIanWhite: #YYCFlood forces move of Canada Day celebrations from Prince's Island to Millenium Park. The show will go on. #Hellorhighw…,LABEL_1,0.9998841285705566,"[None, 'Calgary', 'Millenium Park']",,
"RT @SarahFYasmin: @TakeaChallenge Major flood in Calgary, Alberta Canada. 75,000 evacuated. Other towns are devastated. Reminder to all be …",LABEL_1,0.9999170303344728,"[None, None, 'Alberta Canada']",,
"No matter how experienced you are on the water, leave it alone and don't be a Nenshi Noun http://t.co/c6WHg1jrh0 #yycflood",LABEL_1,0.9998565912246704,"[None, 'Calgary', None]",,
RT @OfficialDOGNews: Our thoughts are with the people of Alberta suffering through the terrible floods,LABEL_1,0.9999148845672609,"['Alberta', None, None]",,
RT @streetsandpeaks: Please support your local businesses Calgary - let's get some people back to work! #yycflood #noworknopay,LABEL_1,0.9999186992645264,"[None, 'Calgary', None]",,
"High River evacuees to learn when they may return home: The mayor of High River, Alta., says residents will... http://t.co/OUwG39Uw8A",LABEL_1,0.9999185800552368,"[None, None, 'High River, Alta.,']",,
Harper on Alberta floods:  - The Beaverton - North America's Trusted Source of News http://t.co/cVWAF3llom via @thebeaverton,LABEL_1,0.9999172687530518,"['Alberta', None, 'North America']",,
Let me back into Mission so me and my nine large sons can screech at each other while wallowing in floodwater filth #yycflood,LABEL_1,0.999918818473816,"[None, 'Calgary', 'Mission']",,
RT @PaulaTrotter: Oh my gosh! My sister just sent me this pic of MacLeod at 9th Ave SE. Insane. #yycflood #downtownyyc #abflood http://t.co…,LABEL_1,0.9999175071716307,"['Alberta', 'Calgary', 'downtownyyc']",,
Min. Fraser asks for patience in transition. #abflood,LABEL_1,0.9999186992645264,"['Alberta', None, None]",,
"RT @ValFortney: Looters, Calgary style: they bring you water and sandwiches, then take away your soggy drywall. #yycflood #abflood #yyc",LABEL_1,0.9999161958694458,"['Alberta', 'Calgary', None]",,
RT @BradenLatam: A strange sight for sure. MT @hpliszka: 1st time I've ever seen downtown without lights. #yycflood http://t.co/cezqfJUhk4 …,LABEL_1,0.9999133348464966,"[None, 'Calgary', 'downtown']",,
RT @CalgaryRealtor: Multi-million $ property on Elbow River in East Elbow Park SW Calgary #yyc #yycflood http://t.co/niVxqxwz36,LABEL_1,0.9999186992645264,"[None, 'Calgary', 'East Elbow Park SW Calgary']",,
RT @LianeMarguerite: Improvement in water level @ the Zoo bridge in Inglewood between Sat/Sun. 2nd pic by @dinnerwithjulie. #yycflood http:…,LABEL_1,0.9999191761016846,"[None, 'Calgary', 'Inglewood']",,
Back at 'er bright &amp; early! I'll be live on @my96fm and @CHAT945 throughout the day w/ hourly updates on the #mhflood. Stay safe! #medhat,LABEL_1,0.999891996383667,"[None, None, None]",,
"RT @NewsTalk770: If you want to volunteer, go volunteer says @nenshi. Many examples of people just going door-to-door to help. #yycflood",LABEL_1,0.9999178647994996,"[None, 'Calgary', None]",,
Calgary police and firefighters getting briefed while they're signing us volunteers up for work! http://t.co/q01W7SPtZg,LABEL_1,0.9999186992645264,"[None, None, None]",,
"Hey guys, just a quick update on whats going on. ( Calgary Floods )\\4 days ago, my area experienced mass... http://t.co/qWtpYJ2jWr",LABEL_1,0.9999182224273682,"[None, None, None]",,
@desmondbliek: @calgaryzoo has not put tigers in the courthouse.  They are in rowboats with young Tamil boy each. #yycflood Hahahahah,LABEL_1,0.9999098777770996,"[None, 'Calgary', 'courthouse']",,
How long before some weather conspiracy theorist blames the AB flood on chem trails or a pic shows up with a recent sky full of  Chem trails,LABEL_1,0.9994776844978333,"[None, None, None]",,
Thousands of evacuees line up in Calgary for flood-relief debit cards http://t.co/eTIr3tIcKx #yycflood,LABEL_1,0.9999151229858398,"[None, 'Calgary', None]",,
Another city worker helping Calgary grow. Busy as a...  #keepinitlight #abflood #yyc http://t.co/MejrU8DM8B,LABEL_1,0.9999186992645264,"['Alberta', 'Calgary', None]",,
"RT @beverlypilbeam: Downtown with no lights, crazy #yycflood http://t.co/HTlBKbVJOE",LABEL_1,0.9999160766601562,"[None, 'Calgary', 'Downtown']",,
Hope y'all are enjoying the apocalypse! ? #endtimes #ABFlood,LABEL_1,0.9999154806137084,"['Alberta', None, None]",,
RT @plumberlocal: *** IMPORTANT *** We are pumping out people's basements at no charge! Call 403 288 1111 #abfloods #yycfloods #Calgary #YYC,LABEL_1,0.9999173879623412,"[None, 'Calgary', None]",,
RT @mmichaelsshow: Only pic I've seen from inside the dome #yycflood @985MorningShow http://t.co/gijtdRBBj1,LABEL_1,0.9998981952667236,"[None, 'Calgary', None]",,
@blakeshelton please raise awareness for #abflood in #alberta #canada the clean up and homes lost is insane,LABEL_1,0.9999160766601562,"['Alberta', None, 'canada']",,
RT @C95: Good news! The water is receding and C-Train rides will be a lot more fun now. #YYCflood  http://t.co/V60RWwArsz,LABEL_1,0.9999126195907592,"[None, 'Calgary', None]",,
Thank you everyone for your concern and support! We are safe! #yycflood,LABEL_1,0.9999194145202636,"[None, 'Calgary', None]",,
"RT @RyderWhite: #Nap4Nenshi is one of the greatest and most deserved hastags ever. Go on, buddy, you deserve it. #abflood",LABEL_1,0.9991068243980408,"['Alberta', None, None]",,
"If this was the UK, there would be a brigade here already #yycflood",LABEL_1,0.999918818473816,"[None, 'Calgary', 'UK']",,
"5,000 more people now have power.#yycflood",LABEL_1,0.9999184608459472,"[None, 'Calgary', None]",,
"RT @stephen_taylor: Buy a shirt, donate to #yycflood relief http://t.co/8Tufysevtj",LABEL_1,0.9999182224273682,"[None, 'Calgary', None]",,
"RT @NealaBarton: This is High River, AB from the air. Thoughts are with all who calls this town home. Just astounding. #abflood http://t.co…",LABEL_1,0.9999171495437622,"['Alberta', None, 'AB']",,
"RT @InsuranceMedia: Sign 60 KM not 60 Knots! RT “@GlobalCalgary: PHOTO: Macleod Trail under water, courtesy of Jeff Berg. #YYC #yycflood ht…",LABEL_1,0.9999085664749146,"[None, 'Calgary', 'Macleod Trail']",,
RT @JeffALewis: No direct interface b/t federal gov't and province re financial disaster relief — @kenneyjason #abflood #yycflood,LABEL_1,0.9999182224273682,"['Alberta', 'Calgary', None]",,
RT @CHARCUT: Alley Burger at CHARCUT’s in the original ALLEY!!! around 9:30pm Free burgers or donations for Red Cross … #yycflood,LABEL_1,0.9998999834060668,"[None, 'Calgary', 'ALLEY']",,
"RT @randychevrier: 1/2 @calstampeders fans, Friday night we are doing 'Whatever it Takes' for #yycflood victims. Bring donations, buy 50/50…",LABEL_1,0.9999185800552368,"[None, 'Calgary', None]",,
RT @ampcalgary: Who else needs to see a pic like this today? :) #calgarystrong #yycflood http://t.co/L0jlYNajWs,LABEL_1,0.999894380569458,"[None, 'Calgary', None]",,
"@paulbielecki Garbage yes, recycling no. Details are here: http://t.co/Gi5P806vCH #yycflood",LABEL_1,0.9996862411499025,"[None, 'Calgary', None]",,
"RT @Searchency: Flooding forces 75,000 from western Canadian homes: CALGARY, Alberta (AP) — Flooding forced the western Canadian city of Ca…",LABEL_1,0.9999161958694458,"[None, None, 'Ca']",,
"RT @SunDaveDormer: Knight Plumbing Heating & AC is offering free sump pumps and hoses for those needing them, call 403-282-1010 #yycflood",LABEL_1,0.9999181032180786,"[None, 'Calgary', None]",,
"A little late but I hope all my fellow Canadians are recovering from the damage from the Flood in #Calgary , Alberta #Eh",LABEL_1,0.9999151229858398,"['Alberta', 'Calgary', None]",,
RT @GlobalBC: WATCH: Update on Calgary flooding and how you can help in B.C. http://t.co/n6wci9RC7b #abflood,LABEL_1,0.999916672706604,"['Alberta', 'Calgary', 'B']",,
@bonedaddies I'd def make some calls. wouldn't surprise me if shows in that area would be postponed. #abflood #vanarchy,LABEL_1,0.9998912811279296,"['Alberta', None, None]",,
RT @MapleLeafs: Our thoughts are with the @NHLFlames and everyone in Alberta affected by the #yycflood.,LABEL_1,0.99991774559021,"['Alberta', 'Calgary', None]",,
@SimMemories #yycflood my prayers are on the people affected &lt;3,LABEL_1,0.9999167919158936,"[None, 'Calgary', None]",,
RT @cityofcalgary: Volunteers band together to help those affected by the flood.  Thank you Calgary! #yycflood,LABEL_1,0.9999154806137084,"[None, 'Calgary', None]",,
Emergency task force reconvened to spearhead Alberta flood recovery http://t.co/IVgCY53puD,LABEL_1,0.9999164342880248,"['Alberta', None, None]",,
Our hearts go out to our family that live in Calgary. Our niece has been evacuated from her apartment due to floods Hard to believe. B safe.,LABEL_1,0.999915361404419,"[None, 'Calgary', 'apartment']",,
RT @Mookalicious: This pic of an awesome firefighter in Mission needs to go viral.  Please share! #abflood http://t.co/H1YF3RhJZs,LABEL_1,0.999918818473816,"['Alberta', None, 'Mission']",,
People who won't stay away from the bridges and rivers. Inconsiderate morons. Darwinism will take care of you. #yycflood,LABEL_1,0.9997754693031312,"[None, 'Calgary', None]",,
"Mayor: 'Can't control Mother Nature': CNN's Paula Newton reports on the devastating flooding in Calgary, Alber... http://t.co/7FSEh82F6i",LABEL_1,0.9999179840087892,"[None, None, 'Calgary, Alber']",,
@CaffeArtigiano how's it looking at your 3rd street location? I can't go back to work without a Spanish latte #yycflood,LABEL_1,0.9998292922973632,"[None, 'Calgary', '3rd street location']",,
RT @cityofcalgary: Residents should not attempt to return to their homes until after 1 P.M. #yycflood,LABEL_1,0.9999191761016846,"[None, 'Calgary', None]",,
Calgary Flames say lower part of rink is 'a total loss' from flooding - CTV News http://t.co/220R0p7BVb,LABEL_1,0.99990713596344,"[None, None, None]",,
RT @bcbluecon: Sun News @MichaelCoren and @sunlorrie call out CBC's David Suzuki and @strombo for exploiting Alberta flood disaster http://…,LABEL_1,0.9999165534973145,"['Alberta', None, None]",,
If we can print a kidney we must surely be able to make a giant pressure washer to clean the city? #yycflood #floodymess #allfloodingaside,LABEL_1,0.9999128580093384,"[None, 'Calgary', None]",,
RT @aldjohnmar: Shot of our Army. In Mission Safeway lot. Now our Command Centre. Everyday at 0900 #yyc #yyccc #yycflood http://t.co/dbs4md…,LABEL_1,0.9998817443847656,"[None, 'Calgary', 'Mission Safeway lot']",,
Asked on CBC re: $1 Billion commitment Greg Weadick says We have reserves !! Hey we support #ableg on this but be honest #abflood #abpoli,LABEL_1,0.9998664855957032,"['Alberta', None, None]",,
Will Flood Create Sober Second Thought About Aboriginal Centre? - http://t.co/ZxFNLmRi2s - #reddeer #truth #opinions #abflood,LABEL_1,0.9998883008956908,"['Alberta', None, 'Aboriginal Centre']",,
RT @TownofCochrane: State of Local Emergency lifted in #Cochrane. Check update at http://t.co/JQRzPdYkrW  #ABflood,LABEL_1,0.9999178647994996,"['Alberta', None, 'Cochrane']",,
Three injured in Highway 22X crash: A Sunday morning collision in the south end of the city has left one person... http://t.co/X1YnBJKXYT,LABEL_1,0.9999123811721802,"[None, None, 'south end of']",,
RT @660News: Nenshi it could be two and a half days before we can repatriate people along other parts of Elbow #yycflood,LABEL_1,0.999919056892395,"[None, 'Calgary', 'Elbow']",,
Health threats linger from Alberta flooding http://t.co/8fCMune7I9,LABEL_1,0.9999171495437622,"['Alberta', None, None]",,
"RT @HuffingtonPost: Floods force 75,000 out of their homes in Canada http://t.co/rI6DEShMRF",LABEL_1,0.9999183416366576,"[None, None, 'Canada']",,
Follow @LethbridgeCity for updates on flood situation in Lethbridge.,LABEL_1,0.9999186992645264,"[None, None, 'Lethbridge']",,
RT @nightfalltwen: Twitter Shuts Down Calgary Police's Account During a Flood Emergency b/c They Had Reached Their Daily Max # of Tweets ht…,LABEL_1,0.999916672706604,"[None, None, None]",,
Bailing out Chinatown business on Centre Street. #chlive #abflood http://t.co/jsQsqIOCzh,LABEL_1,0.9999185800552368,"['Alberta', None, 'Centre Street']",,
Tomorrow's Bike Prom now raising funds for #yycflood relief! @Cyclepalooza #yycbike http://t.co/A3HHQws3Xl,LABEL_1,0.999913454055786,"[None, 'Calgary', None]",,
RT @ssedoga: With record flooding in Alberta has anyone ever thought of what if such flooding affects all those containment ponds of toxic …,LABEL_1,0.9999165534973145,"['Alberta', None, None]",,
Had a friend tell me they paid $40 for 6 bottles of water at #sunterramarket #yycflood that is unbelievable at this time of need,LABEL_1,0.999916672706604,"[None, 'Calgary', 'sunterramarket']",,
RT @Pmcintyre8: Calgarians lined up to help clean up this mess #yycflood http://t.co/xmjqsgOx45,LABEL_1,0.9999178647994996,"[None, 'Calgary', None]",,
#YYCflood You can't make this stuff up. Every exercise I've ever done rolled into one. Lots of great learnings. #yyconward #heardintheEOC,LABEL_1,0.9997010827064514,"[None, 'Calgary', None]",,
I have to say I love how Calgarians have kept their sense of humour even though this unprecedented disaster. #abflood #yyc,LABEL_1,0.99991774559021,"['Alberta', 'Calgary', None]",,
RT @TravelAlberta: Seven Reasons to Visit Alberta After the Flood - http://t.co/ff5pppib4i #abflood #albertastrong,LABEL_1,0.9999167919158936,"['Alberta', None, None]",,
RT @Laureen_Harper_: Please help support those affected by the #abflood by donating to @RedCrossCanada http://t.co/0dohQPtFby,LABEL_1,0.9999178647994996,"['Alberta', None, None]",,
"Holy shit, pray for alberta #abflood.",LABEL_1,0.9999148845672609,"['Alberta', None, None]",,
The rain is coming again! #yycflooding http://t.co/MhOlgvcK0F,LABEL_1,0.9999089241027832,"[None, None, None]",,
"RT @weather: Alberta, Canada hit by massive flooding http://t.co/NSWQ22tEC8",LABEL_1,0.9999171495437622,"[None, None, 'Canada']",,
RT @SCIMascots: Just heard from Harvey When he got the evac notice he hitailed it out of there in his van. All Ok with him #abflood #yycflo…,LABEL_1,0.999908685684204,"['Alberta', None, None]",,
RT @Ship_and_Anchor: Another great fundraiser tonight #cocktails4calgary @NTNL10. All proceeds and tips going to flood relief #yyc #calgary…,LABEL_1,0.9999186992645264,"[None, 'Calgary', None]",,
"Tara chats with @calstampeders president, Gordon Norrie, about the league's #yycflood support efforts. http://t.co/xBKjhtrhtL",LABEL_1,0.9998995065689088,"[None, 'Calgary', None]",,
Nenshi says we are still in a State of Emergency. #yycflood We have a lot more work to do.,LABEL_1,0.9999189376831056,"[None, 'Calgary', None]",,
RT @aldjohnmar: My Team is still at Mission Safeway recruiting volunteers. Please come today or tomorrow at 0900 hrs #yyc #yyccc #yycflood,LABEL_1,0.9999183416366576,"[None, 'Calgary', 'Mission Safeway']",,
Lies Okotoks tells itself... The river only floods once every hundred years.,LABEL_1,0.9995966553688048,"[None, None, 'Okotoks']",,
Upcoming concerts for stampede at Saddledome...ideas to where they will play??? If they play... #staystrongyyc #downbutnotout #abflood,LABEL_1,0.999909281730652,"['Alberta', None, 'Saddledome']",,
RT @redcrosscanada: Red Cross accepting financial donations to assist people affected by flooding in Alberta: http://t.co/Xd9mbM2uj8  #abfl…,LABEL_1,0.9999172687530518,"['Alberta', None, None]",,
"RT @TravelersChamp: .@GrahamDeLaet is donating $1,000 per birdie, $2,500 per eagle this weekend to Alberta flood relief. http://t.co/6hmfqF…",LABEL_1,0.9999167919158936,"['Alberta', None, None]",,
"Would you guess it's Canada? RT @theLLivingstone Another stunning photo, someone took this in High River #abflood http://t.co/xmlsINL84S",LABEL_1,0.9999046325683594,"['Alberta', None, 'High River']",,
RT @cityofcalgary: Please RT widely @nenshi - The City asks that Calgarians LIMIT WATE USE as much as possible. Thank you. #yyc #yycflood,LABEL_1,0.9999182224273682,"[None, 'Calgary', None]",,
RT @CalgaryPolice: #yyc water is safe to drink. However please limit use as much as possible. #yycflood,LABEL_1,0.9999195337295532,"[None, 'Calgary', None]",,
@TheoFleury14 Thanks for coming to the rescue in Elbow Park today! You're the best! #TeamFleuryalltheway #yycflood http://t.co/c4n0NHU1TI,LABEL_1,0.9998095631599426,"[None, 'Calgary', 'Elbow Park']",,
"IFTC Staff: for now, please stay home and stay safe. Avoid the core. We'll update you when/as we can. #yycflood",LABEL_1,0.9999051094055176,"[None, 'Calgary', 'core']",,
RT @nnmeehan: It took us almost a half hour to get in to donate at @calgarydropin! Absolutely amazing to see all the support! #yycflood #yy…,LABEL_1,0.9999183416366576,"[None, 'Calgary', 'calgarydropin']",,
RT @calgaryfoodtour: Ideas 4 how 2 help #yycflood #yychelps\Calgarians Mobilizing To Help Those Affected By Flooding http://t.co/JkxNdQHabl,LABEL_1,0.9999171495437622,"[None, 'Calgary', None]",,
RT @newswatchcanada: Officials warn downtown #Calgary powerless until at least mid-week\#ABflood\\http://t.co/9SGeifwGiW,LABEL_1,0.999919295310974,"['Alberta', 'Calgary', 'downtown']",,
Dear Alberta: This flood is climate change. http://t.co/xulsf3szrz,LABEL_1,0.9999178647994996,"[None, None, None]",,
Bug spray already isn't enough. RT @OdessaBennett: Up next: MOSQUITO-POCOLYPSE!!!!! #yycflood #yyc,LABEL_1,0.999717891216278,"[None, 'Calgary', None]",,
"#Alberta could have reduced flood damage, critics say  http://t.co/CSdvJKyf0Y #abflood",LABEL_1,0.9999181032180786,"['Alberta', None, None]",,
"@gggellis it has, the water rises high, the people and the city, rise higher #yycflood #betteryyc",LABEL_1,0.999919295310974,"[None, 'Calgary', None]",,
"Q: How can you tell a picture of flooded Saddledome's been photoshopped? \A: Lights are on, and water has ripples \#yycflood",LABEL_1,0.9999175071716307,"[None, 'Calgary', ""Saddledome's""]",,
"We just want to send out our best wishes to our friends, family, and all the people affected by the flooding in Alberta.",LABEL_1,0.9999139308929444,"['Alberta', None, None]",,
RT @Lyle_Notice: Calling all volunteers this Saturday! 2 pm meeting at Bridgeland  SDA Church help Calgary recover! #yycflood #calgary #hel…,LABEL_1,0.9999184608459472,"[None, 'Calgary', 'Bridgeland  SDA Church']",,
"So, #UnderTheDome is a TV show, not a new hash tag about how the flood has affected underneath the Dome? #ABflood #mistake #whoopsies!",LABEL_1,0.9998741149902344,"['Alberta', None, None]",,
"RT @JasonvanRassel: The next person who lectures Alberta or Albertans about climate change gets a punch in the face, OK? #ABflood #yycf…",LABEL_1,0.999908685684204,"['Alberta', None, None]",,
"@CERAPM Is it possible to call an emergency meeting for owners, board &amp; management for #wedgewoods ??",LABEL_1,0.9979459643363952,"[None, None, 'wedgewoods']",,
The only plus side to this flood is everyone's kindness to those affected by the flood.,LABEL_1,0.9999151229858398,"[None, None, None]",,
"RT @cbcDougDirks: @nenshi If you're still standing, @WBrettWilson donating $1 for every tweet, RT of hashtag #OMGP to max 50k for #yycflood…",LABEL_1,0.9999170303344728,"[None, 'Calgary', None]",,
RT @lornewest: General President Schaitberger in Downtown Calgary with front-line fire station crew working the floods @iaffnewsdesk http:/…,LABEL_1,0.9999171495437622,"[None, None, 'Downtown Calgary']",,
RT @redcrosscanada: Thanks everyone for your support! Here's how to support our response to flooding in Alberta: http://t.co/Xd9mbM2uj8 #ab…,LABEL_1,0.9999181032180786,"['Alberta', None, None]",,
"RT @metrocalgary: Incredible support for Alberta First Nation communities ravaged by floods, says Grand Chief http://t.co/hFscyvFul8 #yycfl…",LABEL_1,0.9999172687530518,"[None, None, None]",,
RT @tagliani: On behalf @bha  @Barracuda @BowersWilkins @OasisCanada sending thoughts & prayers to Calgary people victim Flooding http://t.…,LABEL_1,0.9999179840087892,"[None, 'Calgary', None]",,
RT @ChrisPotterFan: Calgary Herald: Real-life flood drama hits Alberta-shot TV and film productions  http://t.co/F4dui99W2Q #heartland #ilo…,LABEL_1,0.9999185800552368,"['Alberta', None, None]",,
RT @ampcalgary: Sad that some businesses are taking advantage of people in a crisis. #yycflood Thanks Steve Cheeseman http://t.co/oglfXLskIN,LABEL_1,0.9999175071716307,"[None, 'Calgary', None]",,
Real-life flood drama hits Alberta-shot TV and film productions http://t.co/xOOYEg35or,LABEL_1,0.9999163150787354,"['Alberta', None, None]",,
RT @MrSilverScott: Proud to say @TravelAlberta is still one of the most beautiful places in Canada to visit and neither flooding nor forest…,LABEL_1,0.9997591376304626,"[None, None, 'Canada']",,
Wishing all the best to all courses affected by the current flooding keep yourself and crew safe. #abflood,LABEL_1,0.9999151229858398,"['Alberta', None, None]",,
RT @ctvpkrauskopf: Calgary Zoo flooding much worse than first thought. Live @CTVCalgary at noon Photo:  #yycflood #yyc...,LABEL_1,0.99991774559021,"[None, 'Calgary', '@useralgary']",,
The Calgary Flames' Arena Is Flooding Right Now http://t.co/Fx2Hu3Cedf via @zite,LABEL_1,0.9997586607933044,"[None, None, None]",,
RT @TheNaacoTruck: We are busy today but are able to come serve dinner! Let us know where we are needed :) #cleanup #yycflood,LABEL_1,0.9999133348464966,"[None, 'Calgary', None]",,
@faxon99 hopefully iginla leaving was the first! #yycflood,LABEL_1,0.9999158382415771,"[None, 'Calgary', None]",,
@MyDesert There will b thousands of trades jobs in Alberta in aftermath of floods. Hope province holds a job fair in Palm Springs like B.C.,LABEL_1,0.999915599822998,"['Alberta', None, 'B.C']",,
"RT @Beari8it: Alberta flood zone development was a mistake, former MLA says - http://t.co/ed4h8IDsrX #Calgary #DutchDisease",LABEL_1,0.99991774559021,"['Alberta', 'Calgary', None]",,
Floods Awash Around the World: India's Toll Exceeds 1000 as Canada and France Mop Up via Golden ... http://t.co/p3iwwaqo18,LABEL_1,0.9998981952667236,"[None, None, 'France']",,
"RT @cbcDougDirks: @nenshi If you're still standing, @WBrettWilson donating $1 for every tweet, RT of hashtag #OMGP to max 50k for #yycflood…",LABEL_1,0.9999170303344728,"[None, 'Calgary', None]",,
"Thankful to have my puppy tonight, my heart breaks for those families who have lost their pets &lt;3 #yycflood #staystrongcalgary",LABEL_1,0.9999186992645264,"[None, 'Calgary', None]",,
Some first day of summer. :( #abflood,LABEL_1,0.9998205304145812,"['Alberta', None, None]",,
#Calgary #Flood May be #Canada's Most Expensive in History | @wunderground http://t.co/MqRaBqwqEi #climate #globalwarming,LABEL_1,0.9999191761016846,"[None, None, 'Canada']",,
Calgary Downtown Flooding Alberta Floods 2013: http://t.co/lY5ptXe4gI ?? @YouTube,LABEL_1,0.9999138116836548,"[None, None, 'Calgary Downtown']",,
"Province will assume responsibility for emergency operations, programs & services. #abflood.unique & unprecedented step says Minister.#CBC",LABEL_1,0.9999179840087892,"['Alberta', None, None]",,
RT @Mookalicious: This pic of an awesome firefighter in Mission needs to go viral.  Please share! #abflood http://t.co/H1YF3RhJZs,LABEL_1,0.999918818473816,"['Alberta', None, 'Mission']",,
RT @NHLBlackhawks: Our thoughts are with our friends at @NHLFlames and everyone affected by the #yycflood! Stay safe!,LABEL_1,0.999918818473816,"[None, 'Calgary', None]",,
RT @ElectDanielle: Keep Medicine Hat & Drumheller in your thoughts tonight. The wall of water is headed there next. #medhat #abflood #stays…,LABEL_1,0.9999165534973145,"['Alberta', None, 'Drumheller']",,
@_MelBear I KNOW!! Only in the last days will there be earthquakes and floods!! In Canada too! Omgoshhh!! HES ON HIS WAY??,LABEL_1,0.999670147895813,"[None, None, 'Canada']",,
"1/2 @DinnerwithJulie sent us her cronut article (http://t.co/UdbIbQC98h) while helping her Alberta, Canada community rebuild after flooding.",LABEL_1,0.999892234802246,"[None, None, 'Alberta, Canada community']",,
RT @TELUS: RT @redcrossab: TELUS has made it even easier to donate. Text REDCROSS to 30333 to donate $5 in support of #ABfloods. #yycflood,LABEL_1,0.9999175071716307,"[None, 'Calgary', None]",,
"RT @GlobalLeth: Update coming from Lethbridge at 6pm after Global National, then we take you back go live coverage of Alberta floods until …",LABEL_1,0.999918818473816,"['Alberta', None, 'Lethbridge']",,
I miss the wild fires. #abflood,LABEL_1,0.999915361404419,"['Alberta', None, None]",,
RT @AB_EmergAlert: Overland Flood Alert Updated Jun21 432PM Take necessary precautions. Okotoks http://t.co/B6uO3E9qa7 #ABemerg #ABflood,LABEL_1,0.999919295310974,"['Alberta', None, 'Okotoks']",,
RT @MesocyclonicWX: Photo of downtown #Calgary shot by Megan Riemer.  Still in awe of it all. #abflood http://t.co/W5N9AV9SiY,LABEL_1,0.9999186992645264,"['Alberta', 'Calgary', 'downtown']",,
RT @CalgaryPolice: .@edmontonpolice you are true heroes. Thanks for helping us out! #yycflood,LABEL_1,0.9999172687530518,"[None, 'Calgary', None]",,
Flood: Parts of downtown Calgary will be without power for months http://t.co/niDhPaT8hI,LABEL_1,0.9999169111251832,"[None, None, 'downtown Calgary']",,
"If you know where 82-year-old Imre TARPAL and Stacie Dawn GORAN, 42, both #yycflood evacuees contact police at 403-266-1234.",LABEL_1,0.99991774559021,"[None, 'Calgary', None]",,
"A flood happened in Calgary,Canada .. I hope everyone's fine #canada #calgaryflood",LABEL_1,0.9999154806137084,"[None, None, 'canada']",,
Cambodian orphans donate to help Alberta flood victims http://t.co/zek9m5Zdl1,LABEL_1,0.9999159574508668,"['Alberta', None, None]",,
Lisa and Kelly doing property checks in Erlton & Mission. Updates to come. #yycflood http://t.co/92ej6X4Q8W,LABEL_1,0.999876856803894,"[None, 'Calgary', 'Mission']",,
RT @mase1pryde: This shit is terrible. Store in calgs takin advantage #yyc #yycflood http://t.co/ca1sueLAoV,LABEL_1,0.9998960494995116,"[None, 'Calgary', 'calgs']",,
RT @rickygoldin: Let's send special good wishes to our neighbors up there in Alberta!  Thinking of you! RT #abflood,LABEL_1,0.9999171495437622,"['Alberta', None, None]",,
http://t.co/RLyOA1ycpU  Livingston place 3rd Ave and 2nd Street SW #yycflood,LABEL_1,0.999904990196228,"[None, 'Calgary', '2nd Street SW']",,
RT @FreckleBunECr8r: Weather in Canada - flooding in Calgary pics\http://t.co/hHkDo2O4Od,LABEL_1,0.9999021291732788,"[None, 'Calgary', 'Canada']",,
RT @C_DIG: Photo I snapped approx 1am this morning frm Crescent Heights of #yyc skyline.. Bow & full moon #yycflood http://t.co/wGvETJxTbv,LABEL_1,0.9998360872268676,"[None, 'Calgary', 'yyc skyline']",,
RT @GlobalCalgary: LIVE STREAM: News Hour Final on Global Calgary begins at 11 - http://t.co/ZMyHjzkaVV #abflood #yycflood,LABEL_1,0.999919295310974,"['Alberta', 'Calgary', None]",,
Clean up effort for the Calgary flood. #yycflood #elbowpark @ Elbow And Riverdale http://t.co/2Bc1fHHJZW,LABEL_1,0.9999170303344728,"[None, 'Calgary', 'Riverdale http']",,
Busy day ahead! I'm heading out to find some people I can help with random acts of kindness with my kids #yyc #abflood #yychelps,LABEL_1,0.999910831451416,"['Alberta', 'Calgary', None]",,
RT @BradenLatam: A strange sight for sure. MT @hpliszka: 1st time I've ever seen downtown without lights. #yycflood http://t.co/cezqfJUhk4 …,LABEL_1,0.9999133348464966,"[None, 'Calgary', 'downtown']",,
Proud to work on the @metrocalgary team. We've been working hard to keep #yyc updated. @Metro_DK @Metro_Nolais @MetroFletch #yycflood,LABEL_1,0.9999147653579712,"[None, 'Calgary', None]",,
RT @RedCrossAB: Looking to set up a fundraiser for Canadian Red Cross Alberta Flood Relief fund? http://t.co/EW67nV12kt,LABEL_1,0.9999172687530518,"[None, None, None]",,
RT @TuxedoParkYYC: Wow @FEDyyc has a FANTASTIC list of Community Associations needing + supporting #yycflood #yyc flood needs: http://t.co/…,LABEL_1,0.9999186992645264,"[None, 'Calgary', None]",,
RT @EricFrancis: Calgary Flames just announced a $1 million donation to the Canadian Red Cross. #yycflood,LABEL_1,0.9999171495437622,"[None, 'Calgary', None]",,
RT @CalgarysChild: #yycflood #yychelps Flood Clean Up Volunteers Needed! Friends of Fish Creek Provincial Park Society. If you are... http:…,LABEL_1,0.9999179840087892,"[None, 'Calgary', None]",,
"RT @NewsTalk770: Hundreds already at McMahon Stadium to register to volunteer, many carrying rubber boots #yycflood #yyc http://t.co/Z3cWnZ…",LABEL_1,0.9999172687530518,"[None, 'Calgary', 'McMahon Stadium']",,
RT @DairyLane: In town for the long weekend? Join us Monday when all sales and tips will be donated to AB flood relief! #yycfloods http://t…,LABEL_1,0.9999179840087892,"[None, None, None]",,
Breaking:AHS approves 2 #mission shops reopening + donating food for #yycflood victims + volunteers @GlobalCalgary http://t.co/el0METjtOD,LABEL_1,0.9999175071716307,"[None, 'Calgary', None]",,
RT @CTVNationalNews: We end tonight's newscast with images from the #Alberta flood zone. Check out our photo gallery here: http://t.co/VmFy…,LABEL_1,0.9999185800552368,"['Alberta', None, None]",,
RT @CstShaw: Today it's your turn #yyc! Send me some pics of you and your friends volunteering around town during #yycflood clean up effort…,LABEL_1,0.9999185800552368,"[None, 'Calgary', None]",,
AMC's HELL ON WHEELS halts production due to flooding of Calgary set; Season 3 premiere pushed back to Aug. 10: http://t.co/kb4IZMILLt #TV,LABEL_1,0.9999027252197266,"[None, None, 'Calgary set']",,
"RT @KooL1015Calgary: No plans for the long weekend!? Meet with friends in affected #YYCFlood areas, and get Muddy! #MuddyIsSexy",LABEL_1,0.9998526573181152,"[None, 'Calgary', None]",,
RT @BadPortraits: Only 5.5 hours left to order your #scubanenshi shirts and help those in need!  http://t.co/5Fg3Np6uuC #abflood @nenshi,LABEL_1,0.999915599822998,"['Alberta', None, None]",,
"Nenshi says we've turned a corner, but things are still bad elsewhere, particularly Medicine Hat.  #abflood #yycflood",LABEL_1,0.9999195337295532,"['Alberta', 'Calgary', 'Medicine Hat']",,
RT @TShireGlobal: Nothing wrong with 3rd place for @GrahamDeLaet. Something to be proud of. Donating money to the #abflood also something t…,LABEL_1,0.9999107122421264,"['Alberta', None, None]",,
@kaylaroyle I think all of Canada is focused on the flood.,LABEL_1,0.9999163150787354,"[None, None, 'Canada']",,
Hope all my Canadian friends are well and no one is affected by the Calgary floods...,LABEL_1,0.9999152421951294,"[None, None, None]",,
So proud of the Calgary people. What an amazing testament to people helping people. #YYC,LABEL_1,0.999707043170929,"[None, 'Calgary', None]",,
Canadian Art article on how Alberta Floods have impacted the local art scene: read here http://t.co/IiugPoP5Ff... http://t.co/2A01JcpzK7,LABEL_1,0.999916672706604,"['Alberta', None, None]",,
RT @garybtvnews: 5 St-Elbow Dr under water despite 10 ft berm. Power + Shops shut: Mission-Cliff Bungalow #yycflood #abflood http://t.co/wU…,LABEL_1,0.9999161958694458,"['Alberta', 'Calgary', 'Mission-Cliff Bungalow']",,
Calgary to Begin Flood Cleanup as Downtown Stays Closed - Bloomberg http://t.co/UFENJuKKpi,LABEL_1,0.9999158382415771,"[None, 'Calgary', None]",,
Seeing so many rear end accidents out here! Put your phones down an stop rubbernecking!  #yegtraffic #abflood,LABEL_1,0.9997941851615906,"['Alberta', None, None]",,
RT @medicinehatnews: RT @YourAlberta: Red Cross phone lines busy. Register for #abflood debit cards online: http://t.co/CFi1957jAt #mhflood,LABEL_1,0.999919056892395,"['Alberta', None, None]",,
RT @JohnnyJesus: To @HomeDepotCanada you have lost our business forever. Spread the word everyone. $42 for a flat of water during #yycflood…,LABEL_1,0.9999181032180786,"[None, 'Calgary', None]",,
"@NiallOfficial  have you heard about the flooding in Calgary, Alberta, Canada? #PrayForAlberta #CalgaryStrong",LABEL_1,0.9999157190322876,"[None, None, 'Canada']",,
RT @calgaryherald: Unofficial “anthem” of Alberta floods by Canadian musicians aims to lift spirits http://t.co/7wrQfVX0Pk,LABEL_1,0.9999181032180786,"['Alberta', None, None]",,
RT @CTVNews: BREAKING: Alberta government to provide $1 billion in flood relief. #abflood,LABEL_1,0.9999146461486816,"['Alberta', None, None]",,
"For anyone who wants to help out #abflood #yycflood, you can donate at redcross! http://t.co/Cdohi8vGBi Thankyou!! #calgarystrong",LABEL_1,0.9999167919158936,"['Alberta', 'Calgary', None]",,
"RT @ThePuckRocket: People have lost everything, and it seems like no one even cares. Help bring attention to the flooding Calgary. http://t…",LABEL_1,0.9999178647994996,"[None, 'Calgary', None]",,
RT @aaclorg: Clothing donations to AACL will also help support flood relief to southern Alberta through @redcrosscanada  http://t.co/pBu7we…,LABEL_1,0.99991774559021,"[None, None, 'southern Alberta']",,
"What a week.  From the floods of Calgary, to a vacation.  Seeing old friends and patching things up with family. Now to win the Stanley Cup!",LABEL_1,0.999896764755249,"[None, 'Calgary', None]",,
RT @calgaryherald: City emergency update: Extremely unlikely downtown will reopen Monday http://t.co/EZkveGRwC1 #yycflood #chlive,LABEL_1,0.999919056892395,"[None, 'Calgary', 'downtown']",,
RT @StarbucksCanada: Make a difference in #Alberta. Visit your participating store to make a donation to the Red Cross #abflood http://t.co…,LABEL_1,0.99991774559021,"['Alberta', None, None]",,
"RT @SunNewsNetwork: Calgary, Alberta join forces to house High River evacuees http://t.co/ugWJQqspMW #ABflood",LABEL_1,0.9999170303344728,"['Alberta', None, 'Calgary,']",,
"Items we need: Science Diet Wet cat+kitten food, small plastic containers & flat sheets & blankets #yycflood #abflood",LABEL_1,0.9998806715011596,"['Alberta', 'Calgary', None]",,
"Centre Street into High River: overturned boats, truck up to its wheel wells in mud, Christmas snowman ornament under a mailbox. #abflood",LABEL_1,0.9999184608459472,"['Alberta', None, 'High River']",,
RT @JProskowGlobal: Sink hole developing on 2nd ave SW #yycflood http://t.co/c68ei7kCzt,LABEL_1,0.9999194145202636,"[None, 'Calgary', '2nd ave SW']",,
"Tanks are a bit extreme, no? #qe2 #yycfloods http://t.co/uS2sANDCXE",LABEL_1,0.9993532299995422,"[None, None, None]",,
Lets do this Clgy!!“@yychelps: Large scale fundraiser! Donate $1 for new funiture for people affected by #yycflood . http://t.co/7FhcHvqE0r”,LABEL_1,0.9999178647994996,"[None, 'Calgary', None]",,
"RT @TheEconomist: While the causes of floods in Alberta, Canada, remain a source of debate, their devastating results are all too clear htt…",LABEL_1,0.999916672706604,"[None, None, 'Canada']",,
So @HomeDepotCanada is claiming a technical error is to blame for charging $42 for a flat of bottled water in Calgary during flood. Right.,LABEL_1,0.9999169111251832,"[None, 'Calgary', None]",,
"RT @3ThingsYYC: We know how much people want to help those devastated by #yycflood - when water recedes & it's safe, that's when volunteers…",LABEL_1,0.9999170303344728,"[None, 'Calgary', None]",,
"RT @GlobalEdmonton: Flood damage extensive on Siksika Nation, Hidden Valley Resort http://t.co/N8l0tBbYt1 #abflood",LABEL_1,0.9999183416366576,"['Alberta', None, 'Hidden Valley Resort']",,
RT @yuppielove: Lived in the same building for 2.5 yrs - met no one. Cue #yycflood & I'm meeting my neighbours on twitter. #gottachangethis…,LABEL_1,0.9999065399169922,"[None, 'Calgary', None]",,
Thank you to all my non-Albertan tweeps who have put up all the #abflood posts the past couple days. I appreciate you all!,LABEL_1,0.9999179840087892,"['Alberta', None, None]",,
"Calgary flooding forces 75,000 from homes http://t.co/3FPXOK55km",LABEL_1,0.99991774559021,"[None, 'Calgary', None]",,
BBQ to support flood victims. #yycflood (@ Ship &amp; Anchor Pub) http://t.co/YP17u9oo5R,LABEL_1,0.9999167919158936,"[None, 'Calgary', 'Ship &amp; Anchor Pub)']",,
"RT @MattCameron14: 17th ave, usually busy, drunken & loud.  Tonight;no power, no cars, no people.  Just police. Creepy. #yyc #yycflood http…",LABEL_1,0.9999183416366576,"[None, 'Calgary', '17th a']",,
Emergency task force reconvened to spearhead Alberta flood recovery: The provincial government says it will fo... http://t.co/PCWfjeubNb,LABEL_1,0.9999164342880248,"['Alberta', None, None]",,
RT @donovandeschner: Red Carpet Comedy is giving away tickets to any #yycflood victims that might need a bit of a distraction this Wed. htt…,LABEL_1,0.9999186992645264,"[None, 'Calgary', None]",,
"Woman killed as storms barrel across South Dakota- Floods kill 3, force 75,000 from homes in Calgary:  http://t.co/AmmdCWu6Fb",LABEL_1,0.9999159574508668,"[None, 'Calgary', 'South Dakota']",,
RT @cityofcalgary: .@nenshi The Calgary Drop-In Centre re-opened & affected clients were brought back this afternoon #yycflood,LABEL_1,0.9999191761016846,"[None, 'Calgary', 'Calgary Drop-In Centre']",,
RT @cbcasithappens: #abflood: Siksika Nation Chief Fred Rabbit Carrier says people in his community still can't return home. Intvu@7:05pm,LABEL_1,0.999919056892395,"['Alberta', None, None]",,
@jillibeanery Your place looks great. Power is on next door & most of Bowness. You could probs come home :) #yycflood,LABEL_1,0.9999101161956788,"[None, 'Calgary', 'Bowness']",,
RT @MattX929: Saddledome filled about 9 rows up! Whoever got that pic- wow #yycflood http://t.co/CtThkmUc0Y,LABEL_1,0.9999160766601562,"[None, 'Calgary', 'Saddledome']",,
its like the whole city is a construction zone. Its surreal #abflood #cleanup,LABEL_1,0.9999154806137084,"['Alberta', None, None]",,
"RT @Hosehead67: My pal, @TerriClarkMusic, is doing her part to help the flood relief efforts in Southern Alberta: http://t.co/VjdVLoBkBr",LABEL_1,0.9999186992645264,"[None, None, 'Southern Alberta']",,
"As the flood waters recede, so do several people's hopes of becoming mayor of #calgary.",LABEL_1,0.9999154806137084,"[None, 'Calgary', None]",,
@couleehiker Thank you for your willingess to help. You can send an email to info_ab@can.salvationarmy.org. #yycflood,LABEL_1,0.9999125003814696,"[None, 'Calgary', None]",,
"RT @KikkiPlanet: After researching, good to know almost all accusations of #yycgreedy are FALSE. Learn what pre #yycflood $ is before accus…",LABEL_1,0.999782383441925,"[None, 'Calgary', None]",,
RT @TeamWildrose: RT @redcrosscanada: We're looking for volunteers from #YYC to assist on Saturday #abflood. Sign up:  http://t.co/THINH2RH…,LABEL_1,0.9999186992645264,"['Alberta', 'Calgary', None]",,
Province will do whatever we need to do to help Siksika and First Nations across the south.   #abflood,LABEL_1,0.9999185800552368,"['Alberta', None, 'south']",,
Is the water situation good now?  On my way home saw a car wash open with multiple vehicles washing their cars.  #yycflood #waterban,LABEL_1,0.999918818473816,"[None, 'Calgary', None]",,
"Our apartment in #eastvillageyyc orange lofts has electricity, but still no elevator #yycflood",LABEL_1,0.999918818473816,"[None, 'Calgary', 'orange lofts']",,
BREAKING NEWS -  Flood volunteers roll out to hard hit areas of Calgary http://t.co/kCXbBmqE5a  http://t.co/Gwm7bSedPF  Talk Calgary,LABEL_1,0.9999176263809204,"[None, 'Calgary', None]",,
#flood volunteers organized in #Roxboro. #yychelps Time to help people find homes! #yyc [pic]: http://t.co/89eEut5Zth,LABEL_1,0.9999191761016846,"[None, 'Calgary', 'Roxboro']",,
RT @patrick_arnell: .@nenshi Cliff Bungalow Mission CA is hosting a benefit concert. We'd love you to come! #missionpossible #yycflood http…,LABEL_1,0.9997795224189758,"[None, 'Calgary', '.@nenshi Cliff Bungalow Mission CA']",,
RT @LukaszukMLA: Alberta's municipal leaders have shown tremendous courage & leadership during #abflood. Thank you for your hard work & ded…,LABEL_1,0.9999165534973145,"['Alberta', None, None]",,
RT @ampcalgary: Mayor still saying they will make Stampede happen even though it will look a bit different. #yycflood,LABEL_1,0.9999172687530518,"[None, 'Calgary', None]",,
"RT @beverlypilbeam: Downtown with no lights, crazy #yycflood http://t.co/HTlBKbVJOE",LABEL_1,0.9999160766601562,"[None, 'Calgary', 'Downtown']",,
"RT @BrentToderian: Some are suggesting that given the flood crisis in #Calgary & #Alberta, this isn't a time to talk about #ClimateChange.…",LABEL_1,0.9999170303344728,"['Alberta', 'Calgary', None]",,
"Momo And Kevan are nice and dry! Live updates on #abflood, #yycflood here: http://t.co/5hdJlGSe1F",LABEL_1,0.999919056892395,"['Alberta', 'Calgary', None]",,
Three cheers to @wopizza  at 27 Ave and Erlton. Now to tear my neighbours away from their basement #yycflood http://t.co/b7ekeEsjbM,LABEL_1,0.999876856803894,"[None, 'Calgary', '27 Ave and Erlton']",,
Today's collage project in my Art: Visual Journals grade 7 option class. #yycflood @nenshi http://t.co/N7Ods6XoZH,LABEL_1,0.76264488697052,"[None, 'Calgary', None]",,
Just rescued a trout in a backyard cleanup on Elbow Drive now back in the river #Yycflood,LABEL_1,0.999919056892395,"[None, 'Calgary', 'Elbow Drive']",,
RT @magruffman: Too far away to help out in Calgary? @Lowes_Canada is now collecting donations for @RedCrossCanada in-store #yycflood,LABEL_1,0.9999178647994996,"[None, 'Calgary', None]",,
RT @BreannaCTV: BREAKING AB Treasury board has agreed to approve a preliminary $1 billion for flood relief #abflood #yeg #yyc #medhat,LABEL_1,0.9999183416366576,"['Alberta', 'Calgary', None]",,
RT @AgentJoshNelson: Downtown West end is dry operating as normal. Eau Claire without power. Inspectors in area #yyc #yycflood http://t.co/…,LABEL_1,0.9999191761016846,"[None, 'Calgary', 'Eau Claire']",,
@NHLFlames @JoeyBats19 It was more than just Calgary that was flooded! #Siksika #abflood,LABEL_1,0.999919056892395,"['Alberta', 'Calgary', 'Siksika']",,
RT @mommyknows: It sure is wet out there! Help #abflood victims.\Text REDCROSS to 30333 to make a $5 donation on your… http://t.co/cy6mXPqW…,LABEL_1,0.9999178647994996,"['Alberta', None, None]",,
"I am cut, bruised, badly sunburnt and extremely dirty but it is all worth it when you can make someone's life a little easier #yycfloods",LABEL_1,0.999861478805542,"[None, None, None]",,
"RT @psaulnier: Photos of #yycflood in Sandy Beach Park, Discovery Ridge, Chinatown and Downtown. http://t.co/UOiW78YCa6",LABEL_1,0.999918818473816,"[None, 'Calgary', 'Downtown']",,
RT @Dallas_Davies: In case you haven't seen yet.  This photo was taken right where my season's tickets are. \#saddledome #yycflood http://t…,LABEL_1,0.9997479319572448,"[None, 'Calgary', None]",,
RT @Mookalicious: I am blown away by this. The Dome has pumped out every drop of water!!  #abflood! http://t.co/kbPUZbWzim,LABEL_1,0.9999191761016846,"['Alberta', None, None]",,
"RT @RosaHwangCTV: $200 million earmarked in Alberta budget for emergency assistance, but flood damage likely in the billions. #ABflood #cdn…",LABEL_1,0.9999165534973145,"['Alberta', None, None]",,
A beautiful hashtag #nap4nenshi started. It shows @nenshi's dedication to #yyc and Calgary's care and appreciation in return. #yycflood,LABEL_1,0.9998822212219238,"[None, 'Calgary', None]",,
RT @DruhFarrell: This pretty much says it all.  #yycflood http://t.co/o9iT77yt6M,LABEL_1,0.9998655319213868,"[None, 'Calgary', None]",,
@redcrosscanada you can send us specific questions to mine from social media for #abflood relief efforts. cc @amit_p @PatrickMeier,LABEL_1,0.9999164342880248,"['Alberta', None, None]",,
"RT @BrettMineer: If CO, CA, AZ wildfires bother you - or once in a century flooding for 2nd time in 8yrs in Alberta - match relief donati…",LABEL_1,0.9999160766601562,"['Alberta', None, 'AZ']",,
The life of the party at Bonavista Cares ;-) what a truly fantastic day w/ @taylor1113 #yycflood http://t.co/bPZIPxZTJ3,LABEL_1,0.9989271759986876,"[None, 'Calgary', 'Bonavista Cares']",,
"There is no need to be buying water. IF the boil water advisory comes into effect, it's not that hard to do. #yycflood",LABEL_1,0.9999099969863892,"[None, 'Calgary', None]",,
RT @cityofcalgary: For a map of areas of the downtown that remain closed to the public check here: http://t.co/xhagCvFFZn #yycflood,LABEL_1,0.9999179840087892,"[None, 'Calgary', 'downtown']",,
RT @SkoolOfHardKnox: @ArleneDickinson #ilovecanadabecause Complete strangers are helping my brother & sister during the #yycflood  Thank yo…,LABEL_1,0.9999116659164428,"[None, 'Calgary', None]",,
RT @CTVNews: Alberta underwater explained: The 4 factors that led to massive #ABflood http://t.co/kVBWtuToAf,LABEL_1,0.999916672706604,"['Alberta', None, None]",,
RT @CTVBridget: City of Calgary officials say they're aware of the Minnewanka flood gate failure and will address scenarios in next media b…,LABEL_1,0.9999182224273682,"[None, 'Calgary', 'Minnewanka']",,
RT @ClimateHotNews: Another 100 yr #flood in #Alberta?!? Last one only 8 yrs ago. http://t.co/VqNKBYNxcc,LABEL_1,0.999918818473816,"['Alberta', None, None]",,
@ChaparralCA great stampede event to collect for #yycflood and #yycfoodbank- thx #yyc for being so giving! http://t.co/Gv1uQqPHAG,LABEL_1,0.9999117851257324,"[None, 'Calgary', None]",,
RT @PetersDriveIn: #yyc #yycflood We want help flood cleanup - show up tonight (Wed only) MUDDY and your meal is free!! Help neighbour and …,LABEL_1,0.9999183416366576,"[None, 'Calgary', None]",,
RT @bcbluecon: Sun News @MichaelCoren and @sunlorrie call out CBC's David Suzuki and @strombo for exploiting Alberta flood disaster http://…,LABEL_1,0.9999165534973145,"['Alberta', None, None]",,
"RT @DruhFarrell: If you are going into the flooded zone, bug spray is essential.  #yycflood",LABEL_1,0.9999182224273682,"[None, 'Calgary', None]",,
its amazing how croatian orphans have donated half of the money they were given as gifts to the people suffering from the alberta floods,LABEL_1,0.9999158382415771,"['Alberta', None, None]",,
RT @PrairieWarbler: This is a disgrace. Photo from a friend in #yyc #abflood http://t.co/4jRLlZDfNR,LABEL_1,0.99991774559021,"['Alberta', 'Calgary', 'yyc']",,
"To the ppl affected by the floods & are in need of work, there is an opp to be a disaster relief worker http://t.co/p0kAdzRGkv #yyc#yycflood",LABEL_1,0.9999178647994996,"[None, 'Calgary', None]",,
RT @batgirlbecca: #yycflood  lol seriously the most photogenic firefighter out there. Betcha he will get in the calendar http://t.co/6I8J2l…,LABEL_1,0.9999070167541504,"[None, 'Calgary', None]",,
@gwendolynmr: Not much clearance left as the Elbow passes under the 4th street bridge in Mission.  @kkateykat  http://t.co/L6ENLSubdt,LABEL_1,0.9998770952224731,"[None, None, 'Mission']",,
RT @wkonespot: Tsuu T'ina Nation Finding Higher Ground Treaty 7 Relief Benefit Concert needing volunteers #yycflood #yychelps http://t.co/G…,LABEL_1,0.9999170303344728,"[None, 'Calgary', None]",,
RT @JasonvanRassel: Update on blog re #yyc breweries helping #yycflood relief efforts: folks at @WildRoseBrewery spent day helping ppl in B…,LABEL_1,0.9999186992645264,"[None, 'Calgary', 'B']",,
"City is advising East Village residents NOT to return to residences. Power on, but not cleared for re-entry. #yycflood #abflood",LABEL_1,0.9999164342880248,"['Alberta', 'Calgary', 'East Village']",,
READING: 7 reasons to visit Calgary after the flood from @AdrianBrijbassi  http://t.co/eImYjzVlUz via @HPCaTravel #yyc #yycflood,LABEL_1,0.9999183416366576,"[None, 'Calgary', None]",,
RT @cityofcalgary: State of Local Emergency will remain in place for at least another 7 days #yycflood #yyc,LABEL_1,0.9999184608459472,"[None, 'Calgary', None]",,
“@greggzaun: so proud of you Jays Fans.  $644 for the flood victims in Calgary.  #Classy” #sarcasm ?,LABEL_1,0.9999160766601562,"[None, 'Calgary', None]",,
"HH-BH.CA kids soccer fundraiser collects over $1,300.00 for Red Cross Relief Fund. Great job kids &amp; Parents. #yychelps #yycflood",LABEL_1,0.9999181032180786,"[None, 'Calgary', None]",,
"Enmax says they have made a lot of progress in going neighborhood by neighborhood. 10,600 metres that are out. #yycflood",LABEL_1,0.9999191761016846,"[None, 'Calgary', None]",,
@keirich thank you so much for sharing.   Tears to my eyes. All my thoughts & prayers for those affected by #yycfloods,LABEL_1,0.9999173879623412,"[None, None, None]",,
RT @RUSS_MOVIEGOD: Calgary Firefighter aiding in rescue efforts in Alberta Floods asks woman to marry him while carrying her to safety http…,LABEL_1,0.999915599822998,"['Alberta', None, None]",,
Video #4 in my #yycflood video series is now up. It's just an update on the flood situation near my place.\http://t.co/A5ddaLPP90,LABEL_1,0.9999144077301024,"[None, 'Calgary', None]",,
"Insurance doesn't cover overland flooding-How does that Act of God thing work for atheists, again? #yycflood http://t.co/jd4dFHNhAB",LABEL_1,0.9999181032180786,"[None, 'Calgary', None]",,
Efforts have begun to clean up Prince’s Island Park – one of  #yyc's most beloved public spaces. http://t.co/EH7g1iO3DJ #yycflood #yyconward,LABEL_1,0.9999151229858398,"[None, 'Calgary', 'Prince’s Island Park']",,
RT @Brooksie955: Surreal to see so much damage on such a picture perfect day! Stay safe #yxh !  #ABflood http://t.co/m9KgFf7wjH,LABEL_1,0.9998884201049804,"['Alberta', None, None]",,
RT @ETCanada: Celebs tweet their support to those affected by the Calgary floods including @WilliamShatner @HappyElishas http://t.co/IjZwe9…,LABEL_1,0.9999161958694458,"[None, 'Calgary', None]",,
RT @weathernetwork: Will become iconic photo of floods. RT @ShaneKeller #HighRiver Man swims after his cat Momo.. #abflood #yycflood http:/…,LABEL_1,0.9999183416366576,"['Alberta', 'Calgary', None]",,
RT @CBCNews: Get a sense of the damage in Alberta with our interactive before and after photo slider: http://t.co/ZvfZLVFbpw #yycflood #abf…,LABEL_1,0.9999189376831056,"['Alberta', 'Calgary', None]",,
Interested in seeing how no PST AB responds to #ABFlood\\MB gvmt used 2011 flood as an excuse to change referendum law & hike PST,LABEL_1,0.999915599822998,"['Alberta', None, None]",,
RT @Mookalicious: This pic of an awesome firefighter in Mission needs to go viral.  Please share! #abflood http://t.co/H1YF3RhJZs,LABEL_1,0.999918818473816,"['Alberta', None, 'Mission']",,
Calgary flooding brings true Calgarian spirit to world's view. Proud to be from Calgary!!  http://t.co/yHNTYThr9r\#yychelps #yychelps,LABEL_1,0.9999128580093384,"[None, 'Calgary', None]",,
"This morning, are thoughts are with the great people of Calgary. #calgarystrong #calgaryflood #yycflood",LABEL_1,0.9999161958694458,"[None, 'Calgary', None]",,
RT @chuddles11: Calgary floods trigger an oil spill and a mass evacuation http://t.co/O44oOXnJ9R via @grist,LABEL_1,0.9999163150787354,"[None, 'Calgary', None]",,
"Keep your powder dry, #Calgary! #yyc #flood #weather #myhood #mycity #myworld #video @ Scotsman Hill http://t.co/AvkSzi8Sk7",LABEL_1,0.9999111890792848,"[None, 'Calgary', 'Scotsman Hill']",,
I'm helping my neighborhood - read about the @InglewoodYYC #yycflood rescue/evacuation on @EllisFun,LABEL_1,0.99991774559021,"[None, 'Calgary', None]",,
"RT @ctccct: Our thoughts remain with our friends, partners and citizens in Southern Alberta, as they continue to deal with the flood. Be sa…",LABEL_1,0.999915361404419,"[None, None, 'Southern Alberta']",,
Cannot say how grateful I am for the CFD Heavy Rescue team who helped us out today in Mission. @CGYFireFighters @cityofcalgary #yycflood,LABEL_1,0.9999184608459472,"[None, 'Calgary', 'Mission']",,
RT @GlobalCalgary: LIVE STREAM Happening Now - @Nenshi and @CityOfCalgary update local State of Emergency http://t.co/tjXEoTHOqP - #yycflood,LABEL_1,0.9999191761016846,"[None, 'Calgary', None]",,
"RT @JanTanton: Flooding on Railway Ave, #Canmore near the new Elevation Place yesterday morning. #abflood http://t.co/kuhuXTUo0i",LABEL_1,0.9999179840087892,"['Alberta', None, 'Elevation Place']",,
"RT @CIAwesome: Calgary In The Dark:   Like most Calgarians this weekend, my plans were…altered. The flood reminded us of... http://t.co/iMp…",LABEL_1,0.9999184608459472,"[None, 'Calgary', None]",,
"RT @DruhFarrell: Roads are jammed. With so many closures in place, please stay home if you don't need to travel. #yycflood",LABEL_1,0.9999191761016846,"[None, 'Calgary', None]",,
"There is already a entry in Wikipedia regarding the #abflood, talk about being surreal. http://t.co/n2yR95sAya #yycflood #mhflood",LABEL_1,0.9999178647994996,"['Alberta', 'Calgary', None]",,
"People are just gutting their homes. Furniture, appliances, drywall, insulation and memories all piled in heaps. #yyccc #yycflood #yycW11",LABEL_1,0.999918818473816,"[None, 'Calgary', None]",,
"We need someone to go to crappytire and pick up 1500 shop vacs! Extension cords, don't forget the extension cords! #ABFlood #banff",LABEL_1,0.9997007846832277,"['Alberta', None, None]",,
Thank you Guarantee RV for short notice help w/generator for sump pump! Bow Cycle pls step up soon. @markusoff @nenshi #yycflood,LABEL_1,0.99988055229187,"[None, 'Calgary', None]",,
RT @cityofcalgary: Looking for info on road closures? Check out this interactive map: http://t.co/ZjobVn6trN #yycflood #yyc,LABEL_1,0.9999191761016846,"[None, 'Calgary', None]",,
Good news RT @terkeurss High River mayor to announce re-entry plan for residents Friday http://t.co/feOEQgOhbX  via @sharethis #abflood,LABEL_1,0.99991774559021,"['Alberta', None, 'High River']",,
Rogers/Fido customers - text ABHELP to 4664 to donate $5 to help the victims of the #abflood 100% of proceeds go to the Canadian Red Cross,LABEL_1,0.999915361404419,"['Alberta', None, None]",,
RT @nicolesarahcom: Did you lose your precious family photos in the flood? FREE family mini sessions to those in need! #abflood #yyc   http…,LABEL_1,0.9999191761016846,"['Alberta', 'Calgary', None]",,
RT @RegusCanada: We are offering free space to support victims of the flooding in #Calgary. Click here to find a workspace. http://t.co/lcA…,LABEL_1,0.9999164342880248,"[None, 'Calgary', None]",,
"Oh, Canada. RT @TWOCRAZZIE: @Jackson_Harris went boating in my school field with hockey sticks! #yycflood http://t.co/gVDnn1XIL0",LABEL_1,0.9997091889381408,"[None, 'Calgary', 'Canada']",,
RT @CBCAlerts: RCMP investigate reports of 4 missing in Alberta flooding  . #rcmp #abflood #yycflood #calgary #yyc,LABEL_1,0.9999158382415771,"['Alberta', 'Calgary', None]",,
RT @YourAlberta: Update: #abflood current situation and response. Includes how to access Alberta govt services: http://t.co/MiFt2qxhim (Sun…,LABEL_1,0.9999179840087892,"['Alberta', None, None]",,
"RT @PGATOUR: Reminder: Leader @GrahamDeLaet is donating $1,000 per birdie and $2,500 per eagle to Alberta flood relief: http://t.co/30dyNSI…",LABEL_1,0.9999176263809204,"['Alberta', None, None]",,
@WendyHartley @chengsophia yes we can restore damaged photos. Here to help. #photos #abflood,LABEL_1,0.9999181032180786,"['Alberta', None, None]",,
"Target Canada Donates $50,000 for Alberta Flood Relief http://t.co/m638itkcFU",LABEL_1,0.999915361404419,"['Alberta', None, None]",,
RT @WilliamShatner: My thoughts and prayers are with the flood victims in Calgary. MBB,LABEL_1,0.9999148845672609,"[None, 'Calgary', None]",,
Pump trucks working hard drying out the basements of China Town. #yycflood http://t.co/pfbArwwieB,LABEL_1,0.9999182224273682,"[None, 'Calgary', 'China Town']",,
RT @MiaFarrow: Happy #Canada Day! Special thoughts for those affected by the #Alberta floods,LABEL_1,0.9999173879623412,"['Alberta', None, None]",,
RT @MinrvaGroup: Pls RT: 3906 Edison Cres SW needs food for 12 volunteers ASAP. Pls let me know if you're responding. #yychelps #yycfloods,LABEL_1,0.9999179840087892,"[None, None, '3906 Edison Cres SW']",,
@PrincessSarahhh I'm petitoning Alberta gov to install new water redirection system to direct all future flood waters in Calgary to Edmonton,LABEL_1,0.9999178647994996,"[None, 'Edmonton', None]",,
RT @CalgaryPolice: UPDATE: Deerfoot Trail is now open in both directions. #yycflood,LABEL_1,0.9999189376831056,"[None, 'Calgary', 'Deerfoot Trail']",,
More info for #AthaU students affected by the #abflood #yycflood: http://t.co/XIt2AQ5I5r,LABEL_1,0.9999171495437622,"['Alberta', 'Calgary', None]",,
"Trans-Canada reopens between Canmore and Banff, one lane in each direction http://t.co/25A0xgjPjg #yycflood #traffic",LABEL_1,0.999903440475464,"[None, 'Calgary', 'Banff']",,
The number of people offering to house displaced people is inspiring. #yycflood,LABEL_1,0.9999172687530518,"[None, 'Calgary', None]",,
BBC News - Canada floods: Three killed as waters threaten Calgary http://t.co/xz6J35V42p,LABEL_1,0.9999160766601562,"[None, 'Calgary', 'Canada']",,
RT @YourAlberta: Listen to audio from this afternoon's #highriver flood recovery update press conference: http://t.co/wOaY28vFNo  #abflood,LABEL_1,0.9999175071716307,"['Alberta', None, None]",,
"RT @weatherchannel: The stuggles continue following massive flooding in Calgary -- now, a bridge is sinking with a train stuck on it: http:…",LABEL_1,0.9999164342880248,"[None, 'Calgary', None]",,
@stizzef hosted an #ABflood Relief bake sale in our staff cafeteria today - everyone opened their http://t.co/cW6B10LQuB,LABEL_1,0.9999102354049684,"['Alberta', None, None]",,
"Elderly woman in Mission area of Calgary who refused to leave her home on 25 Ave S.W, died of drowning. #yyc #ABflood",LABEL_1,0.99991774559021,"['Alberta', 'Calgary', '25 Ave S']",,
RT @aldjohnmar: My Team is still at Mission Safeway recruiting volunteers. Please come today or tomorrow at 0900 hrs #yyc #yyccc #yycflood,LABEL_1,0.9999183416366576,"[None, 'Calgary', 'Mission Safeway']",,
RT @gwendolynmr: View from Vin Room's rooftop patio in Mission. Looking down over 4th St/24th Ave SW. #yyc #yycflood… http://t.co/jS5CfuC4FO,LABEL_1,0.9998996257781982,"[None, 'Calgary', 'yy']",,
Property tax still due Friday. City set up two customer service counters in NE #yyc at civic elections centre and Rose Kohn Arena. #yycflood,LABEL_1,0.9998204112052916,"[None, 'Calgary', 'Rose Kohn Arena']",,
this flood in alberta worries me,LABEL_1,0.9999183416366576,"['Alberta', None, None]",,
@PokerStars I would give it to the Alberta flood fund .,LABEL_1,0.999904990196228,"['Alberta', None, None]",,
Got my first troll since I started live tweeting out news about the flood. #yycflood,LABEL_1,0.9998902082443236,"[None, 'Calgary', None]",,
RT @VassyKapelos: 100 firefighters and equipment from #yeg heading to #yyc to help later today #abflood,LABEL_1,0.9999171495437622,"['Alberta', 'Calgary', 'yyc']",,
I never knew what was going on in Alberta :o The floods look so bad :( hope everyone's okay.,LABEL_1,0.9999170303344728,"['Alberta', None, None]",,
RT @RickPalidwor: @ezralevant's fake followers are fake-thanking Mrs. Harper for her fake-help cleaning up Calgary flood. #CdnPoli #CdnMedi…,LABEL_1,0.9999151229858398,"[None, 'Calgary', None]",,
RT @Mutzy306: PM Harper's wife in staged photo op pisses off Alberta flood victims #skpoli #cdnpoli #altpoli https://t.co/CmqP7IgCAr,LABEL_1,0.9999181032180786,"['Alberta', None, None]",,
This was all under water yesterday. (at Quarry Park) [pic]  https://t.co/jcIJiHt96r,LABEL_1,0.9995192289352416,"[None, None, 'Quarry Park)']",,
RT @SnowdenNHL: Volunteers being turned away at McMahon because there are too many. #Amazing #yycFlood #Calgary,LABEL_1,0.9999191761016846,"[None, 'Calgary', 'McMahon']",,
"RT @CTVKarenOwen: #abflood #yyc Sunnyside a mess, but neighbours haven't lost sense of humour. Joking about waterfront property. http://t.c…",LABEL_1,0.9999167919158936,"['Alberta', 'Calgary', 'Sunnyside']",,
Does anyone know where you can park as of right now right in the core? Shopping malls open tomorrow and have to work. #yycflood,LABEL_1,0.999887466430664,"[None, 'Calgary', 'core']",,
RT @jianghomeshi: Canadian Red Cross has set up a direct way to help out re #Alberta floods. Donate here - https://t.co/quOnhjeO6k #yycfloo…,LABEL_1,0.9999175071716307,"['Alberta', None, None]",,
RT @Valencia1095: @nenshi can I get a RT for anyone who needs food or water just give a location pls #yycflood,LABEL_1,0.9999157190322876,"[None, 'Calgary', None]",,
RT @windspeakernews: MT @NealaBarton: This is the highway running into Canmore. Still shocked at the power of water. #abflood http://t.co/f…,LABEL_1,0.9999184608459472,"['Alberta', None, 'Canmore']",,
.@kidcarson Hi Kid! For those on @TELUS network pls donate $5 to help Alberta flood victims by text REDCROSS to 30333.,LABEL_1,0.9999161958694458,"['Alberta', None, None]",,
Alberta shelved major flood report for six years http://t.co/oRnKkwrXvx,LABEL_1,0.9999163150787354,"['Alberta', None, None]",,
"RT @jfgroves: Hey everyone, @WBrettWilson is donating $1 to #abflood relief for every use of the #OMGP hashtag. Please help!",LABEL_1,0.9999173879623412,"['Alberta', None, None]",,
The city needs your help...the smallest thing makes a big difference #yyc #abflood,LABEL_1,0.9999163150787354,"['Alberta', 'Calgary', None]",,
Apparently the #abflood business is pretty well talked about here in the twitter world! Glad #reddeer is above h20. http://t.co/dKwQiTBAmB,LABEL_1,0.9999170303344728,"['Alberta', None, None]",,
"Is there anywhere open to eat in downtown Calgary?! That, is a negative. #yyc #calgary #yycfloods #calgaryflood",LABEL_1,0.999918818473816,"[None, 'Calgary', 'downtown Calgary']",,
RT @mikesbloggity: Keeping a watchful eye on the Peace Bridge. #abflood #yycflood http://t.co/q4ldVwhF71,LABEL_1,0.9999189376831056,"['Alberta', 'Calgary', 'Peace Bridge']",,
sharing #suaju Medicine Hat flooding could close Trans-Canada bridge: officials - CTV News #medicine http://t.co/eruxDJVaA5,LABEL_1,0.9999191761016846,"[None, None, 'Trans']",,
RT @alicyaperreault: RT @pagehanify: This is how 8th Avenue #inglewoodyyc compares with the outdated Google Earth images. #yycflood http://…,LABEL_1,0.999881386756897,"[None, 'Calgary', 'inglewoodyyc']",,
RT @zaider: #yycflood 4318 4A St SW needs volunteers. This is the first day they are in there. Please help them out.  @nenshi @yychelps,LABEL_1,0.9999184608459472,"[None, 'Calgary', '4318 4A St SW']",,
RT @chani_miller: Just a little bit of mud... Volunteering in Bragg creek #yycflood #braggcreek #volunteering #muddy… http://t.co/OWtXPlqQgF,LABEL_1,0.9999191761016846,"[None, 'Calgary', 'braggcreek']",,
Bruises and cuts mean you're doing it right #yyc #yycflood @nenshi,LABEL_1,0.9998366832733154,"[None, 'Calgary', None]",,
RT @redcrosscanada: Volunteers in High River preparing to distribute relief items and provide info to residents. #ABflood http://t.co/doglQ…,LABEL_1,0.999919056892395,"['Alberta', None, 'High River']",,
RT @DruhFarrell: Peak flow of Bow River: 1700 cubic meters per second. Niagara Falls: 1834 cubic meters per second.  #yycflood,LABEL_1,0.9999186992645264,"[None, 'Calgary', 'Niagara Falls']",,
"RT @cityofcalgary: 3/4 When you enter your residence, if it appears dry, proceed inside.#yycflood http://t.co/8kwaGEKcK8",LABEL_1,0.9999091625213624,"[None, 'Calgary', None]",,
RT @TimHortons: Our thoughts are with our guests and team members who have been impacted by the severe flooding currently affecting Alberta.,LABEL_1,0.999915361404419,"['Alberta', None, None]",,
@sbaranski @RAndersonMLA please... we've kept partisan sniping down over past few days. can we keep it for a while longer? #abflood #abpoli,LABEL_1,0.9998726844787598,"['Alberta', None, None]",,
@CouncillorKeats Get off your high horse. @MITPCA @nenshi We know there's an election coming. Calm down. #roft #yycflood #yyc,LABEL_1,0.999593198299408,"[None, 'Calgary', None]",,
Whissell crews are out with pumps in downtown helping pump out city hall. #justgettingstarted #yycflood,LABEL_1,0.9999181032180786,"[None, 'Calgary', 'city hall']",,
RT @tedhenley: SCAM ALERT–fake sites are pretending to accept $$ for #ABFlood #yycflood relief @redcrosscanada is the best place: http://t.…,LABEL_1,0.9999189376831056,"['Alberta', 'Calgary', None]",,
Swimming sensation Momo the cat escapes Alberta flood http://t.co/LP7yl6n6Bi,LABEL_1,0.9999146461486816,"['Alberta', None, None]",,
Beautiful day for hike in Bragg &amp; KCountry? Sorry-still closed  to public. Don't add to the stress #abfloods #yyc #ablib,LABEL_1,0.9999052286148072,"[None, 'Calgary', 'Bragg']",,
RT @penteluke94: Flooding is continuing in NW Calgary. #yyc http://t.co/eoUVaBe9GQ,LABEL_1,0.9999184608459472,"[None, 'Calgary', 'NW Calgary']",,
RT @ampcalgary: Another Saddledome pic -- we'll have exclusive photos of Stampede Ground damage to come from our tea #yycflood http://t.co/…,LABEL_1,0.9999182224273682,"[None, 'Calgary', 'Saddledome']",,
RT @icacalgary: Did u get this @icacalgary?RT @SikoraAJ: Any #yycflood volunteers in Inglewood? We could use about 10 bodies at 45 New St S…,LABEL_1,0.9999170303344728,"[None, 'Calgary', '45 New St S']",,
RT @Mookalicious: This pic of an awesome firefighter in Mission needs to go viral.  Please share! #abflood http://t.co/H1YF3RhJZs,LABEL_1,0.999918818473816,"['Alberta', None, 'Mission']",,
RT @ImThatGentleman: My thoughts are with everyone in Alberta. Help with a donation.Alberta flood relief #yycflood http://t.co/JIxTicPz3q h…,LABEL_1,0.9999175071716307,"['Alberta', 'Calgary', None]",,
RT @PhilCalvert2: @nenshi Planning to visit Place of Rescue orphanage in phnom Penh tomorrow--the kids donated money to Calgary flood relie…,LABEL_1,0.9999178647994996,"[None, 'Calgary', 'phnom Penh']",,
Awesome to see @PetersDriveIn in Bowness today handing out burgers and milkshakes. #abflood #yycflood,LABEL_1,0.9999184608459472,"['Alberta', 'Calgary', 'Bowness']",,
Imagining the floods are like a zombie apocalypse makes things so much cooler,LABEL_1,0.9999054670333862,"[None, None, None]",,
RT @SamaritansPurse: Samaritan’s Purse Canada is responding to severe flooding in the city of Calgary http://t.co/jNqDn1ztuT,LABEL_1,0.9999175071716307,"[None, 'Calgary', None]",,
RT @CBCScott: Calgarians rejoice! “@CalgaryPolice: UPDATE: Deerfoot Trail is now open in both directions. #yycflood” #,LABEL_1,0.999919295310974,"[None, 'Calgary', 'Deerfoot Trail']",,
Thank you to @CBCEdmonton @edmontonjournal @metroedmonton for covering our efforts to collect & deliver donations for Alberta FN's #abflood,LABEL_1,0.9999176263809204,"['Alberta', None, None]",,
The Saddledome...lower levels flooded. Hearing up to row 10 underwater. #yycflood http://t.co/eF6hg4QNku,LABEL_1,0.9999183416366576,"[None, 'Calgary', 'The Saddledome']",,
RT @DanMcGarvey: Photo of 9A St at Memorial Drive in Calgary this morning (taken by @landtanklarry) #yycflood #abflood # http://t.co/NionoO…,LABEL_1,0.9999185800552368,"['Alberta', 'Calgary', 'Memorial Drive in']",,
Radio host says he was fired for comments on Alberta flood http://t.co/FRJQnxSvgO,LABEL_1,0.9999170303344728,"['Alberta', None, None]",,
what is the matter w ppl??? @jesters91: During times of crisis due to #yycflood Queensland liquor store June 21 2013 http://t.co/1BZ9zN78Ra,LABEL_1,0.999916672706604,"[None, 'Calgary', 'Queensland']",,
RT @DruhFarrell: Peak flow of Bow River: 1700 cubic meters per second. Niagara Falls: 1834 cubic meters per second.  #yycflood,LABEL_1,0.9999186992645264,"[None, 'Calgary', 'Niagara Falls']",,
"RT @cfhorgan: #yycflood more from Edmonton Tr shelter in #yyc: they need men's shoes, sweaters and/or backpacks. They have enough food.",LABEL_1,0.9999033212661744,"[None, 'Calgary', None]",,
.@Wilde_One: I just heard some big thunder booms in Calgary's Deep South. We don't need more rain. Enough already Mother Nature!,LABEL_1,0.9976929426193236,"[None, None, 'Deep South']",,
RT @rodnair: Thoughts and prayers to all in Calgary & Southern Alberta. BC sending help #yycflood #abflood #vancouver,LABEL_1,0.9999158382415771,"['Alberta', 'Vancouver', 'BC']",,
"#SEO #Hosting #WebDesign #Domain Alberta puts 175,000 under evacuation amid floods -  via @Easy_Branches @Network_Easy",LABEL_1,0.9999176263809204,"['Alberta', None, None]",,
Calgary continues slow recovery after flooding http://t.co/yijBHFmVEO - @GlobeAndMail,LABEL_1,0.9999181032180786,"[None, 'Calgary', None]",,
RT @Daorcey: .@CalgaryParking parking fees return tomorrow to manage parking better in the core. #yycflood #onward,LABEL_1,0.99991774559021,"[None, 'Calgary', None]",,
RT @GlobalCalgary: RCMP: 4 possibly dead in Alberta floods as Calgary continues evacuation: http://t.co/7cuH2tzLsp #yycflood #abflood,LABEL_1,0.9999154806137084,"['Alberta', 'Calgary', None]",,
Aftermath of flood in Mission along the Elbow River #yycflood http://t.co/4OFzLxNYlN,LABEL_1,0.99991774559021,"[None, 'Calgary', 'Elbow River']",,
Calgary weather is crazy. Bow river.  #calgaryflood http://t.co/4Tvmife9YJ,LABEL_1,0.9999172687530518,"[None, 'Calgary', None]",,
So sad. RT @Fan960Steinberg: It's a mess. #Flames President Ken King on the Saddledome. He says a total loss on the event level.,LABEL_1,0.99968683719635,"[None, None, 'Saddledome']",,
RT @aldjohnmar: This is the most up-to-date maps available for communities that are being repatriated: http://t.co/jP6uCTrzn2 #yycflood #yy…,LABEL_1,0.9999181032180786,"[None, 'Calgary', None]",,
Calgary flood victims angered by alleged price-gouging. This is no way to treat people during natural disaster.  http://t.co/Xyz7r7qh5v,LABEL_1,0.9999159574508668,"[None, 'Calgary', None]",,
RT @djkelly: Tonight is probably going to be the world record for most sleepovers in one city at one time. #yycflood,LABEL_1,0.9998724460601808,"[None, 'Calgary', None]",,
RT @cenovus: Donating $1M to #abflood relief incl. $250K immediately to @redcrosscanada; will also work w/ other community partners in reco…,LABEL_1,0.9999158382415771,"['Alberta', None, None]",,
@jesters91: During times of crisis due to #yycflood this is disgusting... Queensland liquor store June 21 2013 http://t.co/3u1v2ouQld boo!,LABEL_1,0.9999175071716307,"[None, 'Calgary', 'Queensland']",,
RT @NOVAChemicals: NOVA Chemicals contributes to Alberta Flood Relief Efforts http://t.co/1DQCtaA3RF,LABEL_1,0.9999164342880248,"['Alberta', None, None]",,
"“@USATODAYsports: Scary scene in Calgary, where flooding reached the Flames' arena: http://t.co/GnHfDDLs1Y” @jrubel07",LABEL_1,0.9999077320098876,"[None, 'Calgary', None]",,
Calgary bus stop ad champions 'Mayor of Calgary Super Nenshi'. #abflood http://t.co/2ImN3N8zX3,LABEL_1,0.9998449087142944,"['Alberta', 'Calgary', None]",,
If you own a restaurant in #VicParkYYC here is an excellent resource about what to do after a flood. #yycflood http://t.co/u7miuJMGDN,LABEL_1,0.9999175071716307,"[None, 'Calgary', 'VicParkYYC']",,
RT @randychevrier: Glad to have @nenshi leading our city through this crisis. Montreal and Toronto Mayors take note. #leadership #yycflood,LABEL_1,0.9999144077301024,"[None, 'Calgary', 'Montreal']",,
RT @660News: Evacuations WILL NOT be removed until flood waters recede: CEMA Director Bruce Burrell. #yyc #yycflood,LABEL_1,0.9999182224273682,"[None, 'Calgary', None]",,
"Prices of goods escalating with the city of Calgary under flood, stop hoading",LABEL_1,0.9999146461486816,"[None, 'Calgary', None]",,
RT @CTVCalgary: Drop-In Centre wishlist - bring items to temp. centre (former hotel) 4804 Edmonton Trail NE #yyc #yycflood http://t.co/EATD…,LABEL_1,0.9997190833091736,"[None, 'Calgary', 'yyc']",,
RT @calgaryherald: Editorial: Back in the saddle - all the reasons why the Stampede must go on: http://t.co/dAsRLl79W2 #yyc #yycflood,LABEL_1,0.999903678894043,"[None, 'Calgary', None]",,
RT @Mookalicious: This pic of an awesome firefighter in Mission needs to go viral.  Please share! #abflood http://t.co/H1YF3RhJZs,LABEL_1,0.999918818473816,"['Alberta', None, 'Mission']",,
RT @ampcalgary: #YYCFLOOD Edmonton will be sending firefighters to help pump water out of flooded basements on 24 hour shifts. #thankyou,LABEL_1,0.9999169111251832,"[None, 'Calgary', None]",,
RT @jmcdonall: #abflood #calgaryflood It's raining and the rivers are overflowing their banks.\But Rusty is ready for anything. http://t.co…,LABEL_1,0.9999152421951294,"['Alberta', None, None]",,
RT @ampcalgary: before and after from Int'l Space Station shows extent of flooding in Calgary area. #yyc http://t.co/kCGcetWaiV,LABEL_1,0.999919295310974,"[None, 'Calgary', 'Calgary area']",,
"Parts of Bow pathway are washed away, or close to it. Unstable &amp; unsafe. #yycbike  #chlive @ 17 Ave http://t.co/GmAnacPBEs",LABEL_1,0.9998679161071776,"[None, None, 'Bow']",,
RT @cderworiz: Province has approved $1 billion for first phase of emergency recovery and reconstruction for southern Alberta floods. #abfl…,LABEL_1,0.9999159574508668,"[None, None, 'southern Alberta']",,
Downtown likely to be dark again tonight. Share if you think we should light the tower to show we are #calgarystrong #yycflood,LABEL_1,0.999919295310974,"[None, 'Calgary', 'Downtown']",,
"grateful for friends and family . my heart goes out to those affected , stay safe everyone #prayforyyc http://t.co/f2VdWkIwef",LABEL_1,0.9998999834060668,"[None, None, None]",,
It wasn't long ago that Chetwynd was being swept away by flood waters. We know that pain. Want to help Alberta? Visit http://t.co/tG4oHiSb8F,LABEL_1,0.9999175071716307,"['Alberta', None, 'Chetwynd']",,
“@gityyc: A double sign of hope for #YYC!  #yycflood #CalgaryStrong http://t.co/f0DYhn4EXG” hope to see the rainbow wagon there as well! #13,LABEL_1,0.9999191761016846,"[None, 'Calgary', None]",,
@soulpancake my whole city and surrounding towns have come together in a time of great distress. &lt;3 \#YYCHelps #YYCFloods #ABFloods,LABEL_1,0.999919056892395,"[None, None, None]",,
RT @CalgaryChamber: Do you bank with the @BMO? Have you heard about their great relief program for those affected by #ABFlood #YYCFlood? ht…,LABEL_1,0.9999181032180786,"['Alberta', 'Calgary', None]",,
"@timkanebooks I think it's supposed to get drier, but in general, more clouds & rain all week. At least we're not flooding like in Alberta.",LABEL_1,0.9999078512191772,"['Alberta', None, None]",,
RT @SunNewsNetwork: Calgary officials begin controlled evacuation of downtown core http://t.co/W3Fa7rZHZn #YYCflood #ABflood,LABEL_1,0.9999164342880248,"['Alberta', 'Calgary', 'downtown core']",,
"Our town is 15 min away from Canmore, all roads have now been shut down. Food is running out in grocery stores. Tourists stranded. #abflood",LABEL_1,0.9999164342880248,"['Alberta', None, 'Canmore']",,
".@nenshi says Elbow River now flowing at 550 c.m/sec, down from 700. Is normally 170. #yycflood",LABEL_1,0.9999189376831056,"[None, 'Calgary', None]",,
RT @4029news: 3 dead in calamitous Canada flooding http://t.co/VjGIQnJZ0t,LABEL_1,0.9999171495437622,"[None, None, 'Canada']",,
RT @PetRecoveryYYC: @bpincott great job 2day! #yycflood can we get a quick retweet? lots of found pets on our page lookin for owners https:…,LABEL_1,0.9999141693115234,"[None, 'Calgary', None]",,
@seventeenmag @LittleLiars #PLLCrushed Ezra!! ??????? I love PLL!! My city is flooding and I really want to win!!!! #abflood,LABEL_1,0.9997337460517884,"['Alberta', None, None]",,
RT @mikesbloggity: Peace Bridge is very much still standing.  Silly social media rumours. #yycflood http://t.co/tDDdAxDl6Q,LABEL_1,0.999874472618103,"[None, 'Calgary', 'Peace Bridge']",,
Saddledome @TheTimMcGraw can we get an RT? hopefully you are here to party with this great city! #abflood #stampede http://t.co/WqAMnvqFLQ,LABEL_1,0.9999009370803832,"['Alberta', None, None]",,
Canadian Forces chopper just appeared overhead in deep SE Calgary #yycflood #yyc #yyccc,LABEL_1,0.9999183416366576,"[None, 'Calgary', 'deep SE Calgary']",,
"Appropriate that Stephen Harper is in Calgary, severe rain event and flooding caused by Global Warming aka climate change! #BIGOIL #TARSANDS",LABEL_1,0.999918818473816,"[None, 'Calgary', None]",,
Calgary floods: What you need to know now http://t.co/T5QuSE3U0w,LABEL_1,0.99991774559021,"[None, None, None]",,
PHOTOS: Calgary Zoo releases photos of incredible flood damage & frightened animals http://t.co/IpjGn3q8d4 #yycflood http://t.co/gQ8RExRYXz,LABEL_1,0.9999178647994996,"[None, 'Calgary', None]",,
"@ShawInfo donated $1M to the Red Cross, so they can help people affected by #abflood. This makes me proud to work here. #yycflood #shaw",LABEL_1,0.9999161958694458,"['Alberta', 'Calgary', None]",,
Medicine Hat Public School Dist #76 &amp; Catholic Board - Joint Statement on School Closures. http://t.co/Rd8rfllBwa #mhflood #sd76 #abflood,LABEL_1,0.9999147653579712,"['Alberta', None, None]",,
"RT @CstShaw: As I try to catch up on the latest info, I leave you with this crazy video from HAWCS today: http://t.co/MY7Tvf23y9 #yycflood …",LABEL_1,0.9998558759689332,"[None, 'Calgary', None]",,
We are thinking of those affected by the floods. If you need a listening/accessible ear please do not hesitate to stop by. #yycfloods,LABEL_1,0.9999178647994996,"[None, None, None]",,
@nenshi you are doing awesome--but dude you have to get some sleep!  #powernap #calgaryflood,LABEL_1,0.9999064207077026,"[None, None, None]",,
Areas in #beltline west of 6 Street SW ALL CLEAR. Areas in Beltline *east* of 6 Street SW are still under #yycflood evacuation order.,LABEL_1,0.9999184608459472,"[None, 'Calgary', '6 Street SW']",,
RT @patrick_arnell: .@nenshi Cliff Bungalow Mission CA is hosting a benefit concert. We'd love you to come! #missionpossible #yycflood http…,LABEL_1,0.9997795224189758,"[None, 'Calgary', '.@nenshi Cliff Bungalow Mission CA']",,
Wow! Amazing! RT @Mrebeyka: Donating our 5thwheel for the flood victims in siksika nation #abflood #siksika,LABEL_1,0.9999161958694458,"['Alberta', None, 'siksika']",,
A Look Into The Flooding In Calgary #yyc http://t.co/R0W7JGm0VP,LABEL_1,0.9999175071716307,"[None, 'Calgary', None]",,
Calgary's flood aftermath too: http://t.co/i5TsmCqJYd via @youtube #YYC #Calgary #flood #cleanup #disaster #AB #Alberta,LABEL_1,0.9999185800552368,"['Alberta', 'Calgary', None]",,
Calgary floods: What you need to know now - CBC.ca http://t.co/XZWDBaGiPd,LABEL_1,0.9999182224273682,"[None, None, None]",,
"RT @DomesticDork: @TheBloggess Can you please RT about the #abfloods #yycfloods ? US News sites aren't covering it, and we need help. TERRI…",LABEL_1,0.9999178647994996,"[None, None, 'US']",,
"RT @DruhFarrell: Roads are jammed. With so many closures in place, please stay home if you don't need to travel. #yycflood",LABEL_1,0.9999191761016846,"[None, 'Calgary', None]",,
RT @NHLFlames: Looking for a way to help #abflood & #yycflood victims? Donate to the @redcrosscanada relief efforts ~ http://t.co/Xxothrnu73,LABEL_1,0.9999173879623412,"['Alberta', 'Calgary', None]",,
"#redcross volunteers hand out cleanup & hygiene kits, food, info, etc at #yycflood Elbow Park support ctr",LABEL_1,0.999919056892395,"[None, 'Calgary', 'Elbow Park support ctr']",,
"Amidst the flooding, Calgary begins the recovery process - Globe and Mail: Toronto StarAmidst the flo... http://t.co/KyUQLhlFYG #retweet",LABEL_1,0.9999183416366576,"[None, 'Calgary', None]",,
More than 100 flood-damaged Calgary buildings may be demolished [Photos]: More than 100 flood-damaged buildings... http://t.co/05z6SQG2oC,LABEL_1,0.9999147653579712,"[None, 'Calgary', None]",,
"Tsuu T'ina hosts Treaty 7 Benefit Concert! Volunteers? June 28, 29 2-10:30. #abflood #yychelps #calgary  https://t.co/PiJtO8qdbN",LABEL_1,0.999903440475464,"['Alberta', 'Calgary', None]",,
"I'll be up late very tonight, keeping an eye on twitter. Hoping to bring soup and or coffee to those doing late night clean up :) #yycflood",LABEL_1,0.9998998641967772,"[None, 'Calgary', None]",,
Edmonton is getting pretty chaotic...this rain isn't letting up!! I guess the floods are coming our way.. #abflood http://t.co/4dX2tAXHNV,LABEL_1,0.9999046325683594,"['Alberta', 'Edmonton', None]",,
RT @ENMAX: 1/2 ENMAX is unable to confirm individual power restoration enquiries. If  cleared to return home & are w/o electricity #yycflood,LABEL_1,0.9999183416366576,"[None, 'Calgary', None]",,
RT @CstShaw: East end of downtown #yyc entirely under #yycflood waters. http://t.co/dWO2Nfu3Wo,LABEL_1,0.9999178647994996,"[None, 'Calgary', 'downtown #yyc']",,
#ABFlood: A changing tide? Will this nightmare be the wake-up the #Alberta gov't needs?http://t.co/XIYDjvn6te #cdnpoli #ableg,LABEL_1,0.9999185800552368,"['Alberta', None, None]",,
RT @GriffMLA: Overhead view of Turner Valley bridge washout. Astounded to see the devastating power of water. #abflood http://t.co/PKnz9Q4I…,LABEL_1,0.9999167919158936,"['Alberta', None, 'Turner Valley']",,
RT @GongshowGear: Flooding now up to 15th row in SaddleDome - thoughts and prayers are with everyone in Calgary #BeSafe http://t.co/tdp3YkX…,LABEL_1,0.9999189376831056,"[None, 'Calgary', 'SaddleDome']",,
Floods Devastate Calgary —But Stampede Will Go On http://t.co/DG8dWpgmO3,LABEL_1,0.9999189376831056,"[None, 'Calgary', None]",,
RT @42megasxlr: #yycflood Saddledome water level about 9 rows up http://t.co/RGH9IIqIXA,LABEL_1,0.9999184608459472,"[None, 'Calgary', 'Saddledome']",,
@CanadaWise: #Calgary #Chinatown in urgent need of pumping freon (refrigerant) out of affected units. #yycflood  Pls RT for companies.,LABEL_1,0.99991774559021,"[None, 'Calgary', 'Calgary #Chinatown']",,
RT @AB_TB_Finance: Deadline extension issued for Alberta registered pension plans due to flooding: http://t.co/2JlKKbhe4n #abflood #ableg #…,LABEL_1,0.9999173879623412,"['Alberta', None, None]",,
RT @servprocleaning: Flood Don't: turn on ceiling fixtures if ceiling is wet also keep out of rooms where ceilings are sagging #yycflood ht…,LABEL_1,0.9999183416366576,"[None, 'Calgary', None]",,
"Alberta needs your help, #yyj! Text 'ABHELP' to 4664 if you're a Rogers/Fido customer and $5 will go to the Canadian Red Cross Flood Relief!",LABEL_1,0.9999185800552368,"['Alberta', None, None]",,
"RT @cbcDougDirks: @nenshi If you're still standing, @WBrettWilson donating $1 for every tweet, RT of hashtag #OMGP to max 50k for #yycflood…",LABEL_1,0.9999170303344728,"[None, 'Calgary', None]",,
RT @EricFrancis: Found in the mud in Bowness - a nice chuckle to break up the day. #yycflood http://t.co/KleTVG5ztC,LABEL_1,0.9998986721038818,"[None, 'Calgary', 'Bowness']",,
#Calgary #Police cannot allow people back into evacuated areas yet for several safety reasons #yycfloods #LDKG,LABEL_1,0.9999163150787354,"[None, None, None]",,
Sending love and support to those effected by the floods in Northern BC and Alberta. #floods #community #mothernature http://t.co/VEaANvtoJF,LABEL_1,0.999916672706604,"['Alberta', None, 'Northern BC']",,
@crystalhefner thanks for the follow!! Keep us here in alberta in your thoughts tonight! Massive flooding #abstrong #mhflood,LABEL_1,0.9999171495437622,"['Alberta', None, None]",,
RT @MMcKinnonArt: @glenbowmuseum Calgary Artist auctions paintings to support YYC Alberta Floods. 100% to Red Cross. Bid HERE: http://t.co/…,LABEL_1,0.9999173879623412,"[None, 'Calgary', '@glenbowmuseum']",,
"RT @cowgirlwarrior: My city asked for 600 volunteers today to help those affected by the flood, 7000 showed up. That's how we roll #calgary…",LABEL_1,0.9999158382415771,"[None, None, 'calgary…']",,
RT @BradenLatam: A strange sight for sure. MT @hpliszka: 1st time I've ever seen downtown without lights. #yycflood http://t.co/cezqfJUhk4 …,LABEL_1,0.9999133348464966,"[None, 'Calgary', 'downtown']",,
RT @SUNMichaelWood: #abflood Things are not looking good on Siksika Nation. Boil water advisory. 1000 people forced from their homes. http:…,LABEL_1,0.99991774559021,"['Alberta', None, None]",,
"RT @cityofcalgary: Reminder, residents of Deer Run, Quarry Park, Riverbend and Douglasdale can return home #yycflood",LABEL_1,0.9999191761016846,"[None, 'Calgary', 'Douglasdale']",,
RT @jengerson: The Bow from the Centre St Bridge this morning. #yycflood http://t.co/1a0GRkSmZs,LABEL_1,0.9999018907546996,"[None, 'Calgary', 'Centre St Bridge']",,
"RT @660News: Dale McMaster from ENMAX: Safety, safety, safety, and then again, safety. #YYCFlood",LABEL_1,0.9999046325683594,"[None, 'Calgary', None]",,
"I lived in Calgary for two years. Seeing the flood damage there has been heartbreaking. Stay safe, friends.",LABEL_1,0.9999169111251832,"[None, 'Calgary', None]",,
RT @___Danno: RT @Diegirl The blond is PM Harpers wife trying to comfort/calm down a very upset friend of mine.  #yycflood http://t.co/ZeJZ…,LABEL_1,0.9998605251312256,"[None, 'Calgary', None]",,
@cityofcalgary: Many Bridges Closed across Calgary - complete list here: http://t.co/4xa3keBJmA #yyc #yycflood,LABEL_1,0.9999179840087892,"[None, 'Calgary', None]",,
RT @beltline_pres: . will #yycflood damaged heritage like 1912 Colgrove in #beltline get help to restore . http://t.co/yNUQXkMfXV . http://…,LABEL_1,0.999918818473816,"[None, 'Calgary', 'beltline']",,
Looking for bands to play July 20 event to raise funds for Alberta Red Cross Flood Relief. If you're down message me.,LABEL_1,0.9999160766601562,"[None, None, None]",,
Thinking of everyone in Alberta affected by the flood #staysafe,LABEL_1,0.9999150037765504,"['Alberta', None, None]",,
RT @jdetmold: #yycflood #abflood Reinforcements passing through to High River. Thanks to all who are helping! @canadianarmy http://t.co/7yk…,LABEL_1,0.9999169111251832,"['Alberta', 'Calgary', 'High River']",,
"RT @MetroFletch: Is it ok to punch neighbours who are watering their lawns? Only lightly, @nenshi says. #yycflood",LABEL_1,0.9999041557312012,"[None, 'Calgary', None]",,
"#ABflood @NonsuchDave getting down and dirty with the shop vac, pressure washer, 2 brooms and a Squeegee http://t.co/xVxhfzJosw",LABEL_1,0.9998313188552856,"['Alberta', None, None]",,
"RT @CowtownTwit: #yyc #yycflood People who drive, stop trying to drive through water, that shit's deeper than ya all think. Stay home, read…",LABEL_1,0.9999195337295532,"[None, 'Calgary', None]",,
@ampcalgary reports of looting in bowness? maybe here's a couple of suspects... #yycflood,LABEL_1,0.9999176263809204,"[None, 'Calgary', 'bowness']",,
I'm in for $100 @SportsnetJamie via http://t.co/rIDm23nfpu Take pic w @greggzaun & share. Come on @BlueJays fans we need you. #yycflood,LABEL_1,0.9995766282081604,"[None, 'Calgary', None]",,
@cityofcalgary @CalgaryPolice is there anything I (or anyone) can do to help with the flood relief efforts?  #yycflood,LABEL_1,0.9999163150787354,"[None, 'Calgary', None]",,
RT @LesliCKellow: Hey @workopolis have u been volunteering in Calgary? 'Cause your ad @calgaryherald is so true! #yychelps #yycflood http:/…,LABEL_1,0.9999070167541504,"[None, 'Calgary', None]",,
RT @verenanz: Beautiful and thoughtful post about social media as a support during difficult times Thx @EHordyskiLuong #abflood  http://t.c…,LABEL_1,0.9998942613601683,"['Alberta', None, None]",,
RT @redcrosscanada: Red Cross accepting financial donations to assist people affected by flooding in Alberta: http://t.co/Xd9mbM2uj8  #abfl…,LABEL_1,0.9999172687530518,"['Alberta', None, None]",,
High River hit hard by flooding: The Town of High River is one of the hardest hit communities in southern Alberta... http://t.co/mb66FrIlvb,LABEL_1,0.9999152421951294,"['Alberta', None, 'southern']",,
RT @lonnietaylor: #yycflood benefit concert tonight in Bridgeland at 7 PM. 235 8A St NE. Free admission. Bring money and non perishable foo…,LABEL_1,0.999912977218628,"[None, 'Calgary', '235 8A St NE']",,
RT @YYCTed: Survival conditions: charging the phone with my wood fired USB generator. #Yycflood #yyc http://t.co/T8YIaDbPfs,LABEL_1,0.9998956918716432,"[None, 'Calgary', None]",,
RT @weathernetwork: Sad #yycflood update: Mayor @Nenshi confirmed on Facebook that an 83-year-old woman passed away due to accidental drown…,LABEL_1,0.9999189376831056,"[None, 'Calgary', None]",,
Tim Hortons creates Alberta Rose donut to aid flood relief http://t.co/JbPPZo9J9s,LABEL_1,0.9998974800109864,"[None, None, None]",,
80% roadways open in Calgary. #yycflood,LABEL_1,0.9999160766601562,"[None, 'Calgary', None]",,
St. Christopher's - Statement from the Primate on flooding in Southern Alberta http://t.co/iwHIJFpnVc @generalsynod,LABEL_1,0.9999165534973145,"[None, None, 'Southern Alberta']",,
@instagram you about that vine yo i prefer yo pics #abflood,LABEL_1,0.9998675584793092,"['Alberta', None, None]",,
"No amount of water will keep us from beating, maiming, and recklessly killing horses! CAL-GA-RY!! CAL-GA-RY!! -Calgary #yycflood",LABEL_1,0.9999186992645264,"[None, 'Calgary', None]",,
RT @AB_EmergAlert: Flash Flood Alert Updated Jun25 734PM Take necessary precautions. Foothills #31 http://t.co/B6uO3E9qa7 #ABemerg #ABflood,LABEL_1,0.9999065399169922,"['Alberta', None, 'Foothills #31']",,
"RT @AHS_media: Face masks can be used when cleaning areas that could contain mould, asbestos or heavy dust. #abflood #yycflood",LABEL_1,0.9999194145202636,"['Alberta', 'Calgary', None]",,
From the show is going to flood relief too. Our next show is Canada Day at 4th Spot-- hope you can make it!,LABEL_1,0.9996616840362548,"[None, None, '4th Spot']",,
RT @Mookalicious: This pic of an awesome firefighter in Mission needs to go viral.  Please share! #abflood http://t.co/H1YF3RhJZs,LABEL_1,0.999918818473816,"['Alberta', None, 'Mission']",,
Officials @calgarystampede have announced it will start as planned on July 5. #yycflood #ABflood,LABEL_1,0.9999181032180786,"['Alberta', 'Calgary', None]",,
Here we go again #calgary #yyc #floods everyone stay safe! http://t.co/hEowUdDdwt,LABEL_1,0.9999194145202636,"[None, 'Calgary', None]",,
"RT @distancesmusic: CALGARY: In light of the devastating effects of the flooding in your city, we have decided to donate… http://t.co/X3o5C…",LABEL_1,0.9999158382415771,"[None, 'Calgary', None]",,
"RT @Warnicam: Emergency Services closely watching #yeg N. Saskatchewawn River, as Flood Watch continues #abflood Water high + fast http://t…",LABEL_1,0.999916672706604,"['Alberta', 'Edmonton', None]",,
RT @GlobalCalgary: PHOTO: Employees from a show home in High River are rescued in a unique way. #abflood Courtesy of @Shmorrow http://t.co/…,LABEL_1,0.9999178647994996,"['Alberta', None, 'High River']",,
"RT @Metro_Nolais: Enmax and city must investigate every house WO power, you must be home when they come or rebook through 311 #yycflood",LABEL_1,0.999919056892395,"[None, 'Calgary', None]",,
Canada Day events go ahead as planned in Calgary and surrounding areas: Flood damage wont stop Albertans from... http://t.co/CxC4x6tgDo,LABEL_1,0.99991774559021,"[None, 'Calgary', None]",,
New #yycflood Word: Posimistic. \Being Positive & Optimistic at the same time! ????,LABEL_1,0.9996680021286012,"[None, 'Calgary', None]",,
Savour life - musings on the power of nature as we endure the #yycflood of 2013 http://t.co/4ZdxLlrFhy,LABEL_1,0.9999179840087892,"[None, 'Calgary', None]",,
"RT @sunterryjones: Fans donated to $553,703.70 to the Red Cross for flood relief in Southern Alberta. Pretty good for twitchy eyed, machete…",LABEL_1,0.9999151229858398,"[None, None, 'Southern Alberta']",,
@doogie2k my garage is all flooded. My parents live I'm bearspaw near a creek and their entire basement is flooded. My sister is evacuated,LABEL_1,0.999918818473816,"[None, None, None]",,
"RT @voyagevixen: @Crackmacs for anyone doing cleanup in the coming days, How to clean up after flood. http://t.co/nwTyC0RimL #abflood #yycf…",LABEL_1,0.9999186992645264,"['Alberta', None, None]",,
"RT @clara_ho: 3,099 buildings need to be validated, verified and inspected in order to restore power #chlive #yycflood",LABEL_1,0.9999183416366576,"[None, 'Calgary', None]",,
Calgary residents allowed to return as floods recede http://t.co/PzABa4JgFk,LABEL_1,0.9999173879623412,"[None, 'Calgary', None]",,
RT @cityofcalgary: Community Support Centres open today from 9 a.m. - 10 p.m. Details at: http://t.co/R8zwJ7liG8 #yyc #yycflood,LABEL_1,0.9999161958694458,"[None, 'Calgary', None]",,
#alberta Southern Alberta Floods: How You Can Help Flood-Hit Places Recover http://t.co/toVE4W1TYW,LABEL_1,0.9999161958694458,"['Alberta', None, 'Southern Alberta']",,
RT @cenovus: Donating $1M to #abflood relief incl. $250K immediately to @redcrosscanada; will also work w/ other community partners in reco…,LABEL_1,0.9999158382415771,"['Alberta', None, None]",,
Anyone heard when power will be returning to Cliff Bungalow? #yycflood,LABEL_1,0.9999182224273682,"[None, 'Calgary', 'Cliff Bungalow']",,
@nenshi proud Calgarian because of our strength. Thank you and everyone for all you have done #yycflood,LABEL_1,0.9999130964279176,"[None, 'Calgary', None]",,
Keystone oil pipeline not affected by Alberta floods-TransCanada http://t.co/vjTL9aWI3L,LABEL_1,0.9999159574508668,"['Alberta', None, None]",,
Rain is just what we need ! Calgary #flood,LABEL_1,0.9999163150787354,"[None, None, None]",,
They've never seen water this high before at Bow City http://t.co/vqI5VRXXs5 #abflood,LABEL_1,0.9999182224273682,"['Alberta', None, 'Bow City']",,
RT @CstShaw: I hear that @WBrettWilson is donating $1.00 for every RT of #OMGP to the #yycflood relief. Thanks Brett!,LABEL_1,0.9999159574508668,"[None, 'Calgary', None]",,
@cityofcalgary: .@nenshi Macleod trail is fully open to traffic - they built a road in 1 day #yycroads #yycroads #yyctraffic - Amazing!!,LABEL_1,0.9998902082443236,"[None, None, 'Macleod']",,
RT @CNN: At least 2 dead in Calgary flooding http://t.co/Pa8xy4PYdl,LABEL_1,0.9999173879623412,"[None, 'Calgary', None]",,
RT @Penny_Sarah: Price gouging in Calgary #yycfloods http://t.co/hPDWPx1Ecv,LABEL_1,0.9999182224273682,"[None, 'Calgary', None]",,
RT @Taylorlafavee: @Mookalicious: This pic of an awesome firefighter in Mission needs to go viral. Please share! #abflood http://t.co/Rw8H…,LABEL_1,0.999918818473816,"['Alberta', None, 'Mission']",,
RT @CraigJButton: Surreal in Calgary with the flooding. Calgary Mayor @nenshi has been a phenomenal leader through this ordeal. Thanks to e…,LABEL_1,0.9999183416366576,"[None, 'Calgary', None]",,
RT @Kohinndtd: @taylorswift13 hey girl; im stuck in the floods in Canmore alberta and spent 500$ to come see you! Send me a helicopter!!!!!…,LABEL_1,0.9998772144317628,"[None, None, 'Canmore alberta']",,
"RT @Shell_Canada: Shell Canada donating $10,000 in Walmart gift cards to help those affected by flooding in the #Siksika First Nation. #abf…",LABEL_1,0.9999183416366576,"[None, None, 'Siksika First Nation']",,
S/o to my mum the emergency nurse who will have a hell of a night with flood victims. Thank you all @cityofcalgary  emergency services!,LABEL_1,0.9999181032180786,"[None, None, None]",,
"RT @RUSS_MOVIEGOD: on this Canada Day more than usual, my heart wishes & Prayers go out to those affected by the Alberta Floods. Be strong …",LABEL_1,0.9999160766601562,"['Alberta', None, None]",,
RT @Ferda_Clothing: Help support the flood disaster victims of Alberta! \\50% of all weekend sales will be donated to Flood Victim Relief!\…,LABEL_1,0.9999146461486816,"['Alberta', None, None]",,
RT @calgaryherald: It's a mess. Flood raises many issues for Calgary real estate transactions http://t.co/zaEO3GGxMy #yyc #yycre,LABEL_1,0.9999181032180786,"[None, 'Calgary', None]",,
RT @DruhFarrell: More cleaning supplies from the lovely residents of Killarney. #yycflood http://t.co/HBtaeOVAx3,LABEL_1,0.9999189376831056,"[None, 'Calgary', 'Killarney']",,
There's yucky stiff in river so wait for instructions before volunteering clean up. Tobert said each Calgarian will get gloves. #yycflood,LABEL_1,0.9999186992645264,"[None, 'Calgary', None]",,
"RT @TempResLtd: Regretfully, @sledisland festival (and thus @EITS performance) is canceled due to Calgary floods. Please, take care. http:/…",LABEL_1,0.9999179840087892,"[None, 'Calgary', None]",,
RT @M_S_Kendrick: Does anyone need food? We have about 300-400 sandwiches and no one to eat them. Location: Central Memorial HS #yycflood,LABEL_1,0.9998929500579834,"[None, 'Calgary', 'Central Memorial HS']",,
RT @albertagreekgrl: Is it possible to bike to work DT from canyon meadows down McLeod trail or is this a death wish? @nenshi  #yycflood  #…,LABEL_1,0.9997947812080384,"[None, 'Calgary', 'McLeod trail']",,
"RT @nandaUganda: Water levels, death toll expected to rise in flood-ravaged Alberta http://t.co/SpN2LQnFCa #climate #disasters",LABEL_1,0.9999163150787354,"['Alberta', None, None]",,
RT @calgaryzoo: An example of just how strong the waters were that flooded the zoo on June 21. http://t.co/eNaExarG8F #yycflood,LABEL_1,0.9999183416366576,"[None, 'Calgary', None]",,
"RT @HomeDepotCanada: We’ve donated $125,000 to @redcrosscanada to assist those that have been affected by #abflood. Read more – http://t.co…",LABEL_1,0.9999165534973145,"['Alberta', None, None]",,
RT @AureliaCotta: Remember to Keep Calm and @nenshi On! #Calgary #yycflood http://t.co/zVhsX5HeM9,LABEL_1,0.9999032020568848,"[None, 'Calgary', None]",,
Seniors high priority for city and other flood news updates: Seniors high priority for city http://t.co/rMm8Ey1Vae,LABEL_1,0.9999173879623412,"[None, None, None]",,
"Walking along a path above the river and affected areas, it's horrible seeing so many homes destroyed ?? #yycflood",LABEL_1,0.9999161958694458,"[None, 'Calgary', None]",,
Lamphier: Flood damage in Alberta could run as high as $5B http://t.co/krc00Jd5Dw via @edmontonjournal,LABEL_1,0.9999169111251832,"['Alberta', None, None]",,
RT @PQuinlanGlobal: We've got your latest coverage on the #yycflood & #skflood coming up in just a few minutes @GlobalSaskatoon NHF@10 #sky…,LABEL_1,0.999919295310974,"[None, 'Calgary', None]",,
@froknowsphoto flooding in Calgary Alberta http://t.co/mAmDk419j3,LABEL_1,0.9999176263809204,"[None, None, 'Calgary Alberta']",,
Re: I'm worried about a Police State in Calgary right now! #yycflood I passed at least 8 tanks 5 trucks and doz... http://t.co/ZxFosqJj54,LABEL_1,0.9999186992645264,"[None, 'Calgary', None]",,
"RT @HyattCalgary: Meet the Flood Fairies! Children went door-to-door, collecting supplies for #yycflood relief efforts http://t.co/4QTZZ5sb…",LABEL_1,0.9999184608459472,"[None, 'Calgary', None]",,
RT @JellyModern: Are you on your way to help with the #yycflood cleanup? Stop by and we will send you off with a dozen doughnuts and coffee…,LABEL_1,0.9999185800552368,"[None, 'Calgary', None]",,
Tweeting this again. Craig Oliver describes how he and Lloyd Robertson ended up stranded in Calgary: http://t.co/9YtRoSJTF2 #YYCflood,LABEL_1,0.9998879432678224,"[None, 'Calgary', None]",,
MT @EricFrancis: Water in Dome has subsided somewhat from row 10 of seats to row 8. Press conference to be announced soon #abflood,LABEL_1,0.999918818473816,"['Alberta', None, 'Dome']",,
@feministtswift At first I thought you were referencing #abflood : Drop everything now / Meet me in the pouring rain. But then... nope.,LABEL_1,0.9999078512191772,"['Alberta', None, None]",,
RT @YYCFlood: #YYCFlood Take an underground tour of downtown Calgary with city crews assessing flood ... http://t.co/4JY3mlFGeq,LABEL_1,0.9999164342880248,"[None, 'Calgary', 'downtown Calgary']",,
RT @cityofcalgary: Please do limit your non-essential water use: take short showers and hold off on laundry and the dishwasher. #yycflood,LABEL_1,0.999919056892395,"[None, 'Calgary', None]",,
RT @AB_EmergAlert: High Water Level Alert Jun22 249PM Take necessary precautions. Kneehill County http://t.co/B6uO3E9qa7 #ABemerg #ABflood,LABEL_1,0.9999178647994996,"['Alberta', None, 'Kneehill County']",,
Calgary and southern Alberta cops work double-shifts and on days off as mass flooding continues http://t.co/mrwiykYp73 #yycflood,LABEL_1,0.9999161958694458,"[None, 'Calgary', 'southern Alberta']",,
@mothernature your alittle early these arenas don't need a flood untill the second intermission #medhat #calgary #nozambonineeded,LABEL_1,0.9998981952667236,"[None, 'Calgary', None]",,
RT @dempsterCBC: Town of High River getting $50 million from prov. to help w/ cost of flood recovery and emerg. services. # #abflood,LABEL_1,0.9999148845672609,"['Alberta', None, 'High River']",,
"RT @CalgaryPolice: If the power is out at an intersection, please treat it as a 4-way stop. #yycflood",LABEL_1,0.9999184608459472,"[None, 'Calgary', None]",,
RT @CBCEdmonton: Alberta floods: before and after photos  #abflood,LABEL_1,0.9999154806137084,"['Alberta', None, None]",,
"@KellyHrudey been on road for 2 mos w playoffs, and is back again at ground zero to help again! Thx as always!  #yycflood #greatalbertan",LABEL_1,0.9998155236244202,"[None, 'Calgary', 'ground zero']",,
People are dying during this flood. PLEASE STAY AWAY FROM THE WATER!! AND EVACUATE IF YOU HAVE TOO! #jeesh #yycflood #abflood,LABEL_1,0.9999178647994996,"['Alberta', 'Calgary', None]",,
No more rain fall warnings ANYWHERE! Can't wait to see southern AB clean up this mess!  Heroes :)  #yycflood #abflood,LABEL_1,0.9999191761016846,"['Alberta', 'Calgary', 'southern AB']",,
RT @Cmdr_Hadfield: Floods are an unbridled misery. My heartfelt thoughts and wishes for a swift recovery to those battling the Alberta high…,LABEL_1,0.9999182224273682,"['Alberta', None, None]",,
Thoughts are going out to friends in Alberta dealing with the major flooding...talk about an epic city that has... http://t.co/PytRUj7PJM,LABEL_1,0.9999173879623412,"['Alberta', None, None]",,
RT @ctvedmonton: How can you help Alberta's flood relief efforts? Full details here: http://t.co/dIbtQ2GO9M #abflood @CTVNews,LABEL_1,0.9999170303344728,"['Alberta', None, None]",,
#yycflood What a trooper this guy is!! Jesse @wopizza dropping off pizzas for city workers! #yycfood http://t.co/P1NAxUEoR9,LABEL_1,0.9995040893554688,"[None, 'Calgary', None]",,
"Good insight re leaders in #abflood. @nenshi shines but Redford, Harper have acted correctly #cdnpoli #abpoli #yyccc http://t.co/d6nE3cRbAT",LABEL_1,0.999897003173828,"['Alberta', None, None]",,
RT @Cmdr_Hadfield: Disaster Cam - we installed a telescope on ISS that's helping see extent of Alberta flooding: https://t.co/s4jMcCjNgN ht…,LABEL_1,0.9999189376831056,"['Alberta', None, None]",,
RT @jdetmold: #yycflood #abflood Reinforcements passing through to High River. Thanks to all who are helping! @canadianarmy http://t.co/7yk…,LABEL_1,0.9999169111251832,"['Alberta', 'Calgary', 'High River']",,
RT @NeverABlindEye: Businesses trying to rip us off during the #yycFloods? RT and List them all under hashtag #YYCGreedyBastards @ReapersPl…,LABEL_1,0.9999160766601562,"[None, None, None]",,
The Calgary Police posted a thank you to all Calgarians. Retweet if you agree we should be thanking them #yycflood http://t.co/eOFcMf8Laz,LABEL_1,0.9999170303344728,"[None, 'Calgary', None]",,
Listen friday on CBC radio in Alberta when I discuss the effects of flooding on Calgary gardens  @AlbertaatNoon,LABEL_1,0.9999173879623412,"['Alberta', None, 'Calgary gardens']",,
RT @Wetaskijen: Brett Wilson will donate $1.00 to Calgary Flood Relief for every Tweet with the #OMGP hashtag.  Thank you Brett Wilson!,LABEL_1,0.9999159574508668,"[None, 'Calgary', None]",,
We got mail today?! How did @canadapostcorp manage that? Amazing. #yycflood,LABEL_1,0.9998674392700196,"[None, 'Calgary', None]",,
RT @SUNMichaelWood: #abflood Things are not looking good on Siksika Nation. Boil water advisory. 1000 people forced from their homes. http:…,LABEL_1,0.99991774559021,"['Alberta', None, None]",,
@allanhawco still waiting clearance to go home but loving the amazing kindness of everyone in #Calgary!,LABEL_1,0.9996032118797302,"[None, 'Calgary', None]",,
"RT @JeffJohnsonMLA: Team at the High River Ops Centre are doing amazing work. Much to be done, but the rebuilding starts now #abflood http:…",LABEL_1,0.9999184608459472,"['Alberta', None, 'High River Ops Centre']",,
"@JafricanTing I feel for those who were evacuated =( Saw this photo,the dome is flooded to the 10th row of seats. http://t.co/C3Yzk7lnhj",LABEL_1,0.9999172687530518,"[None, None, None]",,
RT @SUNBreakenridge: Agreed. MT @AlbertaAltruist: Crisis management has gone well in #ABFlood at all levels of Govt. Hope it continues thro…,LABEL_1,0.99991774559021,"['Alberta', None, None]",,
RT @MattX929: Saddledome filled about 9 rows up! Whoever got that pic- wow #yycflood http://t.co/CtThkmUc0Y,LABEL_1,0.9999160766601562,"[None, 'Calgary', 'Saddledome']",,
RT @ajproc: Hey #YYC #calgary #yycflood  #abflood if u you were helped this week share ur Angel story here by tagging it #YYCFloodAngels,LABEL_1,0.9999164342880248,"['Alberta', 'Calgary', None]",,
RT @BillGraveland: Alberta government gives $1B in flood relief as most Calgary residents return home #abflood #abpoli\http://t.co/wtCnBk5H…,LABEL_1,0.9999158382415771,"['Alberta', 'Calgary', None]",,
http://t.co/k8DXVjSKpw - Amazing Aerial Footage of Calgary Flood http://t.co/hhLcMWmsm3 via @po_st,LABEL_1,0.9999171495437622,"[None, 'Calgary', None]",,
"RT @ReaFaceToFace: Ok @TwitterCanada & @Support, I know it's an unusual request, but can you PLEASE un-suspend @yychelps & @yycflood ASAP? …",LABEL_1,0.9998542070388794,"[None, None, None]",,
RT @YourAlberta: Fixing the waste water treatment plant is the first priority in High River.  | #abflood #highriver  @TownOfHighRiver,LABEL_1,0.999916672706604,"['Alberta', None, 'High River']",,
"RT @LisaWestera: #EarsForCalgary #abflood benefit concert, TOMORROW night @mikeysjukejoint! Doors at 7:45. No cover. Donation jars at venue…",LABEL_1,0.9999172687530518,"['Alberta', None, 'mikeysjukejoint']",,
RT @CBCAlerts: Calgary's 'very preliminary' damage estimate $3-5B: BMO  . Cautions it will 'take time to refine estimates.' #abflood,LABEL_1,0.9999167919158936,"['Alberta', 'Calgary', None]",,
Bowness residents stunned by flood's muddy devastation: A portion of Bowness felt the full brunt of the powerful... http://t.co/DD2ChCYCyX,LABEL_1,0.9999159574508668,"[None, None, 'Bowness']",,
City is not putting a lot of resources downtown - only enough resources as they focus also on residential areas #yycflood,LABEL_1,0.9999172687530518,"[None, 'Calgary', None]",,
"RT @GlobalCalgary: .@ShawInfo donated $1M to the Red Cross, so they can help people affected by #abflood. Shaw WiFi open to all residents t…",LABEL_1,0.9999158382415771,"['Alberta', None, None]",,
RT @markusoff: IT'S ARRIVED. THE NUMBER: @crudereporter: BMO estimates cost of 2013 #abflood damage could be as high as $3.75-BILLION,LABEL_1,0.9999158382415771,"['Alberta', None, None]",,
RT @CTVPKrauskopf: @nenshi says Stampede Park is draining more quickly than thought.  Power is now partially restored there.  \#yycflood #a…,LABEL_1,0.9999191761016846,"[None, 'Calgary', 'Stampede Park']",,
RT @Jmalks: It's going to take Calgarians a long time to scoop all the water out of the saddledome with one cup. #yycflood #yyc #yeg #Calga…,LABEL_1,0.999919295310974,"[None, 'Edmonton', 'saddledome']",,
"RT @660News: Chief Hanson given the challenges we've faced, its amazing how we've come together as a city #yycflood",LABEL_1,0.9999042749404908,"[None, 'Calgary', None]",,
"@HuffingtonPost: Floods force 75,000 out of their homes in Canada http://t.co/NKRpG8d9J4 PRAYING4CANADA",LABEL_1,0.9999184608459472,"[None, None, 'Canada']",,
"RT @Kelly_A_Bee: CANADA'S Mayor 10 reasons why Calgarians love Nenshi (or, How To Be A Leader.) http://t.co/mH9V6Mg5Sl #yycflood",LABEL_1,0.9978094696998596,"[None, 'Calgary', 'CANADA']",,
"If anyone can give me a status update on 1st & 26th Ave in Mission, it'd be much appreciated! #yyc #yycflood",LABEL_1,0.9997707009315492,"[None, 'Calgary', 'Mission']",,
"Canada Floods 2013: Rising Waters May Force 100,000 From Their Homes http://t.co/1K4z7L2CGX",LABEL_1,0.9998999834060668,"[None, None, 'Canada']",,
"Hey, @wick_22 qnd @DeliverGood, looking to get involved with #abflood  clean-up Friday, where can some friends and I go to help? #yychelps",LABEL_1,0.9999182224273682,"['Alberta', None, None]",,
RT @CampbellMLA: an assesment team will be on the ground at Stoney Nakoda Nation tomorrow to inspect houses that were impacted by #abflood,LABEL_1,0.9999185800552368,"['Alberta', None, 'Stoney Nakoda Nation']",,
"RT @ABeconomist: Let's support Calgary small business post-flood! Everyone follow @yycisopen to eat, drink, shop, spend and help them get…",LABEL_1,0.9999163150787354,"[None, 'Calgary', None]",,
@TheatreProblems Send love to your fans and fellow thespians in Southern Alberta! #CalgaryStrong #abflood,LABEL_1,0.99991774559021,"['Alberta', None, 'Southern Alberta']",,
Canada's 5th largest city? MT @robedits: Our hottest story.  Why the city is still in big trouble #Calgary #yyzflood http://t.co/5lPtqevN4I,LABEL_1,0.9999125003814696,"[None, 'Calgary', 'Canada']",,
RT @YWCAofCalgary: @ShawTVCalgary Update for immediate release: @YWCAofCalgary Clients... Moved to Safety. http://t.co/VZthtyvR22 #abflood,LABEL_1,0.9999183416366576,"['Alberta', None, None]",,
Don't take your canoe out on the roads today Never thought I'd hear that #yycflood,LABEL_1,0.9999163150787354,"[None, 'Calgary', None]",,
"RT @abbassomji: Mayor @nenshi presser: In an emergency, price gouging is illegal. #exploitation #ABflood #YYCflood #developing",LABEL_1,0.9998977184295654,"['Alberta', 'Calgary', None]",,
RT @vanrennenberg: A plaque along the oldman river in #lethbridge. Showing ~15 foot difference between June '95 and now #yql #ABFlood http:…,LABEL_1,0.9999158382415771,"['Alberta', None, 'lethbridge']",,
"@GriffMLA: As @Premier_Redford said, if authorities ask you to evacuate, please cooperate #abflood #medhat",LABEL_1,0.999919056892395,"['Alberta', None, None]",,
RT @nenshi: Really weird. But cool? RT @grahamclark: Beard painting of @nenshi. All proceeds go to help Alberta flood relief: http://t.co/P…,LABEL_1,0.9999057054519652,"['Alberta', None, None]",,
#Video: #Canada flooding leaves three #dead - Jun 22 @ 8:52 AM ET http://t.co/xX6N9rxurT,LABEL_1,0.9999182224273682,"[None, None, 'Canada']",,
RT @JesseGlamTrash: Wow...Stop worrying about stampede and focus on getting people's lives together. #yycflood,LABEL_1,0.9998921155929564,"[None, 'Calgary', None]",,
I find it weird that people keep bringing up the rivalry btwn #yeg and #yyc re #yycflood. A rivalry won't stop us from helping,LABEL_1,0.9996824264526368,"[None, 'Calgary', None]",,
RT @CalgaryPolice: Together we will rebuild. #WeAreCalgary Great video made by Bradley Stuckel: http://t.co/Pe7DOtu1zK #yycflood,LABEL_1,0.9999157190322876,"[None, 'Calgary', None]",,
The City of Calgary remains in a state of local emergency due to significant flooding. \&gt; Emergency Mgt update 3:30pm,LABEL_1,0.9999171495437622,"[None, 'Calgary', 'City of']",,
RT @ENMAX: ENMAX has restored power to the community of Sunnyside. http://t.co/vCeyOoRh5b #yycflood,LABEL_1,0.999919295310974,"[None, 'Calgary', 'Sunnyside']",,
RT @JodiJodiSmith: Incredible @Mookalicious: This pic of an awesome firefighter in Mission needs to go viral.  Please share! #abflood http:…,LABEL_1,0.9999191761016846,"['Alberta', None, 'Mission']",,
Things NOT to do after a flood: http://t.co/sa8xmAf9Gj Is it just us or is the candel picture really creepy from @calgaryherald? #yycflood,LABEL_1,0.9999173879623412,"[None, 'Calgary', None]",,
"Record-breaking flood waters bring deaths, chaos to parts of Canada | Video  http://t.co/LFGjc2I5K2",LABEL_1,0.9999172687530518,"[None, None, 'Canada']",,
RT @BauerHockey: Thoughts and prayers are with the people of Calgary and southern Alberta that have been affected by the floods. #calgaryfl…,LABEL_1,0.9999158382415771,"[None, 'Calgary', 'southern Alberta']",,
RT @AHS_YYCZone: Please continue to check http://t.co/uOdJ0ne4Be for facility updates and health information related to #yycflood,LABEL_1,0.999914050102234,"[None, 'Calgary', None]",,
WTI Oil Rises After Flooding Shuts Alberta Pipelines http://t.co/dzwEjuG3Lm,LABEL_1,0.9999146461486816,"['Alberta', None, None]",,
RT @CTVNews: Three confirmed dead in Alberta flooding as evacuations continue http://t.co/W1syZ5BE1s,LABEL_1,0.999916672706604,"['Alberta', None, None]",,
"RT @Mookalicious: 10th street bridge is close to being under water!  These images are real, although hard to believe! #yycflood http://t.co…",LABEL_1,0.9999181032180786,"[None, 'Calgary', '10th street bridge']",,
RT @windspeakernews: RT @starbuckscanada: Make a difference in #Alberta. Visit to make a donation to the Red Cross #abflood http://t.co/5rB…,LABEL_1,0.9999184608459472,"['Alberta', None, None]",,
"Will be on Vancouver's @CKNW again in the next little bit to talk @calgarystampede, #volunteer insanity & #ABflood latest. #yyc #yvr",LABEL_1,0.9999078512191772,"['Alberta', 'Vancouver', None]",,
Update! Our Calgary downtown location is OPEN for arrivals and departures! Thank you all for your patience. #yycfloods #yyc,LABEL_1,0.999918818473816,"[None, 'Calgary', 'Calgary downtown location']",,
RT @CalgaryReads: The water has reached the @Kahanoff building where our offices are. #yycflood http://t.co/gPgfKGlPK3,LABEL_1,0.9999191761016846,"[None, 'Calgary', '@userahanoff building']",,
RT @globaltvnews: Watch LIVE: Alberta Emergency Management Agency updates provincial response to the flooding in southern #Alberta http://t…,LABEL_1,0.9999165534973145,"[None, None, 'southern #Alberta']",,
“@CBCNews: Calgary flood victims looking to government for help http://t.co/3j0yCV7SWb”,LABEL_1,0.9999165534973145,"[None, 'Calgary', None]",,
"Redford, Harper pledge co-ordinated response to Alberta flooding: Premier Alison Redford has reiterated Friday... http://t.co/15E8VEywhM",LABEL_1,0.9999165534973145,"['Alberta', None, None]",,
RT @CT_Slogans: #yyc anyone in mission need bottled water? We are dropping off #yycflood,LABEL_1,0.9999194145202636,"[None, 'Calgary', None]",,
CBC Ticker - Calgary Stampede officials give post-flood update: Watch LIVE as Calgary Stampede officials updat... http://t.co/iJ9nep2Pjc,LABEL_1,0.9999185800552368,"[None, None, None]",,
RT @KooL1015Calgary: A 15-year-old High River boy is missing due to the flood. Call police if you see Eric St. Denis #abflood #yycflood htt…,LABEL_1,0.999915599822998,"['Alberta', 'Calgary', 'High River']",,
If anyone needs batteries shaw store at chinook has a ton. @Crackmacs #yycflood,LABEL_1,0.9998750686645508,"[None, 'Calgary', 'chinook']",,
@randychevrier: Glad to have @nenshi leading our city through this crisis. Montreal and Toronto Mayors take note. #leadership #yycflood,LABEL_1,0.9999126195907592,"[None, 'Calgary', 'Montreal']",,
RT @cityofcalgary: Important information on what you need to know when arriving home after an evacuation http://t.co/9m3y8HAf74 #yycflood,LABEL_1,0.9999189376831056,"[None, 'Calgary', None]",,
"RT @calgaryherald: Happy Canada Day! Despite the flooding, local celebrations will go ahead -- though not at Prince's Island Park: http://t…",LABEL_1,0.9998378753662108,"[None, None, ""Prince's Island Park""]",,
RT @ctvedmonton: Officials with the Town of Devon have declared a state of emergency: http://t.co/dWzCjfn8iA #abflood @CTVNews,LABEL_1,0.9999186992645264,"['Alberta', None, 'Town of Devon']",,
"Also, hope everyone is safe in calgary from all the flooding!!",LABEL_1,0.9999171495437622,"[None, 'Calgary', None]",,
RT @CalgaryPolice: UPDATE: Deerfoot Trail is now open in both directions. #yycflood,LABEL_1,0.9999189376831056,"[None, 'Calgary', 'Deerfoot Trail']",,
RT @DaveHancockMLA: For more info on #abflood recovery and pre-loaded debit cards 4 #Albertans who can't return home please visit http://t.…,LABEL_1,0.9999189376831056,"['Alberta', None, None]",,
"RT @suzyburge: Alberta floods have permanently altered Rocky Mountains, foothills and rivers http://t.co/igvpfbphj7 via @yahoocanadanews",LABEL_1,0.9999170303344728,"['Alberta', None, 'Rocky Mountains']",,
RT @weathernetwork: Will become iconic photo of floods. RT @ShaneKeller #HighRiver Man swims after his cat Momo.. #abflood #yycflood http:/…,LABEL_1,0.9999183416366576,"['Alberta', 'Calgary', None]",,
#yycflood Thousands of Calgary residents allowed to return home http://t.co/ZNTJZhNiuK,LABEL_1,0.9999179840087892,"[None, 'Calgary', None]",,
"However, driving around in this truck you feel like a celebrity. Lots of honking, waving, cheering as we go by. #abflood #yycflood #",LABEL_1,0.9999172687530518,"['Alberta', 'Calgary', None]",,
A lot of #geoenginering going on in #yyc #calgary tonite.  #abflood http://t.co/TQEbIzQ3IY,LABEL_1,0.9999189376831056,"['Alberta', 'Calgary', None]",,
RT @NHLFlames: Flooding outside the Scotiabank Saddledome - please stay away from the building until further notice #yycflood #yyc http://t…,LABEL_1,0.9999167919158936,"[None, 'Calgary', 'Scotiabank Saddledome']",,
RT @Mookalicious: Canmore golf course is now a heli pad. Cool but weird! #abflood http://t.co/YAnYhweKcL,LABEL_1,0.9999170303344728,"['Alberta', None, 'Canmore golf course']",,
"RT @JKilbach: The Perfect Storm...Flood, interesting read! #yyc #yycflood RT: @CBCNews: Why Alberta's floods hit so hard and fast http://t.…",LABEL_1,0.9999175071716307,"['Alberta', 'Calgary', None]",,
Alberta farms and ranches avoid catastrophe in Alberta floods: CALGARY - The Alberta floods have caused billions... http://t.co/ODn2WbEody,LABEL_1,0.9999148845672609,"['Alberta', 'Calgary', None]",,
RT @CalgaryPolice: ROAD CLOSURE: Deerfoot Trail both directions is closed between 50th and 17th ave. #yycflood,LABEL_1,0.9999191761016846,"[None, 'Calgary', '17th ave']",,
RT @yycnews: Gallery: Herald photographers record Calgary's historic flood: Calgary Herald photographers fan out across the... http://t.co/…,LABEL_1,0.9999176263809204,"[None, 'Calgary', None]",,
@BradPaisley my boys listening to u we r evacuated from our home in southern Alberta after floods. I can only laugh when Water is played,LABEL_1,0.999915599822998,"[None, None, 'southern Alberta']",,
@CourtneyBeckett We think it looks pretty great too! #yycflood,LABEL_1,0.9999058246612548,"[None, 'Calgary', None]",,
RT @windspeakernews: RT @jonwrathall: Anyone bringing donations for #siksika to WM at Royal Oak we're at back of lot near Sobeys. #abflood …,LABEL_1,0.9999183416366576,"['Alberta', None, 'Sobeys']",,
RT @BruceSkiies: Everything but my boxers is muddy right now #volunteering #yycflood,LABEL_1,0.999900221824646,"[None, 'Calgary', None]",,
Well power is out in SE #yyc. #yycflood,LABEL_1,0.9999194145202636,"[None, 'Calgary', 'SE #yyc']",,
"3 die in floods, 75,000 forced from Calgary homes http://t.co/uoo6jsxt0r",LABEL_1,0.999916672706604,"[None, 'Calgary', None]",,
RT @HeatherYourex: Residents of BowCrest Centre will begin returning to the facility later this week #abflood #abhealth,LABEL_1,0.999918818473816,"['Alberta', None, 'BowCrest Centre']",,
RT @tsatassaya: Apparently #BMO account will be set up tomorrow to directly assist those affected by #abflood in FirstNations communities,LABEL_1,0.9999178647994996,"['Alberta', None, None]",,
RT @CalgarysChild: Brown Bagging for Calgary's Kids needs help. #yycflood #yychelps http://t.co/Z5ScDkqXfr,LABEL_1,0.9999178647994996,"[None, 'Calgary', None]",,
RT @UBCIC: AANDC: Harper Government Pledges Ongoing Support for First Nations Affected by Flooding In Alberta http://t.co/3J3syqeKnc,LABEL_1,0.9999182224273682,"['Alberta', None, None]",,
RT @KikkiPlanet: Wow. 103 Calgary's photo of the C-Line in #yyc now that flood waters have receded. Unbelievable photo! #yycflood http://t.…,LABEL_1,0.9999173879623412,"[None, 'Calgary', None]",,
"RT @GlobalCalgary: Nenshi: Absolutely no real evidence of looting in Calgary, in light of #yycflood. He reminds businesses that price gougi…",LABEL_1,0.9999183416366576,"[None, 'Calgary', None]",,
RT @DChidley: The dome flooded real photos\2013 Calgary Flood - 22/06/2013 - Calgary Flames - Photos http://t.co/WwPukNiEF7,LABEL_1,0.9999182224273682,"[None, None, None]",,
"LIVE: Some Calgary evacuees return, parts of downtown core could be without power for weeks  #yycflood #chlive http://t.co/n3CwHRKYHx",LABEL_1,0.999916672706604,"[None, 'Calgary', 'downtown core']",,
RT @cityofcalgary: The only water ban in effect is a ban on outdoor use. Please conserve water. Drinking water is safe. #yycflood,LABEL_1,0.9999183416366576,"[None, 'Calgary', None]",,
RT @mercermatt: This pic of an awesome firefighter in Mission needs to go viral.  Please share! #abflood http://t.co/1ZBvRsdC6y”,LABEL_1,0.999918818473816,"['Alberta', None, 'Mission']",,
Can't wait for our #hellorhighwater t-shirts from @CalgaryStampede in support of #yycflood to arrive! http://t.co/ezcDsPRYrA,LABEL_1,0.9999186992645264,"[None, 'Calgary', None]",,
@sbaranski Almost all of Alberta's first responders are union members &they've done an amazing job. #canlab #abflood #ableg @ABFedLabour,LABEL_1,0.9999183416366576,"['Alberta', None, None]",,
RT @Mookalicious: I am blown away by this. The Dome has pumped out every drop of water!!  #abflood! http://t.co/kbPUZbWzim,LABEL_1,0.9999191761016846,"['Alberta', None, None]",,
RT @chinookcamps: Scouts Canada is looking for volunteers to help get camp back together #yycflood #yychelps http://t.co/dKJgYtQuGo,LABEL_1,0.9999186992645264,"[None, 'Calgary', None]",,
Global Warming Deniers aside. I STRONGLY  recommend the World pay attention to the flood in #Canada.,LABEL_1,0.9998995065689088,"[None, None, 'Canada']",,
"RT @mikesbloggity: Kensington is completely in the dark. Like, completely. #yycflood http://t.co/7bhZEJD1Yo",LABEL_1,0.9999172687530518,"[None, 'Calgary', 'Kensington']",,
RT @Huziey: You know Calgary is at a state of emergency when no ones at Tim Hortans!!! #yycflood,LABEL_1,0.9999064207077026,"[None, 'Calgary', None]",,
"RT @YYCFlood: VIDEO: House near Millarville slips into river, very sad to see. http://t.co/vt6K7GZDWE #abflood #yycflood via @GlobalCalgary",LABEL_1,0.9999161958694458,"['Alberta', 'Calgary', 'Millarville']",,
"@scbritton @agthsmkt #yyc ugh bathtub filling, my fear is I'm going to be boiling the water and finding pubies in there...#yycflood",LABEL_1,0.999784767627716,"[None, 'Calgary', None]",,
RT @DeliverGood: Very grateful to be Calgarian. A very meaningful #CanadaDay. Thank you for helping your neighbours. #yycflood,LABEL_1,0.9999148845672609,"[None, 'Calgary', 'Calgarian']",,
RT @cityofcalgary: Overall flood waters have receded & pumping continues #yycflood,LABEL_1,0.999915361404419,"[None, 'Calgary', None]",,
RT @plumberlocal: *** IMPORTANT *** We are pumping out people's basements at no charge! Call 403 288 1111 #abfloods #yycfloods #Calgary #YYC,LABEL_1,0.9999173879623412,"[None, 'Calgary', None]",,
"Rivers Receding in Calgary, Three Dead in Floods - The Weather Channel http://t.co/Niqme90WSZ",LABEL_1,0.9999167919158936,"[None, 'Calgary', None]",,
Cat and owner swim for their lives in Canada flood : http://t.co/WJgqvUfNOg,LABEL_1,0.9999135732650756,"[None, None, 'Canada']",,
RT @CPLEAlberta: RT @altalaw: Good info here: After the Flood for Landlords and Tenants in Alberta | CPLEA http://t.co/MNgNQlUFlF #yycflood,LABEL_1,0.9999178647994996,"['Alberta', 'Calgary', None]",,
RT @harry_historian: Coverage of 1902 Bow River flood fro... http://t.co/SSweWu4P31 #Abflood #Yycflood #Calgary #Alberta via @mediaempireAB,LABEL_1,0.9999167919158936,"['Alberta', 'Calgary', 'Calgary #Alberta']",,
"#yycflood not evidence of climate change.  An imam in Middle East blamed sin for earthquakes, that was kooky.  Enviro-nuts comments the same",LABEL_1,0.9998832941055298,"[None, 'Calgary', 'Middle East']",,
RT @tantooC: Calgary floods spotlight cities' costly failure to plan for climate change http://t.co/PAvpWlKUdH,LABEL_1,0.9999173879623412,"[None, 'Calgary', None]",,
Calgary flooding: line ups at Safeway Grocery store. Everyone out getting food and water if available. One is ... http://t.co/Pho8d4KdIq,LABEL_1,0.999919056892395,"[None, 'Calgary', 'Safeway Grocery store']",,
RT @ABPremierComms: .@Premier_Redford: We can't forget about the psychological and physical costs of #abflood on people #ableg,LABEL_1,0.9999179840087892,"['Alberta', None, None]",,
"RT @AHS_media: For mental and emotional support, check out our blog: Coping After the Flood. http://t.co/U8DkkUKdih #abflood #yycflood",LABEL_1,0.999919056892395,"['Alberta', 'Calgary', None]",,
#yycflood #Calgary Some tough questions for reporters after the Calgary flood http://t.co/i5E61B5YIA,LABEL_1,0.9999161958694458,"[None, 'Calgary', None]",,
"Floods kill 3, 75000 forced from Calgary homes - Houston Chronicle: CBC.caFloods kill 3, 75000 forced from Cal... http://t.co/I9MV6R2vAx",LABEL_1,0.9999186992645264,"[None, 'Calgary', 'Cal']",,
RT @peppervirgin: Very impressed with #Starbucks to conceive as produce this so quickly. #yycflood http://t.co/KuqDeM06E8,LABEL_1,0.9998699426651,"[None, 'Calgary', None]",,
CP CEO Harrison has a poor track record on safety. #ableg #yycflood #,LABEL_1,0.9998074173927308,"[None, 'Calgary', None]",,
"RT @JayRavChan: Looking at pictures from the #abflood , crazy. Hope everyone's okay",LABEL_1,0.9999164342880248,"['Alberta', None, None]",,
"@yycfoodtrucks Kudos for helping out in the crisis,! #foodtrucklove #yycflood",LABEL_1,0.999914288520813,"[None, 'Calgary', None]",,
"At least on the bright side, I'll soon have beach front property  #abflood AHHAHAHA! Why am I so mean?",LABEL_1,0.9999151229858398,"['Alberta', None, None]",,
Tin|Lion Newsletter: Rebuilding After A Flood - http://t.co/BdT5rgCvUh #yycflood,LABEL_1,0.9999182224273682,"[None, 'Calgary', None]",,
Does anyone know the status of the Axxis Condo: 650-10th St SW? Flooded? Accessible? #YYCFlood,LABEL_1,0.9999182224273682,"[None, 'Calgary', '650-10th St SW']",,
"@calgarytransit thank you for updates, hope you are staying dry. Will trains be running normally tomorrow morning?",LABEL_1,0.9972357153892516,"[None, None, None]",,
RT @Instynsbrayn: If there's one thing I learned from the #YYCFlood situation is that the #YYC will be ready for a zombie attack! #WeStickT…,LABEL_1,0.9999160766601562,"[None, 'Calgary', None]",,
"#Canada floods: More #Alberta cities placed on alert. About 10,000 residents have been ordered to leave their homes  http://t.co/gRSerhinmx",LABEL_1,0.9999182224273682,"['Alberta', None, 'Canada']",,
Some residents in Discovery Ridge being allowed back home. #yycflood,LABEL_1,0.999918818473816,"[None, 'Calgary', 'Discovery Ridge']",,
Alberta floods shut down Enbridge headquarters http://t.co/XTogsu2vOd,LABEL_1,0.9999184608459472,"['Alberta', None, None]",,
Alberta flooding claims at least 3 lives http://t.co/zizONv1FFw,LABEL_1,0.9999181032180786,"['Alberta', None, None]",,
RT @SunNewsNetwork: WATCH: The #RCMP snoops into private property to seize lawfully owned guns http://t.co/dkTMQ1H1BZ #abflood,LABEL_1,0.999891757965088,"['Alberta', None, None]",,
RT @kettx: London Drugs on 8th street SW is charging people's electronics for free if they have no power. #yyc #yycflood,LABEL_1,0.9999161958694458,"[None, 'Calgary', '8th street SW']",,
“@Shawn_Wiebe: Getting called to duty again” the smiley firefighter!Thank you for all you and your colleagues are doing!! #Amazing #yycflood,LABEL_1,0.9999072551727296,"[None, 'Calgary', None]",,
Well there goes half my route to work. RT @KatyLukey: Macleod Trail by Talisman Centre destroyed #yycflood http://t.co/dSQ26ENhsk,LABEL_1,0.9998981952667236,"[None, 'Calgary', 'Talisman Centre']",,
@roryuphold No it's not that! :)   Just slow to reply to people this week because of all the flood disruption!,LABEL_1,0.9998286962509156,"[None, None, None]",,
RT @CstShaw: I hear that @WBrettWilson is donating $1.00 for every RT of #OMGP to the #yycflood relief. Thanks Brett!,LABEL_1,0.9999159574508668,"[None, 'Calgary', None]",,
I kinda wish Chris Hatfield was still on the space station so we could see the #abflood & #yycflood from space. New perspective on all this.,LABEL_1,0.9999185800552368,"['Alberta', 'Calgary', 'space station']",,
RT @Cmdr_Hadfield: Floods are an unbridled misery. My heartfelt thoughts and wishes for a swift recovery to those battling the Alberta high…,LABEL_1,0.9999182224273682,"['Alberta', None, None]",,
RT @cityofcalgary: Residents must visit a re-entry centre prior to returning home. Sites are still be established #yycflood,LABEL_1,0.9999194145202636,"[None, 'Calgary', None]",,
RT @RedCrossAB: Volunteers needed to help with our response to Southern Alberta Floods. Please register at: http://t.co/3oi2Qrfyds #abflood,LABEL_1,0.9999161958694458,"['Alberta', None, 'Southern Alberta']",,
"RT @yychelps: 5,600 people are signed up on yychelps.ca SO PROUD OF YOU CALGARY! #yycflood #yychelps #calgarystrong #AMAZING",LABEL_1,0.999918818473816,"[None, 'Calgary', None]",,
@nanwatsie @lucynamackay what did Calgarians do for the kids who were washed way by the 100s in many extreme #climatechange floods? #abflood,LABEL_1,0.9999172687530518,"['Alberta', None, None]",,
RT @CarrieTait: 70 inmates of Medicine Hat remand centre evacuated Friday evening to Lethbridge and Calgary - govt #ABflood,LABEL_1,0.9999171495437622,"['Alberta', 'Calgary', 'Lethbridge']",,
RT @tailormann: Wow. #yycflood RT @Ally1kinobi: Inside the dome!!! :O http://t.co/Oacm1UHxsP,LABEL_1,0.9998262524604796,"[None, 'Calgary', None]",,
RT @bowriverteacher: Volunteer firefighters providing nourishment for all the volunteers at @RedwoodMeadows #abflood http://t.co/LiMaqsGDxD,LABEL_1,0.9999185800552368,"['Alberta', None, '@useredwoodMeadows']",,
Staying inside in flood ravaged Calgary trying to avoid the massive amounts of Mosquitos that have now hatched.,LABEL_1,0.9999178647994996,"[None, 'Calgary', None]",,
@TheTimMcGraw  flooding in Calgary where u r to perform in 2 wks hopefully it will clear up & u can still make it http://t.co/yjJEQsZtUk,LABEL_1,0.9998294115066528,"[None, 'Calgary', None]",,
RT @cdn2010: Flooding in Alberta - Pauline Marois and the #PQ blame Harper and demand compensation for #Quebec. #cdnpoli,LABEL_1,0.9999173879623412,"['Alberta', None, 'Quebec']",,
"RT @JuliaMaksymetz: Food, clothing, blankets, etc. can be dropped off at @NeighbourLink to aid the #Siksika nation. #abflood #yycflood",LABEL_1,0.999918818473816,"['Alberta', 'Calgary', None]",,
"RT @lisaostrikoff: SATURDAY MORNING UPDATE #YYCFLOOD NEW #Pictures #Video ~&gt; http://t.co/uZzfQ80SdB Stay safe + strong, #YYC! #ABFlood",LABEL_1,0.9998877048492432,"['Alberta', 'Calgary', None]",,
#petvalu locations in & around #YYC are accepting donations of food & supplies for the animals that have been rescued! #yycflood #abflood,LABEL_1,0.9999146461486816,"['Alberta', 'Calgary', 'YYC']",,
RT @PFairhead: RT @mercermatt: This pic of an awesome firefighter in Mission needs to go viral.  Please share! #abflood http://t.co/t21Ep26…,LABEL_1,0.999919056892395,"['Alberta', None, 'Mission']",,
"RT @PinkandRhino: RT @yycflood: Only 1,500 people using an evacuation center thanks to friends, family #YYCHelps opening their doors #yycfl…",LABEL_1,0.9999189376831056,"[None, None, None]",,
RT @TownOfHighRiver: Animal rescue team warm up bearded dragons – just 2 of the 680+ pets rescued so far. #highriver #abflood http://t.co/k…,LABEL_1,0.9999185800552368,"['Alberta', None, None]",,
"#RCMP confirm three dead in Alberta floods that forced 100,000 to evacuate http://t.co/PnH8y7B9iN via @nationalpost #canada",LABEL_1,0.9999169111251832,"['Alberta', None, 'can']",,
RT @Crackmacs: Hey @twitter or @TwitterCanada - @yychelps was suspended while helping with the #Calgary flood relief. http://t.co/j5QPwmNXg…,LABEL_1,0.9999181032180786,"[None, 'Calgary', None]",,
If you live in Calgary how do you not know there is a flood downtown.,LABEL_1,0.9999170303344728,"[None, 'Calgary', None]",,
RT @Mookalicious: This pic of an awesome firefighter in Mission needs to go viral.  Please share! #abflood http://t.co/H1YF3RhJZs,LABEL_1,0.999918818473816,"['Alberta', None, 'Mission']",,
RT @calgaryherald: More details on evacuations and major damage on First Nations reserves in region  http://t.co/AQqlbO9r5b #yyc #yycflood,LABEL_1,0.9999195337295532,"[None, 'Calgary', None]",,
My story tonight.  See the Calgary floodwaters from above http://t.co/UhnPku0OIN #yycflood #cbcnews,LABEL_1,0.9999182224273682,"[None, 'Calgary', None]",,
Thoughts and prayers going out to everyone impacted by #yycflood in #Alberta!,LABEL_1,0.9999154806137084,"['Alberta', 'Calgary', None]",,
"@GlobalCalgary thank you for the awesome flood coverage,  that's why global calgary kicks ass !!!",LABEL_1,0.9999175071716307,"[None, None, 'global calgary']",,
Amazing Edmontonians stepping up to help stranded Sled Bands. #yycflood SHRED ISLAND: Keeping the Music High and Dry http://t.co/Nmy1ESfuEV,LABEL_1,0.9999074935913086,"[None, 'Calgary', None]",,
@CityNews: Owner of #Alberta flood cat shocked to see feline paddle to safety http://t.co/OMzkMtPF2M @KellyB1234 awww!,LABEL_1,0.9999176263809204,"['Alberta', None, None]",,
RT @lilpinkdaisy: “@IAmJodiHughes: RELIEF: The Bow expected to drop 25% & the Elbow to go down 60% within the next 48 hrs. #ABflood” So tha…,LABEL_1,0.9999079704284668,"['Alberta', None, None]",,
Calgary Flames say lower part of team's rink is 'a total loss' from flooding... http://t.co/HZe72M0GvN,LABEL_1,0.999886989593506,"[None, None, None]",,
RT @HeatherGoesWest: Dear partisans of all stripes: stop using #yycflood to attempt to score cheap shots against whatever party you hate.,LABEL_1,0.9997830986976624,"[None, 'Calgary', None]",,
"RT @weathernetwork: 10,000 people expected to evacuate Medicine Hat by 10 a.m. Saturday as south Sask River is expected to flood #abflood h…",LABEL_1,0.9999164342880248,"['Alberta', None, 'Medicine Hat']",,
Calgary Drop-In and Rehab Centre has water on many sides. #yycflood #abflood,LABEL_1,0.9999151229858398,"['Alberta', 'Calgary', 'Calgary Drop-In and Rehab Centre']",,
"RT @AP: Flooding rivers in Canadian city of Calgary recede, some evacuees allowed back to their homes: http://t.co/Azihio2fTo -SS",LABEL_1,0.9999163150787354,"[None, None, 'Canadian city of Calgary']",,
RT @Mookalicious: If you want to look at the images inside the Dome. pretty wet!! http://t.co/hcoxd5c7oj #abflood,LABEL_1,0.999901294708252,"['Alberta', None, None]",,
RT @redcrosscanada: We are accepting financial donations to assist people affected by flooding in Alberta: http://t.co/Xd9mbM2uj8 #abflood,LABEL_1,0.9999165534973145,"['Alberta', None, None]",,
RT @cityofcalgary: There will be fireworks at 10:45 pm off the centre street bridge for #canadaday #yycflood,LABEL_1,0.999919295310974,"[None, 'Calgary', 'centre street bridge']",,
wonder if Brett Wilson is scared to take me up on my challenge - match all donations I can raise-max how we raise funds #abflood #yycflood,LABEL_1,0.9999175071716307,"['Alberta', 'Calgary', None]",,
RT @longpre11: Donating $.50/new follower to @RedCrossAB 4 #abflood b/w now and 11pm MT $1 if ur a #CFL fan. (Max $200) employer dbl'd afte…,LABEL_1,0.9999144077301024,"['Alberta', None, None]",,
RT @CIAwesome: Tired of seeing flood pictures? Us too so here's some awesome stories from #yycflood to share instead http://t.co/ctOJX2bpwJ…,LABEL_1,0.9999189376831056,"[None, 'Calgary', None]",,
"Flooding kills 3, forces 75,000 from Calgary homes: CALGARY, Alberta (AP) — Floodwaters that devastated much o... http://t.co/fvg40Bk4u8",LABEL_1,0.9999160766601562,"[None, 'Calgary', 'CALGARY, Alberta']",,
RT @TheAlbertaRide: Big #yyc thank you to @CalgaryPolice @CGYFireFighters and @nenshi for all of their hard work this weekend. #yycflood #y…,LABEL_1,0.9999176263809204,"[None, 'Calgary', None]",,
Massive convoys of trucks to drop large boulders to re-build river banks along Memorial Dr. #yyc #abflood # Hopes to have reopen by July 1 #,LABEL_1,0.999918818473816,"['Alberta', 'Calgary', 'Memorial Dr']",,
Gutsy. Don't let that water give you any shit RT @itsakev #yycflood #yycbike’ing in Elbow Park: http://t.co/9crKrsyjut,LABEL_1,0.9999146461486816,"[None, 'Calgary', 'Elbow Park']",,
"RT @ENMAX: Thanks for the shout out @GregMcCarthy0, we appreciate all the good work our crews and staff have been doing too. #yycflood",LABEL_1,0.999906063079834,"[None, 'Calgary', None]",,
@C_DIG: Calgary Dream Centre now taking in clients frm Salvation Army Centre of Hope needs supplies #yycflood http://t.co/0DbqMLSucS,LABEL_1,0.999919056892395,"[None, 'Calgary', 'Calgary Dream Centre']",,
RT @ctvwinnipeg: Manitoba offers assistance to Alberta in flood fight http://t.co/VkjKcdBAmq,LABEL_1,0.9999171495437622,"['Alberta', None, None]",,
UPDATED: #Calgary mayor blasts CP Rail over bridge failure; says he has many questions http://t.co/U31gKW4bjz #abflood,LABEL_1,0.9999164342880248,"['Alberta', 'Calgary', None]",,
RT @mikesbloggity: Must.Buy: @calgarystampede releases Hell or High Water t-shirts! http://t.co/aGCdZ5rpD0 #yycflood (Funds raised go to Re…,LABEL_1,0.9999184608459472,"[None, 'Calgary', None]",,
"RT @SANDRAYYCNW: Cayley Colony has done 6 days of 15 hrs! Smiling, cheerful , making stomachs full in Nanton #abflood #ableg http://t.co/9q…",LABEL_1,0.999919056892395,"['Alberta', None, 'Nanton']",,
RT @WilliamShatner: My thoughts and prayers are with the flood victims in Calgary. MBB,LABEL_1,0.9999148845672609,"[None, 'Calgary', None]",,
Still lots of water under the new underpass... #yycflood http://t.co/vjOG8A4q5R,LABEL_1,0.9999189376831056,"[None, 'Calgary', None]",,
RT @Crackmacs: The current state of Macleod trail beside the Stampede grounds http://t.co/rDwvzgWXyO #yyc #yycflood,LABEL_1,0.9999178647994996,"[None, 'Calgary', 'Macle']",,
Flood threats move downstream as Calgary awakes to sunshine - Globe and Mail: CTV NewsFlood threats move downs... http://t.co/5GE6DDCsoo,LABEL_1,0.9999175071716307,"[None, 'Calgary', None]",,
BBC News - Canada floods: Three killed as waters threaten Calgary http://t.co/nTboOfTvFN,LABEL_1,0.9999161958694458,"[None, 'Calgary', 'Canada']",,
"Medicine Hat fears rising river after Calgary floods: Emergency officials in Medicine Hat, Alta., have started... http://t.co/Z8cZ56HCVc",LABEL_1,0.999916672706604,"[None, 'Calgary', 'Medicine Hat, Alta.,']",,
Calgary - closed for flood  eastbound Memorial Drive between Crowchild Trail Nw and 4Th Street Nw,LABEL_1,0.9999171495437622,"[None, 'Calgary', '4Th Street Nw']",,
RT @CHARCUT: Alley Burger at CHARCUT’s in the original ALLEY!!! around 9:30pm Free burgers or donations for Red Cross … #yycflood,LABEL_1,0.9998999834060668,"[None, 'Calgary', 'ALLEY']",,
RT @yycARTS: Big Rock Eddies have been postponed. Info for ticket holders: http://t.co/LgmXkBhm2d @bigrockbrewery #yycflood #sceneyyc,LABEL_1,0.9998892545700072,"[None, 'Calgary', None]",,
RT @YourAlberta: Urgent call for volunteers in Medicine Hat. Call 403-525-2661 now if you can help out. | #medhat #mdflood #abflood (Sun 7:…,LABEL_1,0.9999184608459472,"['Alberta', None, '403']",,
RT @miramarbmth: Mustn't complain about this weather when you see floods in India & Calgary. #worldweather,LABEL_1,0.9999185800552368,"[None, 'Calgary', 'India']",,
"Floods kill two, forces 75000 from Calgary homes - USA TODAY: CTV NewsFloods kill two, forces... http://t.co/WqrBU844zL #headlines #news",LABEL_1,0.99991774559021,"[None, 'Calgary', None]",,
Please RT @kenthehr Dube piece that we are auctioning off for #abflood relief.  Come on down tomorrow @LatitudeArtYYC #missionpossible.,LABEL_1,0.9999165534973145,"['Alberta', None, None]",,
Nice US coverage of the Calgary floods CNN! I had to find out about this from The Priceline Negotiator. @WilliamShatner,LABEL_1,0.9998859167099,"[None, 'Calgary', 'US']",,
"RT @metrocalgary: If you see price gouging during #yycfloods, let us know,  and we'll send @metro_nolais after them. #yycgreedy #abfloods",LABEL_1,0.9999161958694458,"[None, None, None]",,
"65,000 people allowed back home in Calgary. Mandatory evacuation orders lifted in most areas. #abflood #cbc",LABEL_1,0.999915599822998,"['Alberta', 'Calgary', None]",,
RT @WestJet: WJ Twitter is spending tonight with our families due to #abflood. Please call 1-888-WESTJET for immediate travel needs only.,LABEL_1,0.9999170303344728,"['Alberta', None, None]",,
RT @dinnerwithjulie: They're dropping cement barricades into the river in east Inglewood #yycflood http://t.co/EUJMlnp5WN,LABEL_1,0.9999185800552368,"[None, 'Calgary', 'east Inglewood']",,
"I'd hate to be an insurance company in Calgary. Or worse, a homeowner too cheap to have flood insurance. #calgarystrong",LABEL_1,0.9999030828475952,"[None, 'Calgary', None]",,
"RT @Dean_Murdoch: People are wonderin if I'm OK. I'm at the Saddldome, in the Nosebleeds, fishin.  #yycfloods",LABEL_1,0.9999110698699952,"[None, None, 'the Saddldome']",,
Is twitter broken? Can't see any results when searching for #abflood ?!,LABEL_1,0.999916672706604,"['Alberta', None, None]",,
RT @IAmJericho: Hope everyone in my adopted hometown of #Calgary is safe and dry after the terrible floods! But Calgarians are double tough…,LABEL_1,0.999916672706604,"[None, 'Calgary', None]",,
RT @DonRCampbell Alberta Flood Effect On Real Estate markets. Preliminary Analysis of 5 Key Components http://t.co/cJ4JwBxfb2  #abflood,LABEL_1,0.9999173879623412,"['Alberta', None, None]",,
Alberta... thinking of you http://t.co/I2KGNtZzIw via @ErikaBelanger #Alberta #flood #thinkingofyou,LABEL_1,0.9998750686645508,"['Alberta', None, None]",,
RT @JShoota1: My brother snapped this pic of @TheoFleury14 buying supplies for the needy at Okotoks Costco. #abflood #yycflood http://t.co/…,LABEL_1,0.999914050102234,"['Alberta', 'Calgary', 'Okotoks Costco']",,
RT @SonyaMacMillan1: Does this really have to be said? Is there really no common sense anymore? #calgarystrong  #abflood #yycflood http://t…,LABEL_1,0.99991774559021,"['Alberta', 'Calgary', None]",,
RT @globaltvnews: LIVE NOW: Minister Kenny provides federal government update on #Alberta flood aid http://t.co/ruFj60UIDg,LABEL_1,0.9999183416366576,"['Alberta', None, None]",,
RT @CalgaryPolice: Aerial photo of flooding at Prince's Island Park. #yycflood http://t.co/C8Fz1cGWdK,LABEL_1,0.999918818473816,"[None, 'Calgary', ""Prince's Island Park""]",,
"fun fact of the day. two kinda of animals died in the Calgary zoo during the flood, a peacock and some fish. Fish die during a flood?! ??????",LABEL_1,0.9999159574508668,"[None, None, 'Calgary zoo']",,
It's a sad state of affairs when I see infinitely more posts about North West than I do about the floods in Alberta. #calgarystrong,LABEL_1,0.999913454055786,"['Alberta', None, 'North West']",,
"Unf****believable: Harper on Alberta floods: ‘Don’t worry, the oil is okay’ http://t.co/1GTw3HtF89",LABEL_1,0.9999170303344728,"['Alberta', None, None]",,
RT @Mookalicious: Wanna see approximately what the Saddledome would look like with the first 10 rows flooded?! #abflood http://t.co/YEC5l3w…,LABEL_1,0.9999191761016846,"['Alberta', None, 'Saddledome']",,
RT @JlynNye: Kudos to the @GlobalCalgary for incredible coverage of Alberta floods! Working your asses off! Well done. They are on till at …,LABEL_1,0.9999175071716307,"['Alberta', None, None]",,
@GTboutique wouldn't it be great if you donated some essential supplies to our Alberta flood evacuees? Many have nothing left. #abflood,LABEL_1,0.9999157190322876,"['Alberta', None, None]",,
RT @cityofcalgary: State of Local Emergency will remain in place for at least another 7 days #yycflood #yyc,LABEL_1,0.9999184608459472,"[None, 'Calgary', None]",,
RT @gerjazz: Another eery pic to end the day. #yycflood No lights downtown tonight http://t.co/2HVuCj31Sh,LABEL_1,0.9999189376831056,"[None, 'Calgary', None]",,
#yycflood - maybe Darwin's Law should go into effect? http://t.co/gpws0YQXq6,LABEL_1,0.999637246131897,"[None, 'Calgary', None]",,
RT @metrocalgary: Video: Time-lapse camera captures flooding in downtown Calgary. http://t.co/eopV3X27VU #yycflood,LABEL_1,0.9999167919158936,"[None, 'Calgary', 'downtown']",,
Calgary Zoo to remain closed until early July: The flooding of St. Georges Island and the subsequent cleanup... http://t.co/yfjEri1LEm,LABEL_1,0.9999182224273682,"[None, None, 'St. Georges Island']",,
#yycflood Bow River Flood Level http://t.co/ErGQaPp9Pr,LABEL_1,0.9999173879623412,"[None, 'Calgary', 'Bow River']",,
RT @YourAlberta: .@AMACommunity Updated information specific to #abflood will be released this week. It will be posted online here: http://…,LABEL_1,0.999918818473816,"['Alberta', None, None]",,
RT @Cheryl_Arkison: What about childcare for people re-entering evac zones and for clean-up? Anyone need it? #yychelps #yycflood,LABEL_1,0.9999176263809204,"[None, 'Calgary', None]",,
June #yyctransit low-income and senior passes now valid until July 14 due to #yycflood: http://t.co/Zu9fhIzl2F,LABEL_1,0.999902367591858,"[None, 'Calgary', None]",,
"RCMP says 3,337 homes and buildings searched in High River. Search turns up 303 people & several pets despite evacuation order. #abflood #",LABEL_1,0.999915599822998,"['Alberta', None, 'High River']",,
"#Elephant  love !! ?? -awesome day, feels good to give back! #volunteer #yycflood #calgaryzoocleanup @calgaryzoo http://t.co/jtcABBMoCk",LABEL_1,0.9999170303344728,"[None, 'Calgary', None]",,
"Brilliant flood humour. Your Face Here - Bow River, kind of a jerk http://t.co/WBsYxPmnNR via @FFWDWeekly #yycflood",LABEL_1,0.999860405921936,"[None, 'Calgary', 'Bow River']",,
24 straight hours of travel begins. Getting on a bus to Calgary. Supposed to land in Bangor Tuesday at 8 PM. #longday #abflood #maine #banff,LABEL_1,0.9998838901519777,"['Alberta', 'Calgary', 'banff']",,
Audio: The latest on the Flooding in Calgary from Sunday’s The world this Weekend on CBC Radio 1 http://t.co/v0FTZtJypb,LABEL_1,0.9999173879623412,"[None, 'Calgary', None]",,
#Alberta Flooding June 2013 Tarsands Connection | http://t.co/9ITlijDrwW #Calgary #flooding #tarsands,LABEL_1,0.9999189376831056,"[None, 'Calgary', None]",,
RT @NHLFlames: #yyc - some communities reopened to residents today! http://t.co/wGtYeCc8hK has the full list. #yycflood #WeAreCalgary,LABEL_1,0.9999195337295532,"[None, 'Calgary', None]",,
"Tsuu T'ina holding benefit concert Friday/Saturday to raise money for Treaty No. 7 nations impacted by #abflood, @ Buffalo Run Golf Course #",LABEL_1,0.9999163150787354,"['Alberta', None, 'Buffalo Run Golf Course']",,
@Taylor_Kaye So many great people coming forward to help. Thanks for ur support. #abflood,LABEL_1,0.9999179840087892,"['Alberta', None, None]",,
"We appreciate Albertans patience, resiliency. We're fast-tracking #abflood recovery programs. More info to come: http://t.co/AH0cfbwBrA",LABEL_1,0.9999172687530518,"['Alberta', None, None]",,
RT @cfhorgan: holy moly look at the C-Train tracks. http://t.co/2mnQrUD8sr #yycflood,LABEL_1,0.9997846484184264,"[None, 'Calgary', None]",,
RT @OKWesternWheel: Trican Well Service offers #highriver a frac team to come in move lake of standing water in SE of town. #ABflood #gener…,LABEL_1,0.999919295310974,"['Alberta', None, 'SE']",,
RT @cfweradio: More donations coming in for #Morley & #Siksika. Thank you #YEG! #abflood #indigenous #FirstNations http://t.co/3lURtyzHJZ,LABEL_1,0.9999165534973145,"['Alberta', 'Edmonton', None]",,
Dams are fine. They won't break. No need to boil water. #PositiveNews #ABflood,LABEL_1,0.9999197721481324,"['Alberta', None, None]",,
RT @pei_bossman: @wolfblitzer @CNNSitRoom..why don't you devote some time to the awful flooding in western Canada?...you US MEDIA bunch hav…,LABEL_1,0.999829649925232,"[None, None, 'western Canada']",,
RT @UCalgary: We look forward to seeing everyone back on #UCalgary's 4 campuses when they re-open on Wed. http://t.co/YiRWkVTyJf #yycflood,LABEL_1,0.999919295310974,"[None, 'Calgary', ""UCalgary's 4 campuses""]",,
RT @CBCCalgary: Rain floods Calgary landmarks http://t.co/uehYDZQIyA,LABEL_1,0.999916672706604,"[None, 'Calgary', None]",,
The Alberta government has taken over the reins in flood-stricken High River #ABflood http://t.co/El2CCQLVhq,LABEL_1,0.9999157190322876,"['Alberta', None, 'High River']",,
"If you need a building inspection, call 312 #yycflood",LABEL_1,0.999919056892395,"[None, 'Calgary', '312']",,
"Dear @Premier_Redford, Thanks for your support during #YYCFlood. Pls continue to help AB biz. Yours truly, @AWLegge http://t.co/Rbe5sNiaeR",LABEL_1,0.9999128580093384,"[None, 'Calgary', None]",,
"RT @ShaneKeller: UPDATE: Calgary clean up- A list of businesses, organizations offering to help | #YYCFlood #YYC #YYCHelps http://t.co/kCsv…",LABEL_1,0.9999191761016846,"[None, 'Calgary', None]",,
RT @paigealexandraj: @nenshi you brought the city together - you rock! Tonight neighbours helped clean & dry photos from the #yycflood http…,LABEL_1,0.9999074935913086,"[None, 'Calgary', None]",,
Due to the floods in Calgary ITI office is closed.  Nelli is doing volunteer work helping those affected. Thanks for your patience.,LABEL_1,0.9999161958694458,"[None, 'Calgary', None]",,
RT @KeightyEm: So impressed with social media. First #yycflood/#yychelps and now  #standwithwendy. Our world is different now.,LABEL_1,0.9998722076416016,"[None, 'Calgary', None]",,
RT @metrocalgary: Elderly woman found dead near Elbow River in Mission http://t.co/MqCR1BGS3r #yycflood,LABEL_1,0.9999189376831056,"[None, 'Calgary', 'Mission']",,
Donate to Alberta Flood Relief at either of our 2 @starbuckscanada locations #BrentwoodCares http://t.co/jiXCEGEUnt,LABEL_1,0.9999179840087892,"['Alberta', None, None]",,
RT @CBCTheNational: The scene in Calgary: wet and awful. The actions of Calgary residents: inspiring.  #abflood  #yyc  (watch the show: htt…,LABEL_1,0.9999179840087892,"['Alberta', 'Calgary', None]",,
RT @UnaLuz2: #CANADA | Canadian Red Cross direct way to help #Alberta floods. Donate here - https://t.co/TuD0XpOXnN …  #yycflood #abflood #…,LABEL_1,0.9999167919158936,"['Alberta', 'Calgary', 'CANADA']",,
RT @MarcadamiaNut: High river? More like VERY high river #abflood,LABEL_1,0.9999170303344728,"['Alberta', None, None]",,
"RT @HuffingtonPost: Floods force 75,000 out of their homes in Canada http://t.co/rI6DEShMRF",LABEL_1,0.9999183416366576,"[None, None, 'Canada']",,
"RT @TimHortons: Help us recover, restore & rebuild #Alberta. Text “FLOOD” to 45678 to donate $5 to the Canadian Red Cross Flood Relief effo…",LABEL_1,0.9999159574508668,"['Alberta', None, None]",,
RT @MattX929: “@BadPortraits: http://t.co/syVSsOouvw Let's help ALBERTA!\@RedCrossAB #badportraits #abflood” Got ours already! You should t…,LABEL_1,0.9998703002929688,"['Alberta', None, None]",,
@CalgaryPolice trying to determine if I'm going to work in Kensington tomorrow. What's the prognosis at this point? #yycflood,LABEL_1,0.999913454055786,"[None, 'Calgary', 'Kensington']",,
Red-headed ‘angel’ swept away in High River flood http://t.co/YESU1M393q Sad story of loss Alberta has suffered,LABEL_1,0.9999157190322876,"['Alberta', None, 'High River']",,
"When they evacuated us an told us to pack important stuff I packed my football gloves, cleats and helmet. #yycflood",LABEL_1,0.999891996383667,"[None, 'Calgary', None]",,
Bridge to Nowhere #yycflood #yyc @ Lindsay Park http://t.co/uLo0OgI0nj,LABEL_1,0.9998433589935304,"[None, 'Calgary', 'Lindsay Park']",,
All levels of government are working together to restore services to the town. #highriver #abflood,LABEL_1,0.9999164342880248,"['Alberta', None, 'highriver']",,
RT @BATTERR: The Westboro Baptist Church actually blames the #yycflood on same sex marriage being legal up here. So basically we were askin…,LABEL_1,0.9999120235443116,"[None, 'Calgary', None]",,
RT @dinnerwithjulie: I said it before but it's worth repeating: Best. Mayor. Ever. @nenshi #yycflood,LABEL_1,0.9994844198226928,"[None, 'Calgary', None]",,
Hope all my #yyc friends stay safe and dry today! #abflood #weatherbenice #staydry,LABEL_1,0.9999194145202636,"['Alberta', 'Calgary', None]",,
“@604Headhunter: #CalgaryStrong Song http://t.co/DMb8k8Rtlg via @youtube” Great photos of the flood in Calgary. #yycflood,LABEL_1,0.9999191761016846,"[None, 'Calgary', None]",,
RT @MattBChamp: Cue insurance companies fucking people over.  You're not covered. There's no overland flooding coverage in Canada. http:/…,LABEL_1,0.9999163150787354,"[None, None, 'Canada']",,
RT @IamLaceyChabert: Thinking of everyone in Calgary affected by the awful flooding,LABEL_1,0.9999163150787354,"[None, 'Calgary', None]",,
Flood silt drying is like concrete. #yycflood,LABEL_1,0.9999183416366576,"[None, 'Calgary', None]",,
"RT @julieish: #yycflood - the movie. @nenshi would probably have to play himself, but the movie would centre around Bruce Willis as chief o…",LABEL_1,0.9995514750480652,"[None, 'Calgary', None]",,
RT @wkonespot: Tsuu T'ina Nation Finding Higher Ground Treaty 7 Relief Benefit Concert needing volunteers #yycflood #yychelps http://t.co/G…,LABEL_1,0.9999170303344728,"[None, 'Calgary', None]",,
RT @philandseb: Some of our friends & valued customers are heading to Bowness with coffee for those that need it. #YYCFlood #TogetherYYC,LABEL_1,0.9999186992645264,"[None, 'Calgary', 'Bowness']",,
RT @ampcalgary: .@cityofcalgary says it could be days or weeks before power is restored to all of downtown #yyc #yycflood,LABEL_1,0.9999175071716307,"[None, 'Calgary', 'downtown']",,
This is an incredible act of generosity from these children in an Cambodian orphanage. Read the story here: http://t.co/k9ZvQZA97k #abflood,LABEL_1,0.9999179840087892,"['Alberta', None, 'Cambodian orphanage']",,
RT @CalgaryPolice: Downtown evacuation has been extended to include 11 & 12 Ave SW between 14 St and Centre St #yycflood,LABEL_1,0.9999181032180786,"[None, 'Calgary', 'Centre St']",,
@nenshi @cityofcalgary Any word of evacuating Chaparral Valley? We are kinda sitting right in the river bed... #newcommunity,LABEL_1,0.9999171495437622,"[None, None, 'Chaparral Valley']",,
RT @AltaLink: In Bowness with #Hydrovac today. Let us know if we can help #yycflood. Tweet us for assistance,LABEL_1,0.9999163150787354,"[None, 'Calgary', 'Bowness']",,
RT @russianmachine: The Alberta floods did billions of dollars in damage. Much of that is uninsured. That hits @GreenLife52 close to home h…,LABEL_1,0.9999158382415771,"['Alberta', None, None]",,
"RT @YourAlberta: Please stay AWAY from #ABflood zones. Responders need room to work, influx of ppl delay clean up & recovery. | #HighRiver …",LABEL_1,0.9999165534973145,"['Alberta', None, None]",,
A sign of all the work ahead -- no bridges on the Elbow River have re-opened. Only 30% of flooded downtown buildings have power #,LABEL_1,0.999916672706604,"[None, None, 'Elbow River']",,
RT @yychelps: Something to consider if you are thinking of checking out the damage anywhere... http://t.co/rrV1EZQRPV #yycflood #yychelps,LABEL_1,0.9998934268951416,"[None, 'Calgary', None]",,
"RT @TaraNWeber: RCMP: 3,337 homes and buildings searched in High River. 303 people (and several pets) found inside evacuated town. #abflood",LABEL_1,0.9999161958694458,"['Alberta', None, 'High River']",,
"RT @soulwrites: Power woes could leave Calgary's downtown core closed for months, says emergency management chief Bruce Burrell #yycflood",LABEL_1,0.999916672706604,"[None, 'Calgary', ""Calgary's downtown core""]",,
"RT @cityofcalgary: Acting Fire Chief, Ken Uzeloc, will address the media at Ogden Road and 17 Street S.E. at 10 p.m.  #yyc #yycflood",LABEL_1,0.9999178647994996,"[None, 'Calgary', 'Ogden Road and 17 Street S']",,
Remember that time I laughed at the ludicrous idea of downtown Calgary flooding? -____-,LABEL_1,0.9999173879623412,"[None, None, 'downtown Calgary']",,
"65,000 Calgary residents get to return home as flood waters recede: \    \ http://t.co/sIfrad8w3H",LABEL_1,0.9999165534973145,"[None, None, None]",,
RT @Mo_K_Miller: Hundreds turn out to lend a McMahon ... Threatening to overwhelm offiials#abflood http://t.co/g7iupohlmE,LABEL_1,0.999918818473816,"['Alberta', None, None]",,
RT @jody_blood: To all the people washing their cars....STOP!!!!!!!  #yyc #yycflood,LABEL_1,0.9999195337295532,"[None, 'Calgary', None]",,
@cityofcalgary @nenshi  re no water restrictions - this does not mean we should all run out and do out laundry at once. Pace yourselves!,LABEL_1,0.9934120774269104,"[None, None, None]",,
#reuters: Calgary races to save Stampede as flood costs mount http://t.co/XRzQQREwOG,LABEL_1,0.9999173879623412,"[None, 'Calgary', None]",,
#yycflood Bow River from Silver Springs - Bowmont Park Island is entirely submerged http://t.co/dLPU8KMAhv,LABEL_1,0.999918818473816,"[None, 'Calgary', 'Bowmont Park Island']",,
RT @clintupham: Reassured again.\Harper haters rant about jacket he wore in #yyc\Eco-zealots blame oilsands for #climate and #abflood\#TheR…,LABEL_1,0.999858260154724,"['Alberta', 'Calgary', None]",,
"RT @ailisderinger5: You can find me in the dome, swimmin' with jarome ??#yycflood",LABEL_1,0.9998677968978882,"[None, 'Calgary', 'dome']",,
RT @42megasxlr: #yycflood Saddledome water level about 9 rows up http://t.co/RGH9IIqIXA,LABEL_1,0.9999184608459472,"[None, 'Calgary', 'Saddledome']",,
Latest Nenshi meme RT@amandapreece: Mayor Nenshi: Stay the $*&!! off the river! #yycflood http://t.co/ff7QL3mlXZ,LABEL_1,0.9992530941963196,"[None, 'Calgary', None]",,
"June 21, 1:30pm Scenes from the aftermath of Calgary floods http://t.co/23W7JkqXNy",LABEL_1,0.9999152421951294,"[None, 'Calgary', None]",,
RT @AHS_media: Cleaning with soap and water will help to kill any mould that has started to grow. #AHSfloodinfo #abflood,LABEL_1,0.9999183416366576,"['Alberta', None, None]",,
"RT @NealaBarton: This is High River, AB from the air. Thoughts are with all who calls this town home. Just astounding. #abflood http://t.co…",LABEL_1,0.9999171495437622,"['Alberta', None, 'AB']",,
"RT @ShitNenshiHasto: I can't believe I have to say this, but no, we won't be turning the Peace Bridge into a slip and slide.  #yycflood",LABEL_1,0.9998966455459596,"[None, 'Calgary', 'Peace Bridge']",,
RT @progressivepush: Home Depot apologizes for pricey water goof during Calgary flood - Canada - Canoe.ca  #UniteBlue http://t.co/2kyfHAP96b,LABEL_1,0.9999173879623412,"[None, 'Calgary', 'Canada']",,
RT @cityofcalgary: Mayor @nenshi will provide the latest on @CanadianPacific Bonnybrook Bridge & #yycflood all local news stations are carr…,LABEL_1,0.9999109506607056,"[None, 'Calgary', 'Bonnybrook Bridge']",,
Oh God. @SUNMichaelWood: #abflood Siksika Nation. Boil water advisory. 1000 people forced from their homes. http://t.co/jk9xzaXrlI,LABEL_1,0.9999184608459472,"['Alberta', None, 'Siksika Nation.']",,
@DruhFarrell & Chief Burrell at McMahon stadium to volunteer. Looking good for no sleep! #yycflood http://t.co/rDy2lgSCiT,LABEL_1,0.9998724460601808,"[None, 'Calgary', 'McMahon stadium']",,
RT @ABHumanServices: Relief in form of pre-paid card for the McCallums of High River. Vulcan line-up ~ 90 mins #abflood #ableg http://t.co/…,LABEL_1,0.9999185800552368,"['Alberta', None, 'High River']",,
"RT @wpgfirefighter: Our thoughts and prayers  go out to our brothers and sisters in Alberta fighting those flood waters, stay safe.",LABEL_1,0.9999148845672609,"['Alberta', None, None]",,
"RT @KylaRye: Come on Calgary, let's make tonight's 50/50 pot the biggest yet. All proceeds will go to the Red Cross for flood relief. #cals…",LABEL_1,0.9999185800552368,"[None, 'Calgary', None]",,
Visual Arts Alberta - CARFAC needs to know how the flood has impacted your art practice - http://t.co/b0B9NHoV5P via @Shareaholic,LABEL_1,0.9999001026153564,"['Alberta', None, None]",,
The flooding Bow River creeps towards the community of Chaparral Valley in south Calgary #YYC #YYCflood http://t.co/32qgoeLA7R,LABEL_1,0.9999167919158936,"[None, 'Calgary', 'YYC']",,
"RT @GlobalCalgary: VIDEO: Widespread devastation, many left homeless on the #Siksika First Nation http://t.co/xZt8zMGSDy #abflood #yycflood",LABEL_1,0.9999173879623412,"['Alberta', 'Calgary', None]",,
RT @LD_OliverSquare: Alberta flood relief donations are being accepted at all @londondrugs stores. http://t.co/O06xIEmMJ2 http://t.co/K5wCU…,LABEL_1,0.9999178647994996,"['Alberta', None, None]",,
RT @MattX929: Saddledome filled about 9 rows up! Whoever got that pic- wow #yycflood http://t.co/CtThkmUc0Y,LABEL_1,0.9999160766601562,"[None, 'Calgary', 'Saddledome']",,
RT @HIGGY139: Walmart in Shawnessy/Sometset taking donations for Alberta Red Cross Flooding.  Please donate #yycflooding #yycflood #ABfloods,LABEL_1,0.999914288520813,"[None, 'Calgary', 'Shawnessy/Sometset']",,
"DTN World News: Saved by any means possible: Stunning flooding images around Calgary, Alberta, as people are b... http://t.co/G8lwidhkMD",LABEL_1,0.9999175071716307,"[None, None, 'Calgary, Alberta']",,
"RT @windspeakernews: We are now accepting donations for Morley, Siksika and Tsuu T'ina at our Edmonton office. Details in link! #abflood ht…",LABEL_1,0.99991774559021,"['Alberta', None, 'Edmonton office']",,
RT @calgaryherald: Blog: Calgary's beer community brewing flood relief benefit: http://t.co/e0AlBxOHAB #yyc #yycflood,LABEL_1,0.9999184608459472,"[None, 'Calgary', None]",,
"Downtown being completely evacuated, #Calgary Floods 2013 - 19: http://t.co/TUzHInTrH3 via @youtube #YYC #Alberta",LABEL_1,0.9999163150787354,"['Alberta', 'Calgary', 'Downtown']",,
RT @metrocalgary: Getting dirty not your #yychelps thing? New website aims to connect consumers w/ #yycflood affected small biz http://t.co…,LABEL_1,0.9998701810836792,"[None, 'Calgary', None]",,
RT @cityofcalgary: 80 % of roads reopened to public #yycflood,LABEL_1,0.9999157190322876,"[None, 'Calgary', None]",,
"RT @mikesbloggity: Kensington is completely in the dark. Like, completely. #yycflood http://t.co/7bhZEJD1Yo",LABEL_1,0.9999172687530518,"[None, 'Calgary', 'Kensington']",,
(see last tweet). not just #Calgary but southern #Alberta. thankful for the fabric of care being weaved together across #Canada. #abflood,LABEL_1,0.9999171495437622,"['Alberta', 'Calgary', 'Canada']",,
RT @WilliamShatner: My thoughts and prayers are with the flood victims in Calgary. MBB,LABEL_1,0.9999148845672609,"[None, 'Calgary', None]",,
Evacuated a friend and my grandparents house. Frightening stuff. #abflood #evacuation #mhflood #medhat… http://t.co/Tru8HuhIMz,LABEL_1,0.9999186992645264,"['Alberta', None, None]",,
It will be ready #stampede #abflood #yyc http://t.co/fDpwbqZnNe,LABEL_1,0.9999183416366576,"['Alberta', 'Calgary', None]",,
RT @awlegge: Chinatown in need of a company to pump freon from a basement fridge. Contact ken to help 403 680 9996 #yychelps #yycflood,LABEL_1,0.9999164342880248,"[None, 'Calgary', '403']",,
$1500 raised 4MLCA's charity of choice @innfromthecold @ last night's MardaLoopCA Wine Night dinner! Donate http://t.co/Off8H99swU #yycflood,LABEL_1,0.9998879432678224,"[None, 'Calgary', None]",,
RT @CanRedCrossATL: Alberta #flood relief - how to help via @redcrosscanada #abflood http://t.co/BYGnxTtNrU,LABEL_1,0.9999179840087892,"['Alberta', None, None]",,
Boil water advisory expected for 1-2 more weeks in Canmore Rolling boil for 1 minute #Canmore #abflood #cougarcreek,LABEL_1,0.999919056892395,"['Alberta', None, 'Canmore']",,
"RT @GlobalCalgary: PHOTO: Macleod Trail under water, courtesy of Jeff Berg. #YYC #yycflood http://t.co/Oqye5Lrxiz",LABEL_1,0.999918818473816,"[None, 'Calgary', 'Macleod Trail']",,
"RT @BBCWorld: Alberta, Canada, battles widespread flooding - thousands evacuated from central Calgary http://t.co/Df13aTP3ed http://t.co/cs…",LABEL_1,0.9999160766601562,"[None, None, 'central Calgary']",,
"RT @GlobalCalgary: Medicine Hat braces for flooding, as water levels rise: http://t.co/jY4fjE8TpA #abflood",LABEL_1,0.9999165534973145,"['Alberta', None, 'Medicine Hat']",,
RT @redcrosscanada: Thanks everyone for your support! Here's how to support our response to flooding in Alberta: http://t.co/Xd9mbM2uj8 #ab…,LABEL_1,0.9999181032180786,"['Alberta', None, None]",,
RT @Mookalicious: This pic of an awesome firefighter in Mission needs to go viral.  Please share! #abflood http://t.co/H1YF3RhJZs,LABEL_1,0.999918818473816,"['Alberta', None, 'Mission']",,
RT @HeySeto: So true. The Greatest Outdoor Show on Earth must go on http://t.co/7vw3U1nWRx via @Metro_DK #yycflood #hellorhighwater,LABEL_1,0.9997296929359436,"[None, 'Calgary', None]",,
"#Fact: 10,000 people in almost 4,000 homes were evacuated due to floods in Medicine Hat yesterday. #abflood #ABFI2013",LABEL_1,0.999916672706604,"['Alberta', None, 'Medicine Hat']",,
"Hee hee *snort cute rt“@handcuffgoddess: He he he.  Seriously though, they moved all the animals :).  #yycflood http://t.co/YbegKAHRfo”",LABEL_1,0.999566376209259,"[None, 'Calgary', None]",,
VIDEO: It’s the first day back for several #yeg firefighters who spent time in Calgary helping flood victims http://t.co/EjycYOTW29 #abflood,LABEL_1,0.9999164342880248,"['Alberta', 'Edmonton', None]",,
River is still high #yycflood http://t.co/5IeRCI1ewV,LABEL_1,0.999919056892395,"[None, 'Calgary', None]",,
"RT @CTVCalgary: Mayor Nenshi says Stampede may look different than last year, but it will happen.\#abflood #yycflood @nenshi",LABEL_1,0.9999172687530518,"['Alberta', 'Calgary', None]",,
The sun really does come out tomorrow. Anyone interested in hitting up the bedding off leash park today. #yyc #yycflood,LABEL_1,0.999833345413208,"[None, 'Calgary', 'bedding']",,
RT @redcrosscanada: Shout-out to @nenshi for stopping by yesterday to say thanks to our volunteers helping in #YYCflood http://t.co/vGxrpkz…,LABEL_1,0.9999176263809204,"[None, 'Calgary', None]",,
RT @provo83: “@patlaporte: Quebec; this is part of why we hate you. Remember- Alberta pays your bills. #yycflood http://t.co/NwENJJB8nR” sh…,LABEL_1,0.9999089241027832,"['Alberta', 'Calgary', 'Quebec']",,
Breaking: @nenshi Stampede make not look same as 2012 but show WILL GO ON#yycflood  #abflood http://t.co/ZPxB2AwReB,LABEL_1,0.9999141693115234,"['Alberta', 'Calgary', None]",,
"For those looking to aid victims of the flood, Place2Give is a great option http://t.co/M6lSSJbTgJ #yycflood #relieffund #Calgary",LABEL_1,0.9999167919158936,"[None, 'Calgary', None]",,
RT @JellyModern: Are you on your way to help with the #yycflood cleanup? Stop by and we will send you off with a dozen doughnuts and coffee…,LABEL_1,0.9999185800552368,"[None, 'Calgary', None]",,
RT @GlobalEdmonton: RCMP: 4 possibly dead in Alberta floods in High River http://t.co/Z2GJmMfZeL #abflood,LABEL_1,0.9999160766601562,"['Alberta', None, 'High River']",,
When times get tough we show what we are made of. This is our chance! Let it all hang out #yycflood How can we help you?,LABEL_1,0.9998830556869508,"[None, 'Calgary', None]",,
One day at a time MT @Metro_Katie: .@nenshi says extremely unlikely ppl in DT before the middle of next week #yycflood #abflood,LABEL_1,0.999916672706604,"['Alberta', 'Calgary', 'DT']",,
RT @Mookalicious: Are you ready for this?!?!  Husky Energy is donating $1 MILLION for #abflood relief. WOW!!!,LABEL_1,0.9999171495437622,"['Alberta', None, None]",,
"Boardwalk Rental Communities - Update on the Impact of Flooding that Occurred in Calgary, AB http://t.co/BJKxKFqaVl",LABEL_1,0.9999173879623412,"[None, None, 'Calgary, AB']",,
All the best to Albertans impacted by the floods. #yycflood,LABEL_1,0.9999146461486816,"[None, 'Calgary', None]",,
Thx 4 the support! RT “@petfriendlyca: Thanks @AARCS_Canada for all your hard work helping the animals affected by the #abflood!” #yychelps,LABEL_1,0.9999182224273682,"['Alberta', None, None]",,
ICRE’s thoughts are with all of those affected by the severe flooding in Alberta right now #yycflood,LABEL_1,0.9999147653579712,"['Alberta', 'Calgary', None]",,
"If #abflood victims can't find pumps, fans etc anywhere try my parents rental company Murray's Equipment Rentals in lethbridge.",LABEL_1,0.9999094009399414,"['Alberta', None, 'lethbridge']",,
RT @LethbridgeYMCA: The #Lethbridge #YMCA welcomes #Highriver #abflood victims staying in #yql w free access to our facility while u reside…,LABEL_1,0.9999185800552368,"['Alberta', None, None]",,
"Flooding in Alberta Forces 75,000 to Evacuate http://t.co/2WTFf76HiY",LABEL_1,0.9999160766601562,"['Alberta', None, None]",,
Stampede will work around the clock to get flood-ravaged park ready for July 5: The Calgary Stampede announced... http://t.co/Ep4HQe2jeT,LABEL_1,0.9999181032180786,"[None, None, None]",,
Canadian Prime Minister Stephen Harper's wife Laureen joins Calgary flood recovery efforts |  http://t.co/1xI06GOD6U,LABEL_1,0.9999157190322876,"[None, 'Calgary', None]",,
"RT @YYCFlood: BREAKING: Explosion at TransAlta plant leaves #Banff, Lake Louise residents without power.#yycflood  http://t.co/GWEBbKYG3v",LABEL_1,0.9999165534973145,"[None, 'Calgary', 'Lake Louise']",,
"@Cammhunter so cause of the flood in calgary, stampede is probably postponed.  Will you guys still come? Please?",LABEL_1,0.9999170303344728,"[None, 'Calgary', None]",,
RT @CanadaBridges: @SandravdBrink fresh food and water is an ongoing need in #Siksika #abflood,LABEL_1,0.999919295310974,"['Alberta', None, 'Siksika']",,
This is so heart breaking for #yyc so close to stampede! #abflood,LABEL_1,0.9999161958694458,"['Alberta', 'Calgary', None]",,
"This Sunday, The Old Trouts are holding a fundraising party for @GreenFools, who were hit hard by the #yycflood: \http://t.co/NmxXfPlcyO",LABEL_1,0.9999111890792848,"[None, 'Calgary', None]",,
Flooding outside the Scotiabank Saddledome - please stay away from the building until further notice #yycflood #yyc http://t.co/l7YaHuyxfK,LABEL_1,0.9999175071716307,"[None, 'Calgary', 'Scotiabank Saddledome']",,
"Rivers receding in Calgary, 3 dead in floods http://t.co/NpVWcdOVor",LABEL_1,0.9999152421951294,"[None, 'Calgary', None]",,
The Banff Marathon has been canceled due to major flooding in Alberta. Here is a list of other closures and... http://t.co/MXvnDu7vEt,LABEL_1,0.9999184608459472,"['Alberta', None, None]",,
Haha @nenshi this morning if we see people watering their lawns do we have permission to walk up and punch? Yes #ABFlood #yycflood,LABEL_1,0.9999123811721802,"['Alberta', 'Calgary', None]",,
RT @BadPortraits: Only 5.5 hours left to order your #scubanenshi shirts and help those in need!  http://t.co/5Fg3Np6uuC #abflood @nenshi,LABEL_1,0.999915599822998,"['Alberta', None, None]",,
"RT @Metro_DK: Has anyone used the Alberta govt cash cards, yet? E-mail me w/ any exp - good or bad. darren.krause@metronews.ca #yycflood #a…",LABEL_1,0.9998918771743774,"['Alberta', 'Calgary', None]",,
Unscathed by the #abflood?  Work closed for a good part of the week? Lend a hand in  #yycflood disaster relief: @VolunteerCal @yychelps,LABEL_1,0.999916672706604,"['Alberta', 'Calgary', None]",,
Good on ya!  \Shaw Offering Free Wi-Fi to Southern Alberta During Flood Recovery | iPhone in Canada Blog - http://t.co/RPNnGSI1Qk,LABEL_1,0.9999173879623412,"[None, None, 'Southern Alberta']",,
RT @CS_NGC: You can't wash away our spirit- proceeds 2 go to the Canadian Red Cross to aid #abflood victims. http://t.co/b6tKlCcueY #stampe…,LABEL_1,0.9999189376831056,"['Alberta', None, None]",,
The Alberta flood effect on real estate http://t.co/p74l8qvQ9f,LABEL_1,0.9999165534973145,"['Alberta', None, None]",,
Going to head down to Calgary Thursday night and help out with some flood cleanup Friday. Who needs assistance? #yycflood #wearecalgary,LABEL_1,0.9999159574508668,"[None, 'Calgary', None]",,
@missy_y2k hi tita i read in yahoo article about floods in canada. we hope everything is well with you and tito boris.,LABEL_1,0.9998217225074768,"[None, None, 'canada']",,
RT @garybtvnews: Calgary Emergency Management team with Live Update coming up:Details @GlobalCalgary #yycflood #abflood http://t.co/Glvw73X…,LABEL_1,0.9999179840087892,"['Alberta', 'Calgary', None]",,
RT @AB_EmergAlert: Overland Flood Alert Ended Jun24 619PM Calgary http://t.co/B6uO3E9qa7 #ABemerg #ABflood,LABEL_1,0.99991774559021,"['Alberta', 'Calgary', None]",,
".@Premier_Redford looks at a detailed map of High River, AB. She's pointing at her mother's old house. #abflood http://t.co/v7WyhmbcpK",LABEL_1,0.9998873472213744,"['Alberta', None, 'AB']",,
RT @Mookalicious: How's this for a story? Two Hippos almost escaped from Calgary Zoo during the flooding. With high waters they almost got …,LABEL_1,0.9999181032180786,"[None, None, 'Calgary Zoo']",,
"RT @AliVelshi: As a Canadian, I'm really proud of mayor Naheed @Nenshi's handling of the #Calgary floods, & of the people of Alberta",LABEL_1,0.9999179840087892,"['Alberta', None, None]",,
RT @IAmJericho: Hope everyone in my adopted hometown of #Calgary is safe and dry after the terrible floods! But Calgarians are double tough…,LABEL_1,0.999916672706604,"[None, 'Calgary', None]",,
RT @Erin_Strate: #abflood #yycflood coverage we are running the media briefings in their entirety on @ShawTVCalgary ch. 10 or YouTube/Calga…,LABEL_1,0.9999179840087892,"['Alberta', 'Calgary', None]",,
RT @YourAlberta: Updated: How to clean your home after a flood and other disaster recovery info: http://t.co/Ye13uxCCNx | #abflood #yycflood,LABEL_1,0.999916672706604,"['Alberta', 'Calgary', None]",,
RT @RedCrossAB: Volunteers needed to help with our response to Southern Alberta Floods. Please register at: http://t.co/3oi2Qrfyds #abflood,LABEL_1,0.9999161958694458,"['Alberta', None, 'Southern Alberta']",,
RT @globaltvnews: RCMP: As many as 4 people may be dead in #Alberta floods as #Calgary continues evacuation http://t.co/6dBqZnUStU,LABEL_1,0.999916672706604,"['Alberta', 'Calgary', None]",,
Good as new! RT @Mookalicious I am blown away by this. The Dome has pumped out every drop of water!!  #abflood! http://t.co/mg3kSapVYR,LABEL_1,0.999913454055786,"['Alberta', None, None]",,
Too write my diplomas or not ... Hmmm #yycflood #school #stress,LABEL_1,0.9990787506103516,"[None, 'Calgary', None]",,
RT @Metro_Nolais: Redford says we will live with this forever #abflood,LABEL_1,0.9999183416366576,"['Alberta', None, None]",,
RT @redcrosscanada: We are accepting financial donations to assist people affected by flooding in Alberta: http://t.co/Xd9mbM2uj8 #abflood,LABEL_1,0.9999165534973145,"['Alberta', None, None]",,
Alberta government: flooding worst in province's history  . State of emergency continues for 25 communities #abflood,LABEL_1,0.9999146461486816,"['Alberta', None, None]",,
That we don't know yet. Sounds like they'll be sent RT @kush_5043: @DonBraid where can we get these preloaded cards? #chlive #abflood #ableg,LABEL_1,0.9998513460159302,"['Alberta', None, None]",,
"RT @Dean_Murdoch: People are wonderin if I'm OK. I'm at the Saddldome, in the Nosebleeds, fishin.  #yycfloods",LABEL_1,0.9999110698699952,"[None, None, 'the Saddldome']",,
"YYC Flood Recap – Friday, June 21 | Calgary Humane Society - Blog http://t.co/pcUJwMptOx",LABEL_1,0.999915599822998,"[None, None, None]",,
I posted 5 photos on Facebook in the album Calgary Flood http://t.co/1hxR1aNmvo,LABEL_1,0.9999172687530518,"[None, None, None]",,
Tahoe is Walking On: FLOOD 2013 ~ Bow River Historical Floods to 1870 (AB Government) http://t.co/qZbQywwqZt #yycflood #abflood #Calgary,LABEL_1,0.999915599822998,"['Alberta', 'Calgary', None]",,
"#VernonBCNews Alberta floods: Stephen Harper on his way, promises Ottawa's full support (with video) http://t.co/xZnTmXeVh4",LABEL_1,0.9999178647994996,"['Alberta', 'Ottawa', None]",,
How to clean up after flood. http://t.co/vaptVDJy3Z #abflood #yycflood”,LABEL_1,0.9999185800552368,"['Alberta', 'Calgary', None]",,
RT @Mookalicious: I am blown away by this. The Dome has pumped out every drop of water!!  #abflood! http://t.co/kbPUZbWzim,LABEL_1,0.9999191761016846,"['Alberta', None, None]",,
RT @WongaCanada: Thumbs Up: Tim Hortons unveils ‘Alberta Rose’ donut to raise flood relief funds http://t.co/2kvmfNeq1U #alberta #donut #ca…,LABEL_1,0.9998749494552612,"[None, None, None]",,
RT @karrien80: “@Accio89: Elbow Park swing bridge on Sifton Blvd #yycflood http://t.co/GDhN0FTt8X so sad,LABEL_1,0.9999127388000488,"[None, 'Calgary', 'Sifton Blvd']",,
"Earth Wobble Watch: Massive flooding in Calgary,…: Massive flooding in Calgary, troops deployed to assist 100,... http://t.co/vNNnCfERNg",LABEL_1,0.9999164342880248,"[None, 'Calgary', None]",,
RT @ArleneDickinson: For those of you on the Telus network who wish to donate pls Text REDCROSS to 30333 #yycflood,LABEL_1,0.9999178647994996,"[None, 'Calgary', None]",,
I've never been prouder to be an Albertan. Seeing everyone helping one another is really touching. #abflood #calgarystrong,LABEL_1,0.9999181032180786,"['Alberta', None, None]",,
@660News Would also like to mention the unsung heroes of the #yycflood. All the employees of the City of Calgary who worked round the clock,LABEL_1,0.9999176263809204,"[None, 'Calgary', None]",,
RT @McManCalgary: Please share this with people impacted by #yycflood.  Free laundry and detergent. http://t.co/lLjjC4dIRk,LABEL_1,0.99991774559021,"[None, 'Calgary', None]",,
"Wishing all Albertans affected by the flood, a safe and speedy recovery!! #abflood",LABEL_1,0.9999147653579712,"['Alberta', None, None]",,
#yycflood This page is for anyone in Calgary seeking or offering free childcare for as long as it takes to cleanup... http://t.co/evEzQfRm3E,LABEL_1,0.9999186992645264,"[None, 'Calgary', None]",,
RT @WilliamShatner: My thoughts and prayers are with the flood victims in Calgary. MBB,LABEL_1,0.9999148845672609,"[None, 'Calgary', None]",,
@j_komarnicki province yes but wasn't #yyc hit bad in the 1930s? #yycflood,LABEL_1,0.9998860359191896,"[None, 'Calgary', None]",,
RT @CSvolunteer: An update on flood recovery on Stampede park... #yycflood #cleanuppics http://t.co/9HZefEzP7t,LABEL_1,0.9999185800552368,"[None, 'Calgary', 'Stampede park']",,
RT @tedhenley: SCAM ALERT–fake sites are pretending to accept $$ for #ABFlood #yycflood relief @redcrosscanada is the best place: http://t.…,LABEL_1,0.9999189376831056,"['Alberta', 'Calgary', None]",,
RT @ampcalgary: Who else needs to see a pic like this today? :) #calgarystrong #yycflood http://t.co/L0jlYNajWs,LABEL_1,0.999894380569458,"[None, 'Calgary', None]",,
RT @StarbucksCanada: Make a difference in #Alberta. Visit your participating store to make a donation to the Red Cross #abflood http://t.co…,LABEL_1,0.99991774559021,"['Alberta', None, None]",,
"Went to Bowness this evening, the devastation is unreal. We took a truck full out but didn't put a dent in it. So sad! #yycflood #adflood",LABEL_1,0.9999182224273682,"[None, 'Calgary', 'Bowness']",,
At least nature still has some beauty for us. Last night's full moon bike ride #yycbike #yycflood @BikeBikeYYC http://t.co/QJX4CBbxSl,LABEL_1,0.9997621178627014,"[None, 'Calgary', None]",,
"RT @salvationarmy: To donate to The Salvation Army’s flood relief efforts in Alberta, click here: http://t.co/SISViBqV87",LABEL_1,0.9999169111251832,"['Alberta', None, None]",,
"RT @dfildebrandt: Roughly a month ago, Calgary had a fire ban because it was so dry. Now any road without fish counts as dry land. #abflood",LABEL_1,0.9999173879623412,"['Alberta', 'Calgary', None]",,
Am i the only one hoping that school get canceled on Monday too ? #yycflood #abflood,LABEL_1,0.9999171495437622,"['Alberta', 'Calgary', None]",,
RT @canadabridges: @redcrosscanada Eden Valley in need of volunteers #abflood - your skills on the ground would be g8! 35 homes flooded,LABEL_1,0.9999164342880248,"['Alberta', None, 'Eden Valley']",,
Rideau Jr High (Public) + St Mary's Sr High (Catholic) BIG DAMAGE :Details LIVE @GlobalCalgary #yycflood #abflood http://t.co/YRErOViJP5,LABEL_1,0.99991774559021,"['Alberta', 'Calgary', None]",,
RT @erinchrusch: This is a great handbook for Landlords & Tenants affected by #yycflood http://t.co/RUEjOhEBsd,LABEL_1,0.999918818473816,"[None, 'Calgary', None]",,
Alberta food service sales continue to grow: CALGARY  Sales for Albertas food services and drinking places... http://t.co/eEtSGNNW3x,LABEL_1,0.9999183416366576,"['Alberta', 'Calgary', 'Albertas']",,
"RT @CalgaryPolice: If the power is out at an intersection, please treat it as a 4-way stop. #yycflood",LABEL_1,0.9999184608459472,"[None, 'Calgary', None]",,
@target_ca no my request was for one of donations for flood relief.,LABEL_1,0.999915361404419,"[None, None, None]",,
RT @Braden_Hermus: @CocoFoxtrot: #abflood http://t.co/jxqmo013IH Disgusting. Should boycott this store.,LABEL_1,0.9998612403869628,"['Alberta', None, None]",,
"RT @HeySeto: Tired of flood pictures? Me too, so I put together these awesome #yycflood stories instead http://t.co/s4QApBf5oH #abflood",LABEL_1,0.999918818473816,"['Alberta', 'Calgary', None]",,
If you have two minutes - an incredibly powerful piece about #yycflood and our strength to rebuild http://t.co/6eyfV0VlUV #WeAreCalgary,LABEL_1,0.9999185800552368,"[None, 'Calgary', None]",,
So heartbreaking. Red-headed ‘angel’ swept away in High River flood http://t.co/iTq7bQPb5v via @edmontonjournal #abflood,LABEL_1,0.99991774559021,"['Alberta', None, 'High River']",,
RT @Metro_Nolais: A lot of the price gouging so far is gas stations selling flats of bottles but charging at single bottle price #yycflood,LABEL_1,0.9998586177825928,"[None, 'Calgary', None]",,
"RT @UCalgary: Due to #yycflood and traffic concerns, #UCalgary has cancelled Fri's #stampede breakfast at downtown campus.",LABEL_1,0.999919056892395,"[None, 'Calgary', None]",,
GALLERY: Clean-up begins in Calgary after devastating flooding - http://t.co/aCXHPM4lKh  #yycflood,LABEL_1,0.9999158382415771,"[None, 'Calgary', None]",,
RT @MHNMcCuaig: Highest point of water to lowest point of under construction TCH bridge about 6 ft @ noon. #MHFLOOD #ABFLOOD http://t.co/vM…,LABEL_1,0.999919295310974,"['Alberta', None, 'TCH bridge']",,
RT @CalgaryPolice: .@RealCamKinsman no looting. We checked it out and nothing happening. #yycflood,LABEL_1,0.9999101161956788,"[None, 'Calgary', None]",,
RT @crisfran: Town of High River relocating some citizens to U. of L.  Staged re-entry plan likely announced tomorrow. #abflood # #yyc,LABEL_1,0.9999176263809204,"['Alberta', 'Calgary', 'U. of L']",,
RT @vickyhir: Was seriously walking under this overpass yesterday laughing about a little rain shutting down the city! #yycflood http://t…,LABEL_1,0.9999189376831056,"[None, 'Calgary', None]",,
RT @redcrosscanada: Red Cross accepting financial donations to assist people affected by flooding in Alberta: http://t.co/Xd9mbM2uj8  #abfl…,LABEL_1,0.9999172687530518,"['Alberta', None, None]",,
RT @cfweradio: RT @erinshu: A list of what is needed at #Siksika Nation. Please RT. #yycflood #abflood http://t.co/KgYbOSCdyj,LABEL_1,0.9999185800552368,"['Alberta', 'Calgary', 'Siksika Nation']",,
Some residents of High River can return tomorrow. Others will be allowed to tour the area by bus in a 3 phase re-entry program. #abflood,LABEL_1,0.9999185800552368,"['Alberta', None, 'High River']",,
@katesauce Calgary is flooding.... :( it's sad.,LABEL_1,0.9999185800552368,"[None, 'Calgary', None]",,
"RT @calgaryherald: Bow River in Calgary hit peak flow of 1,740 cms. Previous record 1,520 in 1932. It was 791 in 2005 floods. #chlive http:…",LABEL_1,0.9999178647994996,"[None, 'Calgary', 'Bow']",,
24-hour local news broadcasts running out of ways to cover it's really wet. #repetitive #yycflood,LABEL_1,0.9999194145202636,"[None, 'Calgary', None]",,
say a few prayers for people in Calgary dealing with the flooding.  This is a picture of inside the Saddledome :( http://t.co/5g3n2ZhYR0,LABEL_1,0.9999173879623412,"[None, 'Calgary', 'Saddledome']",,
RT @cderworiz: Province has approved $1 billion for first phase of emergency recovery and reconstruction for southern Alberta floods. #abfl…,LABEL_1,0.9999159574508668,"[None, None, 'southern Alberta']",,
Pic of firefighter carrying senior to safety in Alberta floods goes viral http://t.co/UGj6V6pHLQ via @SunNewsNetwork #ABfloods,LABEL_1,0.9999164342880248,"['Alberta', None, None]",,
RT @JProskowGlobal: BREAKING: Every single person outside of Downtown Calgary can now return home #yycflood #abflood,LABEL_1,0.9999165534973145,"['Alberta', 'Calgary', 'Downtown Calgary']",,
RT @WestJet: A flexible change/ cancellation promise remains in effect for guests flying to/ from Calgary. http://t.co/VdwX3591gD #abflood,LABEL_1,0.9999186992645264,"['Alberta', 'Calgary', None]",,
RT @paul_dunphy: We're now hearing that the Saddledome  might be half-filled with water. #yyc #abflood,LABEL_1,0.9999172687530518,"['Alberta', 'Calgary', 'Saddledome']",,
RT @CC4currie: Pls RT! C this wish list of supplies needed @ 7904 43rd ave NW Bowness needs supplies.Look 4Cindy! #abflood #ableg http://t.…,LABEL_1,0.9999182224273682,"['Alberta', None, 'Bowness']",,
"RT @ENMAX: It is estimated that power will be restored to Mission, Cliff Bungalow, Beltline and Victoria Park by 10:00 PM today. #yycflood",LABEL_1,0.9999182224273682,"[None, 'Calgary', 'Victoria Park']",,
RT @CBCNews: PHOTOS: Hundreds of Siksika First Nation homes lost to flood   http://t.co/NI52xT9pSx Pics by @johnrieti #abflood #ChicagoBrid…,LABEL_1,0.9999185800552368,"['Alberta', None, 'ChicagoBrid']",,
"RT @calgaryherald: Bow River in Calgary hit peak flow of 1,740 cms. Previous record 1,520 in 1932. It was 791 in 2005 floods. #chlive http:…",LABEL_1,0.9999178647994996,"[None, 'Calgary', 'Bow']",,
"Phones are working, however we continue to have some issues with 403-262-1000. Thank you for your patience. *TW #yyc #yycflood",LABEL_1,0.9999116659164428,"[None, 'Calgary', None]",,
"Massive Flooding In Alberta Canada Forces 75,000 To Flee http://t.co/Y2uXpegi7D",LABEL_1,0.9999161958694458,"['Alberta', None, 'Canada']",,
@cynthiannajones Outdoor toilets are coming. Thank you #abflood volunteers!,LABEL_1,0.9999184608459472,"['Alberta', None, None]",,
I just went for a walk. Ran into a man without power. Scared of losing food. Options? #yycflood,LABEL_1,0.9999103546142578,"[None, 'Calgary', None]",,
RT @cityofcalgary: If you're trying to connect with evacuated family please call @redcrosscanada 1-888-800-6493 #yycflood,LABEL_1,0.9999181032180786,"[None, 'Calgary', None]",,
"RT @metrocalgary: If you see price gouging during #yycfloods, let us know,  and we'll send @metro_nolais after them. #yycgreedy #abfloods",LABEL_1,0.9999161958694458,"[None, None, None]",,
"Calgary floods kill two, forces 75,000 from homes: Overflowing rivers washed out roads and bridges, soaked hom... http://t.co/5znx3iW7gg",LABEL_1,0.9999150037765504,"[None, 'Calgary', None]",,
@edmontonjournal: Spirit of Albertans during floods is what makes Canada great: Harper http://t.co/RuVj6pBqF4 darn right! #canadianpride,LABEL_1,0.9999144077301024,"[None, None, 'Canada']",,
RT @CamMacIntoshCBC: Washed out roads and homes on #siksika   About 1000 people displaced here #abflood #blackfoot http://t.co/E3qBIJadkH,LABEL_1,0.999919295310974,"['Alberta', None, None]",,
RT @LFWAPAO: #Article: #Troops #arrive to help out in flooded areas http://t.co/9u4N3te5cN via @CTVCalgary #ABFlood #YYCFlood,LABEL_1,0.9999179840087892,"['Alberta', 'Calgary', None]",,
"People's back yards are gone, houses starting to fall in @ Canmore, AB http://t.co/lNKCSQEVUE",LABEL_1,0.9994972944259644,"[None, None, 'Canmore, AB']",,
"RT @YourAlberta: Starting Sunday at 1pm, #YYC can access pre-loaded debit cards. More details to follow: http://t.co/hJR1fnGPNJ #abflood",LABEL_1,0.9999171495437622,"['Alberta', 'Calgary', None]",,
"just bought myself a #hellorhighwater stampede shirt, what a good way to raise money for the flooding :) #yyc #yycflood #stampede101",LABEL_1,0.9999185800552368,"[None, 'Calgary', None]",,
#VolkerStevin rep talking on huge effort to rebuild #transcanada #hwy1 to open- much more work to do #ABflood #ableg http://t.co/rhA4rViptn,LABEL_1,0.999822437763214,"['Alberta', None, 'transcanada #hwy1']",,
"South SK River expected to crest at 1 AM in Medicine Hat. Peak predicted at around 5300 cubic metres, down from 5500 estimate #abflood #yxh",LABEL_1,0.9999183416366576,"['Alberta', None, 'Medicine Hat']",,
"Even if you are not directly affected, please share this community collaboration tool for flood relief. http://t.co/9Xu3MqrpPs #yycflood",LABEL_1,0.9999185800552368,"[None, 'Calgary', None]",,
RT @660News: All grade 12 students in flood affected regions are being offered exemptions for diploma exams #yycflood #ABflood,LABEL_1,0.9999171495437622,"['Alberta', 'Calgary', None]",,
RT @GlobalCalgary: Flood victims warned to watch out for ‘storm chasers’: http://t.co/0eWiY0GmrX #yycflood #abflood #consumer,LABEL_1,0.9999165534973145,"['Alberta', 'Calgary', None]",,
RT @NHLFlames: #WeAreCalgary MT @Daorcey Hundreds of Calgarians are here to volunteer to help their neighbours affected by #yycflood http:/…,LABEL_1,0.9999182224273682,"[None, 'Calgary', None]",,
No registry services in AB until at least Monday if not longer. Not taking the bike out for a bit I guess. #yycflood #alberta #grounded,LABEL_1,0.9999008178710938,"['Alberta', 'Calgary', 'AB']",,
RT @Rowan_OConnell: So thankful that I live on a hill right now. #yycflood #abflood,LABEL_1,0.9999181032180786,"['Alberta', 'Calgary', None]",,
Collecting household hazardous waste and appliances in flood affected areas: Chemical and other collection trucks... http://t.co/8qIPtrdoAm,LABEL_1,0.9999183416366576,"[None, None, None]",,
RT @HUB_Phx_Surety: Together we can help Calgary flood victims\\Many families have been evacuated from their homes due to the... http://t.c…,LABEL_1,0.9999159574508668,"[None, 'Calgary', None]",,
"Alberta Floods Have Changed The Rockies Forever, Says Scientist http://t.co/bZRBHO70Vx",LABEL_1,0.9999172687530518,"['Alberta', None, 'Rockies']",,
Still free parking in Beltline from @CalgaryParking. Other area parking proceeds go to flood relief! #yycOnward,LABEL_1,0.9999182224273682,"[None, None, 'Beltline']",,
RT @Mookalicious: This pic of an awesome firefighter in Mission needs to go viral.  Please share! #abflood http://t.co/H1YF3RhJZs,LABEL_1,0.999918818473816,"['Alberta', None, 'Mission']",,
RT @CBCTheNational: See what we mean? MT: The scene in Calgary: wet and awful. The actions of residents: inspiring.  #abflood  #yyc http://…,LABEL_1,0.9999185800552368,"['Alberta', 'Calgary', None]",,
“Here's  your legacy Stephen Harper. History you can't rewrite &gt; http://t.co/86BDbxyPWh  http://t.co/ZwK3KJ6s14 @CP24 #abflood #cdnpoli”,LABEL_1,0.9266470670700072,"['Alberta', None, None]",,
Chamber has put measures in place to help those businesses suffering from a work stoppage #yycflood,LABEL_1,0.99991774559021,"[None, 'Calgary', None]",,
Time to prove I've got a face for radio #globalcalgary #yyc_counselling #yychelps #abflood @ Global TV http://t.co/Iy4p6s6zL7,LABEL_1,0.9998844861984252,"['Alberta', None, None]",,
Also for PM crowd: #yycflood diamond lanes for #yyctransit and #yyctaxi only on Macleod Tr from 61 Ave SW northward: http://t.co/DG0SOmLw8L,LABEL_1,0.999913215637207,"[None, 'Calgary', '61 Ave SW north']",,
$520 ! (1 hour. $1000. 6000L )  @Roosevelt933 #yycflood #yychelps  http://t.co/5Daek8jqdM Let's make it happen,LABEL_1,0.9996206760406494,"[None, 'Calgary', None]",,
"RT @CouncillorKeats: Hey @nenshi and #yyccc Ward 12 is hosting a FloodRaiser on Sat. Movie in the park, please RT. #yycflood #yyc http://t.…",LABEL_1,0.9999018907546996,"[None, 'Calgary', None]",,
RT @EdmontonOilers: Our thoughts & prayers are with all those affected by #abflood #yycflood including our extended hockey family with the …,LABEL_1,0.9999183416366576,"['Alberta', 'Calgary', None]",,
RT @SUNKSchneider: thank you to @BBCNews 5 for having me on to talk about the #yycflood and #abflood,LABEL_1,0.9999184608459472,"['Alberta', 'Calgary', None]",,
RT @SamHarv10: Calgary is flooding so @narrysunicorn_ can come back!!!!,LABEL_1,0.999907374382019,"[None, 'Calgary', None]",,
RT @Rich_Neumann: Great news! MT @ElectDanielle province has taken over response to #HighRiver #abflood @RickFraserMLA has asked me to atte…,LABEL_1,0.9999120235443116,"['Alberta', None, None]",,
RT @Laura_Weislo: I hope everyone in the @TourOfAlberta family is OK after historic flooding in Calgary http://t.co/um9JnUQ2Sv,LABEL_1,0.99991774559021,"[None, 'Calgary', None]",,
@TimHortons 6) of Hope and Helpfulness that YYC needs right now to get through this devastation. #yycfloods,LABEL_1,0.9999176263809204,"[None, None, None]",,
"My building is the white one on the left, located on the Elbow River. Well, pretty much in the Elbow now. #yycflood  http://t.co/BljGllEpU4",LABEL_1,0.9997510313987732,"[None, 'Calgary', 'Elbow']",,
RT @cgoomansingh: A third person just walked safely from rescue boat @GlobalNational #yycflood http://t.co/ChtqV6Weae,LABEL_1,0.9999113082885742,"[None, 'Calgary', '@userlobalNational']",,
"RT @AliyaJasmine: Saying a prayer for Calgary, and everyone experiencing the floods in Alberta",LABEL_1,0.999914288520813,"['Alberta', 'Calgary', None]",,
RT @YYCFlood: Great news @calgarytransit has already started repair work! The south line will take longer 3 tunnels filled with water #yycf…,LABEL_1,0.9999172687530518,"[None, None, None]",,
Family photos damaged by #abflood? Diane+Mike Photography offer to scan & restore for free. So nice! https://t.co/VXUnGNOP2g #yyc @nenshi,LABEL_1,0.9999167919158936,"['Alberta', 'Calgary', None]",,
Oh yay. No power until sometime tomorrow. #beltline #Day6 #yycflood,LABEL_1,0.9999116659164428,"[None, 'Calgary', None]",,
The entire lower bowl at the saddledome is under water... #yycflood,LABEL_1,0.999919056892395,"[None, 'Calgary', 'saddledome']",,
"RT @Taylor1113: Please RT! Flood fundraiser today at Bonavista Rec Ctr 3-6. Fun, food and more for Red Cross flood relief #yycflood http://…",LABEL_1,0.9999185800552368,"[None, 'Calgary', 'Bonavista Rec Ctr']",,
RT @660News: RCMP finish searching homes in High River http://t.co/JtXwx7hn1C #YYCflood,LABEL_1,0.9999178647994996,"[None, 'Calgary', 'High River']",,
Sheep river already looks like its gone down since this time yesterday. #abflood,LABEL_1,0.9999169111251832,"['Alberta', None, 'Sheep river']",,
RT @crpscaper: @calgaryherald #CRPS & other area school districts close all schools for balance of school year #abflood #abed #asba...,LABEL_1,0.9999186992645264,"['Alberta', None, None]",,
Lots of my family lives in Alberta. Praying for all ?? #abflood #yccflood,LABEL_1,0.999914050102234,"['Alberta', None, None]",,
I walk under this bridge all the time #yycflood #abflood http://t.co/be9O6B53T8,LABEL_1,0.9999178647994996,"['Alberta', 'Calgary', None]",,
RT @EmergencyInfoBC: Update: #BC offers aid to Alberta in wake of record floods http://t.co/cYFkWtSWUB #abfloods #yyc @DriveBC,LABEL_1,0.9999181032180786,"['Alberta', 'Calgary', 'BC']",,
RT @660News: RCMP now say it is unlikely Hwy 1 or Hwy 1a will open near Canmore today. #ABflood,LABEL_1,0.9999173879623412,"['Alberta', None, 'Canmore']",,
Thank you Calgary for everything!  #sunnyside #yycflood We no longer need food or supplies -- we are passing them along to other areas.,LABEL_1,0.9999184608459472,"[None, 'Calgary', None]",,
"RT @JamesWoodHerald: Province was ‘ill-prepared’ for flood, water experts say http://t.co/3zzYgqZtwW #ableg #abflood",LABEL_1,0.9999182224273682,"['Alberta', None, None]",,
RT @adolwyn: Guys. Ridiculously photogenic firefighter HAS A TWIN BROTHER. #yyc #yycflood http://t.co/j2ytuktcBr,LABEL_1,0.9999169111251832,"[None, 'Calgary', None]",,
Water receding by fallen down trees #yycflood http://t.co/y0rBVuUYGn,LABEL_1,0.99991774559021,"[None, 'Calgary', None]",,
RT @MaryZilba: Calgary Stampede will go on. It has never been cancelled despite two wars & a great depression. So neither will a flood #l…,LABEL_1,0.9999135732650756,"[None, None, None]",,
"RT @voyagevixen: Many saved, but hundreds died: What's Happening To The Pets Left Behind In The Alberta Flood? http://t.co/9j2XPBpIQQ #abfl…",LABEL_1,0.9999182224273682,"['Alberta', None, None]",,
"RT @KikkiPlanet: After researching, good to know almost all accusations of #yycgreedy are FALSE. Learn what pre #yycflood $ is before accus…",LABEL_1,0.999782383441925,"[None, 'Calgary', None]",,
Reporter’s life washes away in flood | Alberta | News | Calgary Sun http://t.co/b7jzW2OSDD,LABEL_1,0.9999159574508668,"['Alberta', None, None]",,
"Godbless all Cgyans who managed 2not lose thr collective minds, may He cure few who did, & grant former patience 2 deal w/ latter #YYCfloods",LABEL_1,0.999832272529602,"[None, None, None]",,
Global-2 will soon be taking Medicine Hat aerials. We want to provide Albertans with the best possible info. @GlobalCalgary  #abflood,LABEL_1,0.9999189376831056,"['Alberta', None, 'Medicine Hat']",,
"Damn... RT @AP UPDATE: Three dead from flooding in Alberta as 75,000 people are evacuated: http://t.co/ILmAzTADYw -MM",LABEL_1,0.9999163150787354,"['Alberta', None, None]",,
RT @HuffPostCanada: Alberta comes together to help during flood #ABflood #yycflood http://t.co/BlHjQCI3Pe,LABEL_1,0.999916672706604,"['Alberta', 'Calgary', None]",,
@Nohungerinyyc Food Bank has been hit hard. Please donate now and often! #abflood #yychelps #yyc #alberta #charity,LABEL_1,0.9999183416366576,"['Alberta', 'Calgary', None]",,
Get away from the river now! #ABflood http://t.co/UYeDWU9qrD,LABEL_1,0.9999181032180786,"['Alberta', None, None]",,
Happy Birthday @Michounslow! My awesome daughter. She says no birthday presents...donate to #abflood instead. Done! Now to choose!,LABEL_1,0.9998810291290284,"['Alberta', None, None]",,
RT @Sportsnet: The #Flames have released photos of inside the Saddledome following the flood: http://t.co/rtAd5Wqj5c #ABFlood #WeAreCalgary,LABEL_1,0.9999181032180786,"['Alberta', None, 'Saddledome']",,
"Canadian Red Cross-Flood Relief, Alberta & Western Canada http://t.co/R5s1hcdDGY",LABEL_1,0.9999176263809204,"[None, None, 'Western Canada']",,
"Even though much of the city is still w/o power, just heard #CanadaDay festivities will still be a go on Monday. #keeponkeepinon #YYCflood",LABEL_1,0.9999144077301024,"[None, 'Calgary', None]",,
"Floods kill 3, 75,000 forced from Calgary homes: CALGARY, Alberta (AP) — At least three people were killed by ... http://t.co/K2vANJmllW",LABEL_1,0.9999167919158936,"[None, 'Calgary', 'CALGARY, Alberta']",,
Out mayor is the best! Haha love him #yycflood #yyc,LABEL_1,0.999742329120636,"[None, 'Calgary', None]",,
RT @zaider: #yycflood 4318 4A St SW needs volunteers. This is the first day they are in there. Please help them out.  @nenshi @yychelps,LABEL_1,0.9999184608459472,"[None, 'Calgary', '4318 4A St SW']",,
.@jillbelland talks with olympian @JesseLumsden28 about how the #yycflood impacted him and what he's doing to help. http://t.co/jFtqHuY1Wx,LABEL_1,0.9998880624771118,"[None, 'Calgary', None]",,
RT @ZiyahKarmali: The @cfl_esks show their support to #abflood victims! Fundraiser Sat 130pm @commonwealth #yeg @NateCoehoorn http://t.co/v…,LABEL_1,0.9999182224273682,"['Alberta', 'Edmonton', None]",,
I'll be on @ctvnewschannel after 4:15pm to talk about #yycflood and #abflood. I'd also like to finally talk about Canadian Idol.,LABEL_1,0.9999160766601562,"['Alberta', 'Calgary', None]",,
special thanks to @bpincott for help in Stanley Park. And to teams from @bubblecarwash for hitting streets to help out!  #yycflood #yychelps,LABEL_1,0.9999184608459472,"[None, 'Calgary', 'Stanley Park']",,
Okay seriously...how many #rubberneckers  are out clogging #yyc roads? A #rubbernecking #staycation helps NOBODY! Stay at home! #yycflood,LABEL_1,0.9999186992645264,"[None, 'Calgary', None]",,
Chicago fans flooding the streets as if it were Calgary,LABEL_1,0.9998981952667236,"[None, 'Calgary', None]",,
"30,000 customers in Calgary remain without power due to floods - @RosaHwangCTV http://t.co/kJeilDZ2AH",LABEL_1,0.9999169111251832,"[None, 'Calgary', None]",,
Oil rebounds as Canada flooding shuts pipelines: Oil turned around in yesterday's session as traders started t... http://t.co/XHIoFtYgf7,LABEL_1,0.9999077320098876,"[None, None, 'Canada']",,
Sending positive thoughts to our #WesternU alumni and students in #Alberta affected by the flooding #abflood #yycflood #yyc cc/@tvchick13,LABEL_1,0.9999150037765504,"['Alberta', 'Calgary', None]",,
"RT @JasonvanRassel: The next person who lectures Alberta or Albertans about climate change gets a punch in the face, OK? #ABflood #yycf…",LABEL_1,0.999908685684204,"['Alberta', None, None]",,
@joshclassenCTV you are dead wrong sir there is a #stormbrewing now outside my window #yegstorm #thunderstorm http://t.co/jJXgdPDpOu,LABEL_1,0.999850869178772,"[None, None, None]",,
Stamps kick-off to flood relief: The theme for the season opener will be Lets Do Whatever It Takes to Support... http://t.co/RwsBdmiRgw,LABEL_1,0.999765932559967,"[None, None, None]",,
A Revised Look at Summer 2013 in the Canadian Rockies http://t.co/jQiGi71K0U #abflood,LABEL_1,0.9986836314201356,"['Alberta', None, 'Canadian Rockies']",,
RT @Crackmacs: 4 year old female grey tabby found floating near Eau Claire. Help us find the owners! #yyc #yycflood http://t.co/79Jrkpt1Jj,LABEL_1,0.999915361404419,"[None, 'Calgary', 'Eau Claire']",,
"@AARCS_Canada Have been to AARCS many times, have never seen so many cars lined up to drop off supplies & pick up fosters #humbled #yycflood",LABEL_1,0.9999175071716307,"[None, 'Calgary', 'AARCS']",,
RT @cityofcalgary: Please find evacuation information including maps and re-entry information here http://t.co/hlkA8574yP #yycflood,LABEL_1,0.999919295310974,"[None, 'Calgary', None]",,
RT @Nolanev: If anyone sees acts of looting in Bowness or anywhere in #YYC call 911 and report it to @CalgaryPolice #YYCFlood #ABFlood,LABEL_1,0.99991774559021,"['Alberta', 'Calgary', 'Bowness']",,
#BREAKING: Alberta government to provide $1 billion in flood relief. @CTVNews #abflood,LABEL_1,0.9999151229858398,"['Alberta', None, None]",,
"RT @AlbertaDaisy: Another pup found in Saddle Ridge area. No tattoo, tags or chip. Friend fostering. @ElectDanielle #yycflood http://t.co/Y…",LABEL_1,0.9998602867126464,"[None, 'Calgary', 'Saddle Ridge area']",,
RT @mommyknows: #abflood MT @kenneyjason: Canadian Forces have dispatched search & rescue helicopters #Canmore area to assist people strand…,LABEL_1,0.9999184608459472,"['Alberta', None, 'Canmore area']",,
Edmonton trail rebuilding along the North Saskatchewan River could take months #yeg #abflood #yegflood Edmonton Sun http://t.co/GAfDS2Hz7v,LABEL_1,0.9999183416366576,"['Alberta', 'Edmonton', None]",,
RT @ShopprsDrugMart: Donate your Shoppers Optimum Points at any SDM store to the Canadian Red Cross flood relief efforts in Alberta #abfloo…,LABEL_1,0.9999176263809204,"['Alberta', None, None]",,
RT @Mookalicious: Edmonton police have now arrived in Calgary to help. RT To say thanks #yeg #abflood http://t.co/a82CCUoZjN,LABEL_1,0.9999181032180786,"['Alberta', 'Edmonton', None]",,
"RT @devond2004: Ever the optimist, I see the #yyc Saddledome as half empty. #yycflood",LABEL_1,0.9999181032180786,"[None, 'Calgary', 'yyc Saddledome']",,
"RT @UnitedWayCgy: After #yycflood, @YWCAofCalgary needs hygiene items, underwear & more for women & kids. Please retweet! http://t.co/fh4td…",LABEL_1,0.999919295310974,"[None, 'Calgary', None]",,
"If the river floods up 4th ave, I'll break out the inflatable boat.",LABEL_1,0.9999167919158936,"[None, None, '4th ave']",,
"@RicMcIver Any information on the history of this bridge, it's age etc? Was it slated for any kind of work currently? #yycflood #BonnyBrook",LABEL_1,0.9998419284820556,"[None, 'Calgary', 'BonnyBrook']",,
#EastVillage seniors needing assistance this weekend please contact hotline 403-269-3183 for important information & support! #yycflood,LABEL_1,0.9999138116836548,"[None, 'Calgary', None]",,
"I know you're happy to not have finals, but can we hold off the Thank God talk until all bodies have been pulled from the river? #yycflood",LABEL_1,0.9998633861541748,"[None, 'Calgary', None]",,
Beautiful morning to go Volunteer! #yycflood #helpingout,LABEL_1,0.999918818473816,"[None, 'Calgary', None]",,
"Flooding in Alberta Forces 75,000 to Evacuate http://t.co/onc3XAJpTX",LABEL_1,0.999916672706604,"['Alberta', None, None]",,
RT @Bell_Mobility: Help support Alberta flood relief efforts & donate $5 by texting REDCROSS or ROUGE to 30333. #abflood,LABEL_1,0.9999147653579712,"['Alberta', None, None]",,
RT @joshyyc: Fire telling us that they're still encountering lots of people running gas generators indoors. DO NOT DO THIS!! #yycflood,LABEL_1,0.999919056892395,"[None, 'Calgary', None]",,
"RT @ChadBrownlee: To all those hotels, stores, and businesses in Alberta that have raised their prices during the flood; you're greed sicke…",LABEL_1,0.9999176263809204,"['Alberta', None, None]",,
RT @BradenLatam: The view inside a flooded basement in Sunnyside. U can see how high the water once was. #yyc #YYCFlood013 #yycflood http:/…,LABEL_1,0.9999170303344728,"[None, 'Calgary', 'Sunnyside']",,
@Max25talbot Can you please RT to help spread the word on the Alberta floods and how people can help by donating. http://t.co/5tomVG94Bw,LABEL_1,0.9999164342880248,"['Alberta', None, None]",,
"Damn, this is going to effect my golf game  #yycflood",LABEL_1,0.9998291730880736,"[None, 'Calgary', None]",,
RT @peterdemong: http://t.co/OzKoXerUZR Very important info for those who use senior's & low income transit passes! #yycflood #yyc #yychelp…,LABEL_1,0.9998821020126344,"[None, 'Calgary', None]",,
And with the rain comes a killer migraine and what I'm sure will be more grief downtown. #yycflood,LABEL_1,0.9999169111251832,"[None, 'Calgary', 'downtown']",,
Great photo of the @CalgaryPolice keeping #yyc safe this week on their @Ridleys bikes! Thanks CPS. http://t.co/vHM5yZ5CgN,LABEL_1,0.9992509484291076,"[None, 'Calgary', None]",,
RT @TELUS: RT @redcrosscanada: We are working closely w/communities in Southern Alberta to respond to severe flooding: http://t.co/jwcuLXqu…,LABEL_1,0.9999185800552368,"[None, None, 'Southern Alberta']",,
Not a pretty sight--all too common these days. RT @MatthewKeysLive 2013 Alberta floods crisis map from Google - http://t.co/ers5mxk7Oy …,LABEL_1,0.9999105930328368,"['Alberta', None, None]",,
I hope people in #Calgary remember which business’  are price gouging their fellow citizens during this crisis. #ABFlood.,LABEL_1,0.9999171495437622,"['Alberta', 'Calgary', None]",,
Watching the river. It's getting high. Trails are closed.,LABEL_1,0.9997722506523132,"[None, None, None]",,
RT @aldjohnmar: Here is the latest Bridge & Road closures in time for the morning rush: http://t.co/gKx45Uj450 #yyc #yyccc #yycflood,LABEL_1,0.9999158382415771,"[None, 'Calgary', None]",,
#yycflood no flood can put out the fire in our hearts,LABEL_1,0.9999169111251832,"[None, 'Calgary', None]",,
"RT @WestJet: Thank you to @redcrosscanada for leading #abflood relief efforts. We'd like to offer a donation of $25,000 to assist your work.",LABEL_1,0.9999179840087892,"['Alberta', None, None]",,
RT @weaselchild25: The people of Siksika are getting ready to help people who are victims of this flood. #abflood #flood #siksika http://t.…,LABEL_1,0.9999164342880248,"['Alberta', None, 'Siksika']",,
RT @ampcalgary: Sad that some businesses are taking advantage of people in a crisis. #yycflood Thanks Steve Cheeseman http://t.co/oglfXLskIN,LABEL_1,0.9999175071716307,"[None, 'Calgary', None]",,
"Anyone know the situation in bearberry, Alberta ? #abfloods #abflood #albertaflooding #Alberta",LABEL_1,0.9999138116836548,"['Alberta', None, 'bearberry,']",,
Beautiful morning in #Banff no more rain #abflood #banfftown http://t.co/aKEXysC5Qy,LABEL_1,0.9999191761016846,"['Alberta', None, 'Banff']",,
Text REDCROSS to 30333 if you are with @TELUS to donate to #abflood recovery. Needed in days & weeks ahead.,LABEL_1,0.9999165534973145,"['Alberta', None, None]",,
"while #medhat prepares for the impending, #Sask officials are keeping a very close eye on the situation and making preparations #Abflood",LABEL_1,0.9999189376831056,"['Alberta', None, None]",,
RT @bpincott: Good morning. Here is the latest update on the #yycflood from 4:15 this morning. http://t.co/baeX9c3lx9 #yyc #yyccc,LABEL_1,0.9999158382415771,"[None, 'Calgary', None]",,
First #yoga class today was a major success. Now THIS is life slowed down. @BreatheHotYoga #yycfloods,LABEL_1,0.9999008178710938,"[None, None, None]",,
Feeling for the @justimaginet folks affected by #ABFlood #yycflood I can't imagine the magnitude of the disaster.  Pics can't tell the story,LABEL_1,0.9999158382415771,"['Alberta', 'Calgary', None]",,
RT @WilliamShatner: My thoughts and prayers are with the flood victims in Calgary. MBB,LABEL_1,0.9999148845672609,"[None, 'Calgary', None]",,
At least two dead after floods hit vast area of western Canada http://t.co/44tKHXel8R  via @NBCNewsWorld,LABEL_1,0.9999178647994996,"[None, None, 'Canada']",,
Redford announces an initial $1 billion for flood-ravaged southern Alberta http://t.co/YNRmGW8a9j via @edmontonjournal,LABEL_1,0.9999150037765504,"[None, None, 'southern Alberta']",,
"@FillWerrell and a good portion of alberta is underwater, but it's not like that's important, right?  #abflood",LABEL_1,0.9999185800552368,"['Alberta', None, None]",,
"RT @_robin_sharma: I'm in Mexico City but my thoughts + prayers are with everyone in Calgary, Canada experiencing the flooding. #ABflood",LABEL_1,0.9999146461486816,"['Alberta', None, 'Canada']",,
RT @redcrosscanada: Red Cross accepting financial donations to assist people affected by flooding in Alberta: http://t.co/Xd9mbM2uj8  #abfl…,LABEL_1,0.9999172687530518,"['Alberta', None, None]",,
RT @CBCCalgary: Reports that the food court at Chinook Mall closed -- and turned into a police command centre.  #yyc #abflood # http://t.co…,LABEL_1,0.999918818473816,"['Alberta', 'Calgary', 'Chinook Mall']",,
RT @RMComedy: THANK YOU CALGARY: we raised $1350 tonight for Treaty #7 Flood Relief Efforts! I had an incredible time! Thanks to everyone t…,LABEL_1,0.9999164342880248,"[None, None, None]",,
RT @Mookalicious: You guys= Angels!! MT “@anniestads: @Mookalicious on our way to bring the sandwiches to southland.  #yychelps #yycflood”,LABEL_1,0.9998254179954528,"[None, 'Calgary', 'southland']",,
you jackasses crossing the police lines to get closer to the river are going to get what you deserve.  #YYCFlood #idiots,LABEL_1,0.9998553991317748,"[None, 'Calgary', None]",,
"RT @KellyCryderman: A home in Bowness: there's going to be a lot more of these, some to be torn down #yyc #yycflood #bowness http://t.co/oj…",LABEL_1,0.999919056892395,"[None, 'Calgary', 'Bowness']",,
RT @japan_johnny: Still waiting on @Greenpeace to donate anything to #abflood,LABEL_1,0.9999165534973145,"['Alberta', None, None]",,
"“@GlobalEdmonton: Calgary mayor says 65,000 evacuees allowed to return home http://t.co/ze6ayk0Ovy #abflood #yycflood #yyc”",LABEL_1,0.9999173879623412,"['Alberta', 'Calgary', None]",,
"RT @manmeetsbhullar: Replacement driver’s licences, ID and birth certificates available at no cost for Albertans affected by #abflood http:…",LABEL_1,0.9999185800552368,"['Alberta', None, None]",,
At least three dead as Canada floods force large-scale Calgary evacuation http://t.co/kBgS2rb1vd,LABEL_1,0.9999160766601562,"[None, 'Calgary', 'Canada']",,
RT @cityofcalgary: Loads of combined mud and garbage can still proceed to a City landfill. #yycflood #yyc,LABEL_1,0.9999163150787354,"[None, 'Calgary', 'City']",,
RT @weathernetwork: Kananaskis Country Public Safety Section shared this incredible aerial photo of the #abflood damage in #Canmore: http:/…,LABEL_1,0.999919295310974,"['Alberta', None, 'Canmore']",,
RT @brycemorland: To my Alberta cattle friends I have pasture in WC Sask for use if you need to pasture cattle out of the flood zone. Rent …,LABEL_1,0.9999186992645264,"[None, None, 'WC Sask']",,
RT @Mookalicious: This pic of an awesome firefighter in Mission needs to go viral.  Please share! #abflood http://t.co/H1YF3RhJZs,LABEL_1,0.999918818473816,"['Alberta', None, 'Mission']",,
RT @OilGasCanada: Energy giant ConocoPhillips steps up with $1 million donation for Calgary flood recovery http://t.co/BHKWBnHezw #abflood,LABEL_1,0.9999167919158936,"['Alberta', 'Calgary', None]",,
RT @CommonwealthYYC: Tonight #YYCHipHop comes together to raise money for the #abflood. $10 donation at the door with all… http://t.co/Ab94…,LABEL_1,0.999918818473816,"['Alberta', None, None]",,
RT @NatStechyson: The fight to save a town. 'We were within an hour of losing all of it.'  http://t.co/1ygl9zqbZj #chlive #abflood #yyc #yy…,LABEL_1,0.9999189376831056,"['Alberta', 'Calgary', None]",,
RT @TD_Canada: TD has announced an assistance program to help Alberta customers affected by the floods. Details here: http://t.co/hz36UO37J…,LABEL_1,0.9999170303344728,"['Alberta', None, None]",,
RT @UCalgary: We look forward to seeing everyone back on #UCalgary's 4 campuses when they re-open on Wed. http://t.co/YiRWkVTyJf #yycflood,LABEL_1,0.999919295310974,"[None, 'Calgary', ""UCalgary's 4 campuses""]",,
RT @KelseyMooreYYC: Eerie pic from inside the Saddledome. So hard to believe what's happened. #yyc #yycflood #abflood http://t.co/AqsX1RnHXs,LABEL_1,0.9999184608459472,"['Alberta', 'Calgary', 'the Saddledome']",,
"Calgary flooding forces 75,000 from homes: CALGARY, Alberta (AP) — Flooding forced the western Canadian ... http://t.co/mgIg5SiFR4 #Word",LABEL_1,0.9999161958694458,"[None, 'Calgary', 'western Canadian']",,
RT @MetroFletch: One advantage of being out late covering #yycflood was catching this Super Moon photo opportunity. http://t.co/mQdZchgWRl,LABEL_1,0.9998846054077148,"[None, 'Calgary', None]",,
RT @Scottcbakken: The city of #Calgary is displaying incredible generosity in this time of need! #calgarystrong #yycfloods #lovethyneighbour,LABEL_1,0.9999178647994996,"[None, 'Calgary', None]",,
"Good to hear. @karensnider “@AP: Flooding rivers in Canadian city of Calgary recede, some evacuees allowed home: http://t.co/5Q72QEb1y3",LABEL_1,0.9999164342880248,"[None, 'Calgary', 'Canadian city of']",,
Calgary Flooding Could Prompt Mass Evacuations: http://t.co/JDwhf9boV8 via @youtube,LABEL_1,0.99991774559021,"[None, 'Calgary', None]",,
Situation in Inglewood with bank erosion is improving. Some of the road lost. #yycflood #abflood,LABEL_1,0.9999141693115234,"['Alberta', 'Calgary', 'Inglewood']",,
RT @CBCNews: PHOTOS: Hundreds of Siksika First Nation homes lost to flood   http://t.co/NI52xT9pSx Pics by @johnrieti #abflood #ChicagoBrid…,LABEL_1,0.9999185800552368,"['Alberta', None, 'ChicagoBrid']",,
RT @RedCrossAB: #yycflood #abflood - The Red Cross Flood Recovery Guide: http://t.co/1Vg8uqGDmB . Please share and retweet!,LABEL_1,0.9999183416366576,"['Alberta', 'Calgary', None]",,
RT @redcrosscanada: Red Cross accepting financial donations to assist people affected by flooding in Alberta: http://t.co/Xd9mbM2uj8 #abflo…,LABEL_1,0.9999172687530518,"['Alberta', None, None]",,
RT @rcdvictoria: Continued prayers for Calgary flooding @calgarydiocese we are standing in the gap for you ... God keep you all safe in His…,LABEL_1,0.9999169111251832,"[None, 'Calgary', None]",,
RT @AENV_SRD ESRD's #abflood hazard map is a good source of info for those checking to see if a rec area is impacted: http://t.co/P4TLp21ck1,LABEL_1,0.9999183416366576,"['Alberta', None, None]",,
Prayers for emerg crews trying to keep hospital open. #abflood #canmore http://t.co/hBiLaWhgvf,LABEL_1,0.9999182224273682,"['Alberta', None, 'canmore']",,
RT @KooL1015Calgary: .@nenshi let's make Canada Day the 1st day citizens return to downtown #yycflood - What a Great Idea!!!,LABEL_1,0.9999159574508668,"[None, 'Calgary', None]",,
. @BlueJays fans @greggzaun raising money for the flood victims in Calgary today at the Blackberry Broadcast Studio. Section 134 #JaysNation,LABEL_1,0.9999167919158936,"[None, 'Calgary', None]",,
RT @HuffPostAlberta: Downtown Calgary might be without power for a while...a long while  http://t.co/Fg2fEL6PPT #yycflood,LABEL_1,0.9999191761016846,"[None, 'Calgary', 'Downtown Calgary']",,
Yes sir. Did you get my email?  RT @agulamhussein: We put on for our city. #yyc #yycflood,LABEL_1,0.9998897314071656,"[None, 'Calgary', None]",,
#yycfloods #abfloods even though I don't live in Calgary anymore this is still sad & affects a lot of people I know! http://t.co/qQOGzWzzzp,LABEL_1,0.999916672706604,"[None, 'Calgary', None]",,
2013 Alberta floods crisis map from Google - http://t.co/IS2GnRZuxZ,LABEL_1,0.999914288520813,"['Alberta', None, None]",,
"RT @MetroFletch: If you lose five days of wages, you are eligible for Employment Insurance, @nenshi notes. #yycflood #abflood",LABEL_1,0.9999173879623412,"['Alberta', 'Calgary', None]",,
Calgary Stampede says events cancelled or moved due to Saddledome flooding: CALGARY -- Calgary Stampede organi... http://t.co/JeIPwt3SX6,LABEL_1,0.9999191761016846,"[None, 'Calgary', 'Saddledome']",,
To all those yahoos in the bus only lanes on MacLeod Trail I am going to try and be polite. #GTFO @calgarytransit  #yycflood,LABEL_1,0.9999103546142578,"[None, 'Calgary', 'MacLeod Trail']",,
RT @ampcalgary: Who else needs to see a pic like this today? :) #calgarystrong #yycflood http://t.co/L0jlYNajWs,LABEL_1,0.999894380569458,"[None, 'Calgary', None]",,
"100,000+ evacuated. Only 1500 at evac shelters. Everyone else taken in by friends, family, strangers. You make me proud, #yyc. #yycflood",LABEL_1,0.9999183416366576,"[None, 'Calgary', 'yyc']",,
Terrific hearing Nenshi's accolades for civic workers' relentless efforts for the flood victims #cdnpoli @napnenshi,LABEL_1,0.9999130964279176,"[None, None, None]",,
RT @ajproc: RT @YYCFlood: AWESOME: London Drugs has free cell phone charging stations at customer service for #yycflood victims!! #yyc #yyc…,LABEL_1,0.9999191761016846,"[None, 'Calgary', None]",,
No milk either. Brace yourselves people #abflood http://t.co/3E3MUFN7uu,LABEL_1,0.9999181032180786,"['Alberta', None, None]",,
RT @Robbie_BW: Dear @Premier Redford. Thanks for your leadership during #YYCFlood. @Robbie_BW @YYC_counselling,LABEL_1,0.9998937845230104,"[None, 'Calgary', None]",,
RT @mitchrokosh: Guy at work bought 4 brand new pumps and dropped them off at the city. #wow #yychero #yycflood @nenshi,LABEL_1,0.9996843338012696,"[None, 'Calgary', 'city']",,
RT @cjocfm: Better Business Bureau Warns of Possible Flood Relief Scams #YQL #abflood http://t.co/t6jGY5DRXT,LABEL_1,0.999919056892395,"['Alberta', None, None]",,
RT @aldjohnmar: And my Constituents in Elbow Park please check in at 800 34th Ave SW at your re-entry station. #yyc #yyccc #yycflood,LABEL_1,0.99991774559021,"[None, 'Calgary', '800 34th Ave SW']",,
Public Relations Calgary State of Emergency! #soe #pr #calgary #alberta #flood #floodcalgary #stampede… http://t.co/KNrK3yivKb,LABEL_1,0.9999186992645264,"['Alberta', 'Calgary', None]",,
Please pass on our best wishes to the Lieutenant-Governor and Premier of Alberta and to the brave emergency services and... #ABFlood,LABEL_1,0.9999179840087892,"['Alberta', None, None]",,
RT @lubeyisms: I would just like to say thank goodness for social media in times like this! #yycflood #spreadwordforhelpfaster,LABEL_1,0.9999176263809204,"[None, 'Calgary', None]",,
"RT @UnitedNurses: For updates about how the #abflood is impacting hospitals & health care facilities, visit: http://t.co/Hz4FgIbZ3N  #abhea…",LABEL_1,0.99991774559021,"['Alberta', None, 'health']",,
RT @Sallisani: #yycflood #yyc Siksika Nation needs bottled water for the evacuated people. Please phone 403-734-3999 Siksika Disaster Comma…,LABEL_1,0.9999169111251832,"[None, 'Calgary', None]",,
Thoughts go out to everyone effected by the flooding in Alberta. Stay safe &lt;3,LABEL_1,0.9999151229858398,"['Alberta', None, None]",,
"RT @Dogwood30: While Nenshi ?@nenshi  LEADS, the PM parades in CF flack jacket to look Presidential?  #cdnpoli #abflood http://t.co/bOGLSg7…",LABEL_1,0.9996514320373536,"['Alberta', None, None]",,
RT @CoopWineSpirits: Pls RT this full list of companies that are offering to help with #yycflood clean up http://t.co/DJWJNGGdTt,LABEL_1,0.999915599822998,"[None, 'Calgary', None]",,
Calgary and area really taking a  beating with flooding....remembering Calgary Expo and how awesome it was.......sad,LABEL_1,0.9999169111251832,"[None, 'Calgary', None]",,
RT @AGroenwold: @colinmochrie can you spread the word for widespread flooding and need for assistance in southern Alberta. http://t.co/3gtE…,LABEL_1,0.9999171495437622,"[None, None, 'southern Alberta']",,
RT @SettlerColonial: White people are in trouble? Time to call the army. Natives are in trouble? Time to call the auditors. #abflood #cdnpo…,LABEL_1,0.9998949766159058,"['Alberta', None, None]",,
"Taking a break from the news in #yycfloods to watch the @BlueJays , lets go Jays, do it for #yycstrong so proud of my city tonight. #Calgary",LABEL_1,0.9999008178710938,"[None, 'Calgary', None]",,
QT “@CTVLethbridge: Alberta highway conditions and road closures due to flooding: http://t.co/UonJ2fz65H #yyc @CTVNews”,LABEL_1,0.9999181032180786,"['Alberta', 'Calgary', None]",,
RT @C95: Good news! The water is receding and C-Train rides will be a lot more fun now. #YYCflood  http://t.co/V60RWwArsz,LABEL_1,0.9999126195907592,"[None, 'Calgary', None]",,
"Picked up the first load, off to the dump! Probably can get 1 more in today. DM if you have space and need help! #abflood",LABEL_1,0.9999046325683594,"['Alberta', None, None]",,
Motor Dealers Association of Alberta Fact Sheet on Flood Damaged Vehicles - Excellent resource for the coming... http://t.co/BzY1AVlhKk,LABEL_1,0.9999171495437622,"[None, None, None]",,
RT @Cmdr_Hadfield: Floods are an unbridled misery. My heartfelt thoughts and wishes for a swift recovery to those battling the Alberta high…,LABEL_1,0.9999182224273682,"['Alberta', None, None]",,
RT @CWardPhoto: Zoo officials say there is a chance they may lose the giraffe in days to come. #yycflood #abflood,LABEL_1,0.9999167919158936,"['Alberta', 'Calgary', None]",,
RT @TrulyRedDeer: RCMP called in to ensure safety of residents around Red Deer River http://t.co/JTVak9jSWY  #RedDeer #abflood,LABEL_1,0.9999186992645264,"['Alberta', None, 'Red Deer River']",,
What lies ahead for Calgary? http://t.co/zpI8AcPSTD #yycflood #abflood,LABEL_1,0.9999170303344728,"['Alberta', 'Calgary', None]",,
We have important electricity safety information for #HighRiver residents returning to their homes: http://t.co/OTDUN9vxPy #abflood,LABEL_1,0.9999171495437622,"['Alberta', None, None]",,
RT @IamCandiceRyan: That is horrible!!! RT @rap_unzel: Taking advantage of #yycflood http://t.co/V5F7lLCDks,LABEL_1,0.9998432397842408,"[None, 'Calgary', None]",,
Canada floods: Three killed as waters threaten Calgary - BBC News http://t.co/2ZUijzJ7WJ,LABEL_1,0.9999158382415771,"[None, 'Calgary', 'Canada']",,
RT @CstShaw: Either way it's a 4x4! Best job in the world! #yycflood #yyc Photo credit: @chefmnoble http://t.co/dRdyHY2cai,LABEL_1,0.9994680285453796,"[None, 'Calgary', None]",,
"RT @metrocalgary: If you see price gouging during #yycfloods, let us know,  and we'll send @metro_nolais after them. #yycgreedy #abfloods",LABEL_1,0.9999161958694458,"[None, None, None]",,
@GrahamDeLaet Congrats on the share of the lead keep sinking those birds! #ABFloods #yycfloods,LABEL_1,0.9998664855957032,"[None, None, None]",,
RT @crisfran: Humane society says it can't take in any more surrendered animals...it is overwhelmed. #abflood # #yyc,LABEL_1,0.9999111890792848,"['Alberta', 'Calgary', None]",,
Just to give you an idea of how much one household has lost. #yycflood http://t.co/md9OH99NuG,LABEL_1,0.9999146461486816,"[None, 'Calgary', None]",,
RT @EdmontonOilers: Our thoughts & prayers are with all those affected by #abflood #yycflood including our extended hockey family with the …,LABEL_1,0.9999183416366576,"['Alberta', 'Calgary', None]",,
RT @pdacosta: Floods in Canada: Cars float in water covering a downtown street in Calgary http://t.co/zQexBWJ5y7,LABEL_1,0.9999171495437622,"[None, 'Calgary', 'Canada']",,
RT @newswatchcanada: #Albertans on high ground reach out on internet to flooded-out brethren to offer emergency accommodations\#ABflood\\ht…,LABEL_1,0.9999182224273682,"['Alberta', None, None]",,
"Come by gallery, main lvl to get your @floodshirts then go to @tastecalgary for a Floody McNenshi http://t.co/gxwmK2bn0W #yycflood",LABEL_1,0.9999136924743652,"[None, 'Calgary', 'gallery']",,
"I sincerly hope that the people emptying water from the shelves aren't those who are safe at home, with good drinking water. #yycflood #yyc",LABEL_1,0.999919295310974,"[None, 'Calgary', None]",,
It is so awesome to see West Jet helping out and donating. Much &lt;3 @karensnider @WestJet #abflood,LABEL_1,0.9999152421951294,"['Alberta', None, None]",,
RT @slavkornik: Calgary Zoo announces animal deaths after flooding. #yycflood #ABflood http://t.co/ykIyKaYQs9,LABEL_1,0.9999167919158936,"['Alberta', 'Calgary', 'Calgary Zoo']",,
@tatianacheladyn stay safe!! Thinking about you and everyone in the #abflood,LABEL_1,0.9999175071716307,"['Alberta', None, None]",,
RT @CalgaryPolice: .@CraigMcCormick1 Interested in making a donation to #yycflood? Call Red Cross 1-800-418-1111 or at redcross.ca .,LABEL_1,0.9999169111251832,"[None, 'Calgary', None]",,
RT @TheGolfCanada: Clean-up is underway at our Calgary Centre. Thanks to all helping today! #yycflood #yychelps http://t.co/ayhWcSvzJM,LABEL_1,0.999919295310974,"[None, 'Calgary', 'Calgary Centre']",,
RT @DruhFarrell: Peak flow of Bow River: 1700 cubic meters per second. Niagara Falls: 1834 cubic meters per second.  #yycflood,LABEL_1,0.9999186992645264,"[None, 'Calgary', 'Niagara Falls']",,
Media update on #abflood from AEMA officials http://t.co/pEU4grsqsi,LABEL_1,0.99991774559021,"['Alberta', None, None]",,
"Flooding of #TCH eastbound just west of Lac des Arcs (9 pm, June 22) #Canmore #abflood http://t.co/PZ6inv0mQz",LABEL_1,0.999908685684204,"['Alberta', None, 'Canmore']",,
"@CalgaryPolice Thank you & all officers. You guys & gals are the true heroes! Along w/ city workers, fire, EMS. #yycflood",LABEL_1,0.999919056892395,"[None, 'Calgary', None]",,
"@WilliamShatner please RT. please help out flood victims in Alberta,  Canada  by donating to the redcross by texting abhelp to 4664. thx",LABEL_1,0.9999151229858398,"['Alberta', None, 'Canada']",,
LOOK: These Calgary Stampede flood t-shirts are destined to be a classic http://t.co/9ASwvfmjeX via @huffpostalberta,LABEL_1,0.9999160766601562,"[None, None, None]",,
Alberta flood disaster brings out best in Canada’s leaders http://t.co/Fjvd2GYoGz,LABEL_1,0.9999154806137084,"['Alberta', None, 'Canada']",,
Photo Stephan Avenue on Saturday after flood -2 #500px #yyc #yycflood #photography http://t.co/PUZz5ujDXT,LABEL_1,0.9999085664749146,"[None, 'Calgary', 'Stephan Avenue']",,
Where would we be without hope? http://t.co/EHgtSTs5ka  #yycflood,LABEL_1,0.9998366832733154,"[None, 'Calgary', None]",,
"RT @kenneyjason: If you want to volunteer to help with #YYCflood cleanup, check-out this site: http://t.co/dh1OwYVZfU",LABEL_1,0.9999176263809204,"[None, 'Calgary', None]",,
RT @Barbi_Twins: Offers/info for pet care from Calgary floods! Pls share! ) #yycflood... http://t.co/YOcA25DE2O,LABEL_1,0.9999182224273682,"[None, 'Calgary', None]",,
Public Schools (CBE & Catholic) will be CLOSED on Monday. #yycflood Pls RT,LABEL_1,0.9999191761016846,"[None, 'Calgary', None]",,
RT @Lady_Jeanne: @660News Would also like to mention the unsung heroes of the #yycflood. All the employees of the City of Calgary who worke…,LABEL_1,0.99991774559021,"[None, 'Calgary', None]",,
RT @EricFrancis: Flames prez Ken King just left the Dome and debunks report the Jumbotron was on the ground b4 the flooding. #yycflood,LABEL_1,0.9999125003814696,"[None, 'Calgary', 'Dome']",,
“@leane1977: Please pray for us @Teresa_Giudice we are submerged in the floods here in Calgary Alberta total devastation”\\WTF?!,LABEL_1,0.9999151229858398,"[None, None, 'Calgary Alberta']",,
RT @VassyKapelos: Official picture of #yeg firefighters right before they leave #abflood http://t.co/bOGjIiiJJI,LABEL_1,0.9999186992645264,"['Alberta', 'Edmonton', None]",,
Really wish we were still on Calgary to help our brothers & sisters in #Morley & #Siksika. #ABflood #allconnected,LABEL_1,0.9999182224273682,"['Alberta', 'Calgary', 'Siksika']",,
I may not be able to get into my apartment for three months. Fuck me. #yycflood,LABEL_1,0.999893069267273,"[None, 'Calgary', None]",,
RT @jillbelland: Sweet Tshirts! The @calgarystampede now selling Hell of High Water Tees for #ABflood relief efforts http://t.co/w0VQrGhn…,LABEL_1,0.9999184608459472,"['Alberta', None, None]",,
Calgary Mayor: “We are certainly still in a state of emergency... Our number one priority is people’s safety.” #abflood,LABEL_1,0.9999182224273682,"['Alberta', None, None]",,
Alberta Canada Flood Relief - Teachers Helping Teachers!  Please Join the Relief Effort! http://t.co/IYfP4OqkTB,LABEL_1,0.9999163150787354,"[None, None, 'Alberta Canada']",,
"@hunnieb00 I honestly didnt know there were bodies of water in Calgary that could ever cause this flood. If it were van, that'd be fucked",LABEL_1,0.9999172687530518,"[None, 'Calgary', None]",,
"RT @tvchick13: Roads UPDATE: Hwy #1 and Hwy 93 remain closed through Banff, Yoho and Kootenay national parks #YYC #ABflood",LABEL_1,0.999918818473816,"['Alberta', 'Calgary', 'Kootenay national parks']",,
RELEASE: Premier announces immediate action to support rebuilding Alberta http://t.co/gZ323X1ed5 #abflood,LABEL_1,0.9999181032180786,"['Alberta', None, None]",,
Good morning #Calgary! Things are a bit less damp and a bit more open today http://t.co/MbTnpZhehz #abflood,LABEL_1,0.9999189376831056,"['Alberta', 'Calgary', None]",,
"What I love about sports, can get away from the outside world for a few hours, a classic GM 5 despite the #abflood hope lots are watching",LABEL_1,0.9998766183853148,"['Alberta', None, None]",,
.@nenshi reminds employees that anyone who has lost 5 days of wages is eligible for EI: http://t.co/6IfH6o7v10 #yycflood #abflood,LABEL_1,0.999918818473816,"['Alberta', 'Calgary', None]",,
RT @CBCCalgary: Good morning! #YYC  Daybreak Alberta is on the air with updates and information regarding #abflood. Listen CBC Radio One 99…,LABEL_1,0.9999191761016846,"['Alberta', 'Calgary', None]",,
"RT @BBCWorld: It just got bigger & bigger - I watched a shed go by - 100,000 people flee heavy flooding in western Canada   http://t.co/1…",LABEL_1,0.9999170303344728,"[None, None, 'western Canada']",,
RT @CalgaryPolice: Aerial photo of flooding at the Calgary Stampede Grandstand. #yycflood http://t.co/mcxO9RekKQ,LABEL_1,0.999918818473816,"[None, 'Calgary', None]",,
"RT @InglewoodYYC: RT @dinnerwithjulie: Crews still working hard to stabilize the last block of houses in 8 Ave, @InglewoodYYC #yycflood htt…",LABEL_1,0.9999191761016846,"[None, 'Calgary', '8 Ave']",,
RT @AllegedlyOld: @nenshi  do you still recommend  we shower with a friend or someone with potential? #yycflood,LABEL_1,0.9998718500137328,"[None, 'Calgary', None]",,
@SheilaColesCBC Do we need to change flood insurance in Canada? Climate change insurance expert on @BlueSkyCBC at 12:30pm.,LABEL_1,0.999850869178772,"[None, None, 'Canada']",,
RT @Courtney_Emm: Taking donations for #Siksika tomorrow morn. Pls contact me if you can contribute #abflood #yycflood,LABEL_1,0.9999189376831056,"['Alberta', 'Calgary', 'Siksika']",,
"RT @WestJet: Thank you to @redcrosscanada for leading #abflood relief efforts. We'd like to offer a donation of $25,000 to assist your work.",LABEL_1,0.9999179840087892,"['Alberta', None, None]",,
RT @ampcalgary: Who else needs to see a pic like this today? :) #calgarystrong #yycflood http://t.co/L0jlYNajWs,LABEL_1,0.999894380569458,"[None, 'Calgary', None]",,
RT @ktateson: Calgary Footy ?@YYCKookaburras\RT @Mookalicious Today we are in Elbow Park and Roxboro communities with our crew #yycflood #a…,LABEL_1,0.999903917312622,"[None, 'Calgary', 'Roxboro communities']",,
"RT @ctccct: Our thoughts remain with our friends, partners and citizens in Southern Alberta, as they continue to deal with the flood. Be sa…",LABEL_1,0.999915361404419,"[None, None, 'Southern Alberta']",,
RT @yourfrontstep: Queensland Liquor charging $20 for ice during #yycflood. What NOT to do as a business. Yuck. #abflood http://t.co/n3Lppq…,LABEL_1,0.9999171495437622,"['Alberta', 'Calgary', None]",,
RT @Terrilltf: “We are still in crisis mode and will be for possibly the next 48 hours: #Siksika Chief Fred Rabbit Carrier #abflood via @c…,LABEL_1,0.9999185800552368,"['Alberta', None, None]",,
Alberta=tar sands=climate change denial=floods=karma? What are the odds? #albertaflooding,LABEL_1,0.9999183416366576,"['Alberta', None, None]",,
Hello everyone!\ \No doubt you have heard about the catastrophic flooding in southern Alberta.  One of the... http://t.co/pkM2rwvHg6,LABEL_1,0.9999172687530518,"[None, None, 'southern Alberta']",,
RT @GillianFHarris: It's one thing seeing pictures of all the water.. But actually seeing it it fucking crazy. It's unreal. #ABflood #yycfl…,LABEL_1,0.9999163150787354,"['Alberta', None, None]",,
"RT @Metro_Nolais: Mail service being restored today in Okotoks, Banff and Black Diamond but not in hardest hit areas #abflood",LABEL_1,0.9999195337295532,"['Alberta', None, 'Black Diamond']",,
RT @MattX929: Saddledome filled about 9 rows up! Whoever got that pic- wow #yycflood http://t.co/CtThkmUc0Y,LABEL_1,0.9999160766601562,"[None, 'Calgary', 'Saddledome']",,
“@redcrosscanada: We are accepting financial donations to assist people affected by flooding in Alberta: http://t.co/dLSMiAed3Q #abflood”,LABEL_1,0.9999164342880248,"['Alberta', None, None]",,
Amazing video for an amazing city. For Our Tomorrow - Calgary Flood 2013 #yycflood #yyc  http://t.co/WBry5mxBjV,LABEL_1,0.9999176263809204,"[None, 'Calgary', None]",,
RT @ABPremierComms: Calgary residents with flood damage can start applying for funding Tuesday #yyc #yycflood #abflood http://t.co/ocQXBTn0…,LABEL_1,0.9999171495437622,"['Alberta', 'Calgary', None]",,
Not the prime week to honeymoon near Calgary...happy floodymoon! #abflood #yycflood,LABEL_1,0.9999171495437622,"['Alberta', 'Calgary', None]",,
@TheBrokenBrewer Have a question for guys when time permits. @nenshi @Premier_Redford @pmharper . Thanks for all #yycflood efforts so far.,LABEL_1,0.999863862991333,"[None, 'Calgary', None]",,
"Are you a Bluenoser living in Calgary or parts of Alberta affected by flooding? Hoping you're safe and might be willing to chat. DM me, pls.",LABEL_1,0.9999185800552368,"['Alberta', 'Calgary', None]",,
Train carrying petroleum product sinking into Calgary’s Bow River as bridge fails. http://t.co/gGHJYYxESM #abflood,LABEL_1,0.9999178647994996,"['Alberta', None, 'Bow River']",,
"RT @BikeBikeYYC: Edworthy bridge is closed and the park is a muddy mess, stay away till the mud is dry. #yycbike #yycflood http://t.co/IWOc…",LABEL_1,0.999919056892395,"[None, 'Calgary', 'Edworthy bridge']",,
RT @calgaryherald: Federal Conservatives postpone Calgary convention due to flooding http://t.co/1BvfZ3eI4t #yyc,LABEL_1,0.9999090433120728,"[None, 'Calgary', None]",,
RT @CanRevAgency: Taxpayer relief measures available to Canadians affected by #flooding in Alberta http://t.co/WbnHFMGKao #CRAtax #yycflood,LABEL_1,0.9999169111251832,"['Alberta', 'Calgary', None]",,
"RT @Metro_Nolais: If water in basement above any electrical outlet, leave immediately #yycflood",LABEL_1,0.9999191761016846,"[None, 'Calgary', None]",,
"RT @DruhFarrell: Tom Clark from @GlobalCalgary If you want your faith in humanity, just come out to Alberta. #yycflood",LABEL_1,0.9999164342880248,"['Alberta', 'Calgary', None]",,
To all our customers - we're still available to help - email is the best way to communicate with us - http://t.co/zgcrqK8ZjX #yycflood,LABEL_1,0.999914050102234,"[None, 'Calgary', None]",,
#CapeBreton - Atlantic Canadians aiding in Alberta flood relief effort: SYDNEY – Most Canadian Red Cross... http://t.co/pdO9g3YCcz,LABEL_1,0.9999182224273682,"['Alberta', None, 'SYDNEY']",,
Recurrent sinkholes will likely be seen for months in DT and Beltline #yycflood,LABEL_1,0.9999186992645264,"[None, 'Calgary', 'Beltline']",,
RT @VolunteerCal: .@cityofcalgary is providing an update on #yycflood this morning at 8:00 AM at the EOC - catch it LIVE on @GlobalCalgary.,LABEL_1,0.999919056892395,"[None, 'Calgary', 'EOC']",,
@IronMaiden Can I get a RT for all those affected by the floods in Southern Alberta Canada,LABEL_1,0.9999154806137084,"[None, None, 'Southern Alberta Canada']",,
RT @CTVCalgary: Canada Post say mail forwarding to those affected by flood will be free for a year. Info:http://t.co/3VuItnJMNo.,LABEL_1,0.9999173879623412,"[None, None, None]",,
"RT @calgaryherald: Highway 93 North, from Banff to Jasper is now open, says Parks Canada #yyc #yycflood",LABEL_1,0.9999126195907592,"[None, 'Calgary', 'Jasper']",,
"Calgary has TONS heroes re:flood. Constantly hear Need volunteers then 10s later, GOT 2Many! @therock would be proud, I'm sure. #yyc",LABEL_1,0.9999181032180786,"[None, 'Calgary', None]",,
The @RedCross has some great tips for recovering from a #flood here: http://t.co/FQiKsQLl39 \#yycflood #alberta #calgary,LABEL_1,0.999919056892395,"['Alberta', 'Calgary', None]",,
RT @jdetmold: #yycflood #abflood Reinforcements passing through to High River. Thanks to all who are helping! @canadianarmy http://t.co/7yk…,LABEL_1,0.9999169111251832,"['Alberta', 'Calgary', 'High River']",,
"@lapatches @ApoloOhno.  Here in Calgary, it is such a relief to have clear skies - we need it! #yycflood",LABEL_1,0.9999182224273682,"[None, 'Calgary', None]",,
RT @KlutzyGirlie: @BarretHK11 Please rt?  You can help Red Cross Canada help the victims of the flooding in Alberta by texting REDCROSS or …,LABEL_1,0.9999184608459472,"['Alberta', None, None]",,
"RT @Mookalicious: If you want to know how you can be a HUGE help with flood relief, simply spend some money at Calgary stores that could re…",LABEL_1,0.9999169111251832,"[None, None, 'Calgary stores']",,
RT @SpaceRef: Space Station Camera Captures Flooding in Calgary http://t.co/1r2399lLZd #Calgary,LABEL_1,0.99991774559021,"[None, 'Calgary', None]",,
No one has any idea how resilient this city can be. We can make it through this no problem Calgary #yycflood #CalgaryComeback,LABEL_1,0.9999183416366576,"[None, 'Calgary', None]",,
#yycflood full extent of damage to lrt stations downtown unknown until the water recedes further,LABEL_1,0.9999164342880248,"[None, 'Calgary', 'downtown']",,
"RT @cityofcalgary: All Calgary Dams are operating as designed, there is NO risk of a dam breach. All Dams are safe and sound. #yyc #yycflood",LABEL_1,0.9999181032180786,"[None, 'Calgary', 'Calgary Dams']",,
"RT @jengerson: As hilarious as this is, most other cities would be dealing with looting. Calgary? Rogue canoes. #yycflood  http://t.co/uqXt…",LABEL_1,0.9999189376831056,"[None, 'Calgary', None]",,
Some very nice folks offering free bottled water on Maple Ave outside the fire station for anyone in need #abflood http://t.co/OMXeg2ds32,LABEL_1,0.9999165534973145,"['Alberta', None, 'fire station']",,
The @LooseMooser #moosefloodshow is underway for the second night in a row on Twitter. Enjoy the show! #yycarts #yycflood,LABEL_1,0.99982351064682,"[None, 'Calgary', None]",,
TY @dryheat115 I can't believe your not tweeting\Did you hear about flooding in Calgary,LABEL_1,0.999916672706604,"[None, 'Calgary', None]",,
A change of venue for the 4:30pm Thursday #yycflood briefing. Erlton Station and Macleod Trail--major progress! http://t.co/gf7StSvh8V,LABEL_1,0.9998387098312378,"[None, 'Calgary', 'Macleod Trail']",,
Many questions outstanding for #cprail about their actions during the flood crisis. #abflood,LABEL_1,0.999914526939392,"['Alberta', None, None]",,
"RT @MarinaGiacomin: @NotableCalgary Thank you again. Chef & staff, you helped us feel way better. #love #yycflood #humanitarian #compassion…",LABEL_1,0.9999178647994996,"[None, 'Calgary', None]",,
"RT @weathernetwork: The #yycflood: it could happen again, says @RobDavis_Wx: http://t.co/s8OBGsTphb",LABEL_1,0.9998993873596193,"[None, 'Calgary', None]",,
RT @YourAlberta: #HighRiver garbage update: Please separate fridges/freezers and hazardous materials from other household waste. #abflood,LABEL_1,0.9999173879623412,"['Alberta', None, 'HighRiver']",,
RT @peterhemminger: Alberta artists and arts organizations: CADA is working with AFA to do a flood impact assessment. Go to http://t.co/sVf…,LABEL_1,0.9999185800552368,"[None, None, None]",,
RT @AHS_SouthZone: Cleaning your house after a flood -- important info #abflood http://t.co/i0BxwDfR8B,LABEL_1,0.9999175071716307,"['Alberta', None, None]",,
RT @ImThatGentleman: My thoughts are with everyone in Alberta. Help with a donation.Alberta flood relief #yycflood http://t.co/JIxTicPz3q h…,LABEL_1,0.9999175071716307,"['Alberta', 'Calgary', None]",,
"RT @nationalpost: Water slowly receding from Calgary, flood threat moving toward Medicine Hat region http://t.co/qXQJgBZCeN",LABEL_1,0.9999163150787354,"[None, 'Calgary', 'Medicine Hat region']",,
This time of day you can really hear the water rushing by. Incredible. #mhflood,LABEL_1,0.999918818473816,"[None, None, None]",,
RT @CBCScott: LRT tunnels on south line still being pumped out. No timeline on restored service. #yyc #abflood #,LABEL_1,0.9999182224273682,"['Alberta', 'Calgary', 'south line']",,
A PSA my friend @chidstarangel did for #abflood .  Here's how you can help #abstrong http://t.co/nCtbZ1d4tC,LABEL_1,0.99991774559021,"['Alberta', None, None]",,
Great overview by REIN's Don Campbell The Alberta Flood Effect On Real Estate – Preliminary Analysis http://t.co/GluEl5PaZI via @@reincanada,LABEL_1,0.9999040365219116,"['Alberta', None, None]",,
“@CalgaryPolice: .@team_ddn Probably. Here is some information to follow when returning home: http://t.co/o4vXJkvbrG #yycflood #yyc”Recovery,LABEL_1,0.999915361404419,"[None, 'Calgary', None]",,
"Good morning peeps! I know I always say this, but now more than ever is it super important to shop local! Keep your $ in yyc! #yycflood",LABEL_1,0.9995489716529846,"[None, 'Calgary', 'yyc']",,
So proud! Our tiny school raised $1600 for flood relief. To be matched by company from our parent community #abflood #calgarystrong,LABEL_1,0.9999144077301024,"['Alberta', 'Calgary', None]",,
For people in ontario be prepared for your car insurance to go up because of the flooding and cars destroyed in Calgary,LABEL_1,0.9999175071716307,"['Ontario', 'Calgary', None]",,
RT @TownOfHighRiver: High River remains under a state of emergency and a mandatory evacuation alert. #highriver #abflood,LABEL_1,0.9999157190322876,"['Alberta', None, 'High River']",,
Statoil Canada and PTTEP Canada Limited donate $1 million to Calgary and area flood relief http://t.co/u3e67HZRdT,LABEL_1,0.9999163150787354,"[None, 'Calgary', None]",,
"Again, to learn more about how to match Graham or donate to #ABFlood relief, visit http://t.co/kvXtDILoRw",LABEL_1,0.9999136924743652,"['Alberta', None, None]",,
RT @AsbestosBusters: @nenshi please RT@ Asbestos Busters is offering their crew to flood victims in need of assistance for free #yycflood,LABEL_1,0.9999183416366576,"[None, 'Calgary', None]",,
RT @gccarra: Thanks @puppetflogger - this is heavy duty work for trained personnel. And they're on it. #yycflood,LABEL_1,0.9999099969863892,"[None, 'Calgary', None]",,
RT @CraigSavill: Spread the word....@WBrettWilson is donating $1.00 for every tweet or RT of hashtag #OMGP to max 50k for #yycflood,LABEL_1,0.9999164342880248,"[None, 'Calgary', None]",,
RT @BradenLatam: A strange sight for sure. MT @hpliszka: 1st time I've ever seen downtown without lights. #yycflood http://t.co/cezqfJUhk4 …,LABEL_1,0.9999133348464966,"[None, 'Calgary', 'downtown']",,
"RT @ShonnaTheWhite: Mayor Nenshi says that the Bow River has peaked, but is not declining yet. #yycflood Our levels depend on dam integrity…",LABEL_1,0.9999176263809204,"[None, 'Calgary', None]",,
Temporary housing planned in Calgary for High River flood evacuees | Calgary | News | Calgary Sun  http://t.co/IU0nFOv1x2 #yycflood,LABEL_1,0.999915599822998,"[None, 'Calgary', None]",,
[BVGAMING] Last of us ! Charity stream - All donations go Toward Alberta Flood 2013: http://t.co/XjszcwAzGF,LABEL_1,0.9999157190322876,"[None, None, None]",,
"Jason Kenney won't order insurance cos to treat policy holders fairly The Harper gvt dictates to workers, not corporations #abflood #cdnpoli",LABEL_1,0.9990031123161316,"['Alberta', None, None]",,
RT @blackestknight7: @EddieTrunk Hey Eddie can I get a retweet for those affected by the flood in Calgary Alberta please??? http://t.co/cHZ…,LABEL_1,0.9999154806137084,"[None, None, 'Calgary Alberta']",,
RT @Plan_Prep_Live: Photo of flooded Calgary Stampede grounds and grandstand from #abflood. http://t.co/UNtuA8IFe9,LABEL_1,0.999916672706604,"['Alberta', None, None]",,
"RT @Metro_Nolais: If water in basement above any electrical outlet, leave immediately #yycflood",LABEL_1,0.9999191761016846,"[None, 'Calgary', None]",,
#news Canada flood: A third person has died in the extensive flooding that has deluged entire… http://t.co/GRmpvRSqQ2,LABEL_1,0.99991774559021,"[None, None, 'Canada']",,
#yycGreedyBastards Price gouging in emergencies is ILLEGAL. Report it here: http://t.co/wjgjCmoPFR #abflood #yyc,LABEL_1,0.9999067783355712,"['Alberta', 'Calgary', None]",,
What remains after the destruction of the floods in Southern Alberta? 7AM we're live from #Calgary w @cityfrancis http://t.co/vsgMu9utwP,LABEL_1,0.9999165534973145,"[None, 'Calgary', 'Southern Alberta']",,
RT @AFreeMansLife: Downtown Calgary powerless until at least midweek http://t.co/s1bYY2YhuS Can anyone say Renewable Energy? #abflood #tars…,LABEL_1,0.9999189376831056,"['Alberta', None, 'Downtown Calgary']",,
Helping clean up #yycflood https://t.co/YtkL2ANhzH,LABEL_1,0.9999186992645264,"[None, 'Calgary', None]",,
Our thoughts going out to all the Alberta families who have been affected by the worst flood in decades. #yycflood #abflood #yyc,LABEL_1,0.999914288520813,"['Alberta', 'Calgary', None]",,
RT @CBCCalgary: No timeline for residents near Bow River returning home  #yyc #abflood http://t.co/fd0mkMFeIq,LABEL_1,0.99991774559021,"['Alberta', 'Calgary', 'Bow River']",,
RT @SarahFYasmin: Thank you @cgyfirefighters ! You are tirelessly helping Calgary during the flood. We are grateful. #yycflood,LABEL_1,0.9999163150787354,"[None, 'Calgary', None]",,
RT @CstShaw: Some #yyc neighborhoods are still evacuated but these fellas have been protecting #yycflood homes all weekend! http://t.co/ZGB…,LABEL_1,0.9999183416366576,"[None, 'Calgary', 'yyc']",,
"Thoughts with all my #yyc friends and family today, stay safe my loves",LABEL_1,0.9990799427032472,"[None, 'Calgary', None]",,
"Sorry, it's going to take a while to reach work, as there's no transit into the core--I hope those profits aren't hemorrhaging. #yycflood",LABEL_1,0.9999133348464966,"[None, 'Calgary', None]",,
FULL AUDIO: @Premier_Redford announces help for emotional/psychological consequences of #abflood https://t.co/DgcgQFeY3j #ableg,LABEL_1,0.9999179840087892,"['Alberta', None, None]",,
"RT @WestJet: Thank you to @redcrosscanada for leading #abflood relief efforts. We'd like to offer a donation of $25,000 to assist your work.",LABEL_1,0.9999179840087892,"['Alberta', None, None]",,
RT @GlobalCalgary: PHOTO: Employees from a show home in High River are rescued in a unique way. #abflood Courtesy of @Shmorrow http://t.co/…,LABEL_1,0.9999178647994996,"['Alberta', None, 'High River']",,
RT @CalgaryPolice: Here are some pictures from HAWCS showing extent of flooding in downtown #yyc #yycflood http://t.co/HWDaLsfxQH,LABEL_1,0.9999185800552368,"[None, 'Calgary', 'yyc']",,
Chopper two doors down! #abflood http://t.co/uCgXN62KN9,LABEL_1,0.9999163150787354,"['Alberta', None, None]",,
RT @Mookalicious: I am blown away by this. The Dome has pumped out every drop of water!!  #abflood! http://t.co/kbPUZbWzim,LABEL_1,0.9999191761016846,"['Alberta', None, None]",,
looking for volunteers to help demo a basement in sunny side. 931-4ast nw. #yycflood #yychelps,LABEL_1,0.9999183416366576,"[None, 'Calgary', 'sunny side']",,
RT @KooL1015Calgary: Don't forget to tune in tomorrow with @TarzanDan @NikiReitmayer @Wilde_One to get all the updates on the #yycflood!,LABEL_1,0.999915599822998,"[None, 'Calgary', None]",,
"RT @AnonNewsINT: Canada floods: Troops deployed to help with evacuation of 100,000 people (PHOTOS) http://t.co/l96fuzJDYd #RT #Worldnews",LABEL_1,0.999916672706604,"[None, None, 'Canada']",,
RT @beltline_pres: . River Cafe on Prince's Island . #yycflood . http://t.co/41RwEuvm8Z,LABEL_1,0.9999030828475952,"[None, 'Calgary', ""Prince's Island""]",,
RT @CalgaryGeorge: Important message: Calgary Emergency Women's Shelter needs groceries and supplies. Much lost in flood. West Canadian van…,LABEL_1,0.9999169111251832,"[None, None, None]",,
"Where this happens often, stop rebuilding and hoping the next year is better. You're setting yourself up for disaster. #yycflood",LABEL_1,0.9999078512191772,"[None, 'Calgary', None]",,
We are busy today but are able to come serve dinner! Let us know where we are needed :) #cleanup #yycflood,LABEL_1,0.9999128580093384,"[None, 'Calgary', None]",,
"RT @CBCBryan: Nenshi says the state of local emergency extended for another 7 days, through to July 4 #abflood #",LABEL_1,0.999918818473816,"['Alberta', None, None]",,
"Many here are upset with lack of media coverage. 'We had to BEG' for coverage, Chief says. #abflood",LABEL_1,0.9999159574508668,"['Alberta', None, None]",,
"Floods disrupt Calgary home sales - Calgary's housing market was one of the best in Canada, with an optimistic out... http://t.co/8yjrGB42RU",LABEL_1,0.9999181032180786,"[None, 'Calgary', 'Canada']",,
RT @DruhFarrell: Early lunch needed for volunteers at Crisis Cafe in Sunnyside 7Ave and 5th St NW. #yychelps #yycflood #yyc,LABEL_1,0.9999113082885742,"[None, 'Calgary', 'Sunnyside 7Ave and 5th St NW']",,
Deadly floods hit western Canada http://t.co/boq2S2jbZ4,LABEL_1,0.9999150037765504,"[None, None, 'western Canada']",,
RT @jannarden: The way Alberta has dealt with the recent horrific round of flooding(s)- is nothing short of F$&@ing amazing.. Proud to be #…,LABEL_1,0.9999176263809204,"['Alberta', None, None]",,
RT @CanadaBridges: Bridges ppl on route 2 #Morley & #Siksika this morning - will b updating all day! #abflood Tweet us ur needs! @StampedeI…,LABEL_1,0.9999123811721802,"['Alberta', None, 'Siksika']",,
@nenshi LIVE on #CBCNN right now giving update on #abflood. We are also LIVE on #Alberta local #CBC channel.,LABEL_1,0.9999191761016846,"['Alberta', None, None]",,
@stewartcummings is still in love following #yycflood http://t.co/XfXTkV8zew http://t.co/8n3wpjBc9a,LABEL_1,0.9997501969337464,"[None, 'Calgary', None]",,
RT @WeatherFarm: Order a Bad Scuba @nenshi Tshirt and help support Red Cross Alberta Flood Relief. The perfect gift! \@badportraits @cityof…,LABEL_1,0.9999169111251832,"['Alberta', None, None]",,
RT @CarrieTait: Heyo! The @globeandmail's Calgary office has power and is now accessible. Guess we have to get back to work. #abflood,LABEL_1,0.9999189376831056,"['Alberta', None, 'Calgary office']",,
RT @calgaryherald: Things are also bad on Tsuu T'ina land. Some residents had to be airlifted out. #yyc #yycflood,LABEL_1,0.9999194145202636,"[None, 'Calgary', ""Tsuu T'ina land""]",,
RT @carmes777: Volunteers needed to build berm West side #poppyplaza Pls bring shovels & wheel barrels. #yycflood @DruhFarrell,LABEL_1,0.9998929500579834,"[None, 'Calgary', 'poppyplaza']",,
Also the hot facecloth fairy - she calls herself that is amazing!!! The towels have eucalyptus in them and omg. #needdaily #YYCflood,LABEL_1,0.9985648989677428,"[None, 'Calgary', None]",,
The inside of the dome :(! So sad. Stay strong Calgary we can get through this #yycflood http://t.co/ztKeuZWAY6,LABEL_1,0.9999191761016846,"[None, 'Calgary', 'dome']",,
"RT @MizMelle: @CalgaryPolice says no official reports of looting has been reported, but witness should call 9-1-1 if witnessed. #yycflood #…",LABEL_1,0.999918818473816,"[None, 'Calgary', None]",,
.@Enmax is posting updates on the power situation every two hours here: http://t.co/45LQvkGwCA #yycflood,LABEL_1,0.9999160766601562,"[None, 'Calgary', None]",,
"Best wishes to two awesome coworkers of mine going down to #Calgary to help with the insane flooding. Stay safe, you two.",LABEL_1,0.9999160766601562,"[None, 'Calgary', None]",,
Alberta Floods 2013 Calgary Downtown Flooding: http://t.co/rx7P4lxctK ?? @YouTube,LABEL_1,0.999914526939392,"[None, 'Calgary', None]",,
RT @EllisFun: Once we get this #yycflood cleaned up it's going to be more than evident why we all need to #shoplocal and support our own ne…,LABEL_1,0.9999165534973145,"[None, 'Calgary', None]",,
RT @CACP_ACCP: Thoughts are with those in #Alberta affected by flooding. Very proud to hear of the efforts of 1st responders @CalgaryPolice…,LABEL_1,0.9999157190322876,"['Alberta', None, None]",,
RT @cityofcalgary: Reminder: Ogden Road down to one lane in both directions. #yycflood,LABEL_1,0.999918818473816,"[None, 'Calgary', 'Ogden Road']",,
Thoughts and prayers are with our brothers and sisters in southern Alberta. #abflood #ABemerg #yycflood #AlbertaStrong #United,LABEL_1,0.999915361404419,"['Alberta', 'Calgary', 'southern']",,
"@aldjohnmar RT? “@grahamclark: Beard painting for sale, all proceeds to help with Alberta flood relief. I, Benny: http://t.co/fSl8SDK7XX”",LABEL_1,0.9999173879623412,"['Alberta', None, None]",,
RT @CstShaw: I hear that @WBrettWilson is donating $1.00 for every RT of #OMGP to the #yycflood relief. Thanks Brett!,LABEL_1,0.9999159574508668,"[None, 'Calgary', None]",,
Going to Calgary to see first hand if the news over hyped the flood of not. \.,LABEL_1,0.9999179840087892,"[None, 'Calgary', None]",,
RT @MattX929: Drumheller declared a local state of emergency #abflood,LABEL_1,0.9999182224273682,"['Alberta', None, 'Drumheller']",,
RT @globeandmail: Calgary Exhibition & Stampede grounds hit hard by flood http://t.co/VZ1iqsnW7i,LABEL_1,0.9999184608459472,"[None, None, None]",,
RT @VeronicaCTV: Mayor @nenshi on Stampede We are Calgarians.. we will find a way to make this work. It may not look the same.. #yycflood…,LABEL_1,0.9999157190322876,"[None, 'Calgary', None]",,
Here's a little #YYCFlood recap by the @CalgaryHumane http://t.co/DwZIM3DA7g,LABEL_1,0.9999150037765504,"[None, 'Calgary', None]",,
".@globalnews great photo gallery of Calgary areas, before and after flood http://t.co/xGl2OLDI1w",LABEL_1,0.9999186992645264,"[None, None, 'Calgary areas']",,
"Took a tour around the #dtcore and it's a nightmare near the Stampede Grounds, but okay(ish) around us... So gonna stick it out for now.",LABEL_1,0.8777432441711426,"[None, None, 'Stampede Grounds']",,
Anyone want to invest in a house stilt company? I'll get you in on the ground floor and it's all up from there. #YYCFlood #yyc #ABFlood,LABEL_1,0.9998266100883484,"['Alberta', 'Calgary', None]",,
"Going on the air, 106.5 Mountain FM, in 10min to pump up the Bow Valley about the Flood Relief http://t.co/9tiNGmVFsf",LABEL_1,0.9999170303344728,"[None, None, 'Bow Valley']",,
Helping to clean up a flooded historical home. Ghastly work. Let's plan better from now on #abflood #hydrology #climatechange,LABEL_1,0.9999181032180786,"['Alberta', None, None]",,
I hope everyone in Calgary and everywhere else that's being affected by floods are okay. &lt;3,LABEL_1,0.9999165534973145,"[None, 'Calgary', None]",,
I wish good weather #YYCflood and #rockandroll to all. #itsmybirthday,LABEL_1,0.9999130964279176,"[None, 'Calgary', None]",,
AHS officials do about face on Calgary restaurants serving flood victims and helpers: http://t.co/XApvMOgfNC #abhealth #yyc,LABEL_1,0.9999175071716307,"[None, 'Calgary', None]",,
@LiseMouskaal 17th Avenue is flooded from McLeod Trail &amp; west to Centre Street. I believe McLeod is flooded from 25th Ave all the way to 3rd,LABEL_1,0.9999154806137084,"[None, None, '3rd']",,
Flood Party Update #3: My pants took themselves off,LABEL_1,0.9998989105224608,"[None, None, None]",,
"Barricades up after several sinkholes formed, says city: Several sinkholes have formed in the wake of Tuesday's... http://t.co/gaSUhLZFm4",LABEL_1,0.9998929500579834,"[None, None, None]",,
RT @Cmdr_Hadfield: Floods are an unbridled misery. My heartfelt thoughts and wishes for a swift recovery to those battling the Alberta high…,LABEL_1,0.9999182224273682,"['Alberta', None, None]",,
RT @metrocalgary: Flooding at new Bow Valley College campus creates issues for thousands of students http://t.co/UK1np4Dahj #yycflood #abpse,LABEL_1,0.9999158382415771,"[None, 'Calgary', None]",,
RT @AlbertaAltruist: Very impressed with the amount of work the Wildrose Caucus done gathering and delivering necessities to #ABFlood victi…,LABEL_1,0.9999183416366576,"['Alberta', None, None]",,
@downtowncalgary werehaving another bottle drive all donations to flood relief pass message along #calgary #yychelps http://t.co/4gdyKTQ6XX,LABEL_1,0.9999183416366576,"[None, 'Calgary', None]",,
@GrahamDeLaet excellent play this week and class act with the funds for #ABFlood victims. You should be proud.,LABEL_1,0.999900221824646,"['Alberta', None, None]",,
"RT @bebeasley: So impressed with all local media and journalists. Professional, accurate, helpful. Kudos to you all. #yyc #yycflood",LABEL_1,0.9999046325683594,"[None, 'Calgary', None]",,
RT @AndreaHarmony: @ReedCat5000 Could you please spread the word? There are horses in need after the floods here in Southern Alberta. http:…,LABEL_1,0.9999179840087892,"[None, None, 'Southern Alberta']",,
"Nov 10, 2006 a Flood Mitigation Rpt & recommendations was submitted to Alberta govt by G.Groeneveld #ABflood #YYCflood",LABEL_1,0.9999178647994996,"['Alberta', 'Calgary', None]",,
"RT @GlobalCalgary: In non #yycflood related news...the Chicago Blackhawks have won the Stanley Cup, with a 3-2 win over the Boston Bruins. …",LABEL_1,0.9997305274009703,"[None, 'Calgary', None]",,
RT @Alex_Verbeek: Alberta underwater: The 4 factors that led to massive flooding http://t.co/cOU3XloMTs #floods #water #climate,LABEL_1,0.9999173879623412,"['Alberta', None, None]",,
RT @SunNewsNetwork: POLL: Is the flooding in Alberta the worst Canadian disaster you have seen in your lifetime? http://t.co/zzD3zn7IW0 #AB…,LABEL_1,0.9999172687530518,"['Alberta', None, None]",,
"On Saturday 22, #yycflood was Trending Topic in Edmonton for 8 hours: http://t.co/b0llsM3s3B",LABEL_1,0.9995799660682678,"[None, 'Calgary', None]",,
@theCHIVE Please help! The floods in Calgary are affecting SO many chivers. Donate to @redcrosscanada #KCCO #Chiverscometogether,LABEL_1,0.9999161958694458,"[None, 'Calgary', None]",,
High River flash flood worst in memory | Calgary & Alberta | Videos | Calgary Sun http://t.co/Tm16Oi24lq,LABEL_1,0.999916672706604,"['Alberta', 'Calgary', None]",,
Let's keep protecting our drinking water folks--laundry can wait: Calgary Flood Information http://t.co/j6hqKujQhB,LABEL_1,0.9999189376831056,"[None, 'Calgary', None]",,
RT @matt_reeder: Photos capture dramatic moment man and his cat swim to safety after being swamped by Calgary flood http://t.co/hxnYqbyEol,LABEL_1,0.9999185800552368,"[None, 'Calgary', None]",,
"RT @GlobalNational: Explosion at TransAlta plant leaves Banff, Lake Louise residents without power http://t.co/Sv3OlR7ygD #abflood",LABEL_1,0.9999169111251832,"['Alberta', None, 'Lake Louise']",,
RT @CalgaryArtsDev: Alberta artist or arts org hit by the flood (in any way)? Please RT and fill in this quick form to assess impact http:/…,LABEL_1,0.9999182224273682,"['Alberta', None, None]",,
RT @newswatchcanada: Officials warn downtown #Calgary powerless until at least mid-week\#ABflood\\http://t.co/9SGeifwGiW,LABEL_1,0.999919295310974,"['Alberta', 'Calgary', 'downtown']",,
RT @julieish: Folks with specialized skills/equipment are asked to email cema.logistics@calgary.ca. #yycflood,LABEL_1,0.9999185800552368,"[None, 'Calgary', None]",,
Alberta flood Calgary set to becomecase study for disaster experts ...: As Calgary lifts some of the evacuation... http://t.co/RHUpkVsBwq,LABEL_1,0.9999147653579712,"['Alberta', 'Calgary', None]",,
Squatters invade evacuated homes http://t.co/pFBWwGT35t #yyc #abflood #crime #video by @SUNLyleAspinall,LABEL_1,0.9999094009399414,"['Alberta', 'Calgary', None]",,
RT @CTVIanWhite: #YYCFlood forces move of Canada Day celebrations from Prince's Island to Millenium Park. The show will go on. #Hellorhighw…,LABEL_1,0.9998841285705566,"[None, 'Calgary', 'Millenium Park']",,
#WorldNews Calgary floods kill three and force 75000 from homes - http://t.co/rjMWmFkxTH http://t.co/TZ8xtiP9sJ,LABEL_1,0.9999179840087892,"[None, 'Calgary', None]",,
#family walk in #Airdrie by our post-evacuation rescue home. We got soaked. #yycflood @philippegbois http://t.co/TkALUfxSkt,LABEL_1,0.999919295310974,"[None, 'Calgary', 'Airdrie']",,
RT @COUNTRYMUSICRD: HELP FELLOW CANADIANS IN NEED!  2013 Alberta Flood Relief T-Shirt http://t.co/2tUo8VDSWN  @TerriClarkMusic,LABEL_1,0.9999183416366576,"[None, None, None]",,
RT @AlleyBurger: 1 hour for Alley Burger at CHARCUT in the original ALLEY!!! Free burgers or donations for @RedCrossAB  … #yycflood,LABEL_1,0.99989914894104,"[None, 'Calgary', 'original ALLEY']",,
RT @morninglive: If you want to help flood victims in Alberta.  redcross.ca call 1-800-418-1111  @redcrosscanada,LABEL_1,0.9999172687530518,"['Alberta', None, None]",,
@PaulChapman22 @global_leslie @bostonpizza   Still laughing about this. Kudos for taking the heat while her community deals with #yycfloods,LABEL_1,0.9998903274536132,"[None, None, None]",,
"RT @BowValley: @cityofcalgary please RT that #BVC Calgary remains CLOSED to more than 5,000 students this week, due to extensive flooding. …",LABEL_1,0.9999185800552368,"[None, 'Calgary', None]",,
"People in dry zones who are wondering why their power is out, please understand that it’s more complicated than that. #yyc #yycflood 2/7",LABEL_1,0.999918818473816,"[None, 'Calgary', 'dry']",,
RT @RobertFife: Conservatives postpone next weekend's convention in Calgary because of flood waters #cdnpoli,LABEL_1,0.9999182224273682,"[None, 'Calgary', None]",,
RT @snewsyoulose: Are Calgary flood jokes allowed yet?\\http://t.co/6yVDZXbscX http://t.co/oDsQrv4Z7B,LABEL_1,0.9999179840087892,"[None, 'Calgary', None]",,
RT @mycschurch: Do you think it's hard to look ahead when we are dealing with immediate chaos? #sotm #yycflood #mycschurch,LABEL_1,0.999919056892395,"[None, 'Calgary', None]",,
http://t.co/swbMpwZEel Love this! Report a Calgary Flood Hero!,LABEL_1,0.9999163150787354,"[None, 'Calgary', None]",,
RT @cityofcalgary: .@aermter At no point were the @calgaryzoo big cats in the Calgary Court House. #yycflood,LABEL_1,0.9999169111251832,"[None, 'Calgary', 'Calgary Court House']",,
"Rivers Receding in Calgary, Three Dead in Floods - The Weather Channel http://t.co/diSVqlr9Dl",LABEL_1,0.999916672706604,"[None, 'Calgary', None]",,
Thank you to the @cityofcalgary & @CalgaryPolice for keeping us updated on #yycflood. Follow them for regular updates.,LABEL_1,0.9999184608459472,"[None, 'Calgary', None]",,
I am in awe  it seems that  Calgary  is so excited about their stampede that they have not put as much energy  about the homeless people sad,LABEL_1,0.9999010562896729,"[None, 'Calgary', None]",,
FOR IMMEDIATE RELEASE: United Way to provide long-term #yycflood relief http://t.co/GzAJLe2BGh #yychelps #yyc,LABEL_1,0.9999151229858398,"[None, 'Calgary', None]",,
RT @BrandonPrust8: Hope everyone in Calgary is doing ok. That great city and all the ppl in it are in my thoughts #yycflood,LABEL_1,0.9999178647994996,"[None, 'Calgary', None]",,
RT @girliegeishako: @Downtownfood packing boxes of sandwiches burgers and soups for #abflood drop-in centres http://t.co/nv2sL60R7x,LABEL_1,0.9999117851257324,"['Alberta', None, None]",,
PHOTO: Prime Minister Harper flies over flood zone in #YYC. #ABflood Photo: PMO http://t.co/Zs0fOBThpH,LABEL_1,0.9999167919158936,"['Alberta', 'Calgary', 'YYC']",,
"Sitting here @yyc ready to fly to Kelowna. Sorry to leave you Calgary during this crazy flood, your all doing such a great job with this!",LABEL_1,0.9998904466629028,"[None, 'Calgary', 'Kelowna']",,
Street after street meeting my constituents We're better off than most John.  #yyc #yyccc #yycflood http://t.co/v5ymNk9MnO,LABEL_1,0.9997792840003968,"[None, 'Calgary', None]",,
"Melting sea ice, wobbly jet stream seen as culprits in Alberta floods http://t.co/BZTKLA1A1I #cdnpoli #CPC #ClimateChange #Catastrophes",LABEL_1,0.9999181032180786,"['Alberta', None, None]",,
News: Canadian Pacific recovery from Southern Alberta Floods ahead of schedule: Canadian Pacific annou... http://t.co/EylwcCutY0 #travel,LABEL_1,0.999916672706604,"[None, None, 'Southern Alberta']",,
"Oh God! I pray to you and the angels above, please don't make that bridge blow up Lord. World plz pray for Calgary",LABEL_1,0.9999169111251832,"[None, 'Calgary', None]",,
RT @CstShaw: Some #yyc neighborhoods are still evacuated but these fellas have been protecting #yycflood homes all weekend! http://t.co/ZGB…,LABEL_1,0.9999183416366576,"[None, 'Calgary', 'yyc']",,
RT @Bistro2210: Water appears to be receding on 4Th St. in Mission. #yycflood http://t.co/s66QfizQaq,LABEL_1,0.999919056892395,"[None, 'Calgary', 'Mission']",,
RT @yychelps: Hey #yycflood volunteers... Tell 'em Lanny sent you! ;) https://t.co/Kcomj6gPK7 photo via: @Global_Smith,LABEL_1,0.9999098777770996,"[None, 'Calgary', None]",,
Please pray for flooding victims in Southern Alberta! #CatholicFollowChain #Canada,LABEL_1,0.9999169111251832,"[None, None, 'Canada']",,
RT @Mookalicious: Funniest pic of the day!!  RT @fan960boomer  Found sitting in my buddies driveway today. #yycflood http://t.co/HcJ4HkXL99,LABEL_1,0.9980863332748412,"[None, 'Calgary', None]",,
"Many shared images, videos & articles about the great spirit Calgarians have\#yyc #YYCFlood \http://t.co/9DJg8dKkJL",LABEL_1,0.9999178647994996,"[None, 'Calgary', None]",,
Letting randoms stay the night due to the flood seems like a really good way to pay it forward. But I'm really feeling the city  #dilemma,LABEL_1,0.9998106360435486,"[None, None, None]",,
RT @Kage_99: FYI Non-Canadian followers:\Edmonton is 300 Kilometers away from Calgary (where the floods are). Oh wait that might not help: …,LABEL_1,0.9999169111251832,"[None, 'Calgary', None]",,
The Russians have noticed! - Record-breaking floods hit western Canada — RT In vision http://t.co/IDD5ACKnrj #ABflood,LABEL_1,0.9999186992645264,"['Alberta', None, 'western Canada']",,
"CALGARY chapter of #CanadianCeliacAssoc is seeking #glutenfree food items for families affected by flood, contact 403-237-0304.",LABEL_1,0.9999183416366576,"[None, 'Calgary', None]",,
Is this good news? ;)  RT @YYCFlood: Page set up to reunite dogs with their owners https://t.co/wOswbxalDk #yycflood #abflood #yychelps,LABEL_1,0.9999189376831056,"['Alberta', 'Calgary', None]",,
RT @NealaBarton: .@Premier_Redford announces that the gov will provide $1 billion in initial support for victims of the #abflood http://t.c…,LABEL_1,0.9999163150787354,"['Alberta', None, None]",,
RT @JGrahamCP: View of flooding from an escarpment in Medicine Hat. #abflood http://t.co/Z4mXBV1GyL,LABEL_1,0.9999186992645264,"['Alberta', None, 'Medicine Hat']",,
Our thoughts go to all of those affected by the flooding in Alberta. Stay safe. #abflood,LABEL_1,0.9999138116836548,"['Alberta', None, None]",,
Waters too deep to pee on those trees. #yycflood #banffflood http://t.co/4b10hTM8k6,LABEL_1,0.9999191761016846,"[None, 'Calgary', None]",,
"Flooding forces 75,000 from western Canadian homes ... Stay safe Calgary #flood INVALID_APIKEY",LABEL_1,0.9999157190322876,"[None, 'Calgary', 'western Canadian']",,
"RT @SimpleSpacesAB: Red Cross Challenge. Rebuild after #yycfloods. Match our donation, make a difference. Important details: http://t.co/JZ…",LABEL_1,0.9999184608459472,"[None, None, None]",,
RT @CalgaryPolice: Please listen to Traffic Advisory Radio 106.5 FM for traffic updates #yycflood #yyc Good source of info.,LABEL_1,0.9999189376831056,"[None, 'Calgary', None]",,
Alberta Flooding Has Changed The Rockies Forever: Scientist via @HuffingtonPost http://t.co/Bb4nFwJnTv,LABEL_1,0.99991774559021,"['Alberta', None, 'Rockies']",,
RT @FejjEffery: Photo of the Queensland Liquor store gouging during an emergency - http://t.co/hwu0qMzZzC $20 for ice. #yyc #yycflood” aski…,LABEL_1,0.99991774559021,"[None, 'Calgary', 'yy']",,
RT @gramstyle6: Picture of the train #yycflood http://t.co/tRgc1UVOnM,LABEL_1,0.9999105930328368,"[None, 'Calgary', None]",,
RT @Bean_Kounter: Did she make it?\\RT @leahhennelphoto: A couple help each other cross a road in downtown Calgary. #yyc #abflood http://t.…,LABEL_1,0.9999183416366576,"['Alberta', 'Calgary', 'downtown']",,
RT @TownOfHighRiver: RCMP are reminding you to please not stop or park on Highway 2 near High River. It is not safe. #highriver #abflood,LABEL_1,0.9999189376831056,"['Alberta', None, 'High River']",,
Calgary floods delay Conservative Party convention: The Conservative Party national policy convention which was... http://t.co/0Q7wQRHVWg,LABEL_1,0.9999067783355712,"[None, 'Calgary', None]",,
"RCMP Gun seizure in High River makes an already tense situation worse, @sunrickbell writes http://t.co/iMzhVaiZqa #abflood",LABEL_1,0.999914526939392,"['Alberta', None, 'High River']",,
"RT @CBCAlerts: Evacuation order lifted in 9 #Calgary neighbourhoods  . Some residents return home, assess damage. #abflood",LABEL_1,0.9999161958694458,"['Alberta', None, 'Calgary neighbourhoods']",,
RT @WINDSONG58: @MichaelShanks Donate to the Alberta Floods https://t.co/FXwqK1eJhf Please RT,LABEL_1,0.9999159574508668,"['Alberta', None, None]",,
"[GMA News] Canada's oil capital Calgary starts slow clean-up from flood: Canada's oil capital, Calgary, starte... http://t.co/OH0tm906RB",LABEL_1,0.9999171495437622,"[None, 'Calgary', 'Calgary,']",,
Sending love to all affected by the #abflood,LABEL_1,0.999914288520813,"['Alberta', None, None]",,
RT @peoplevsgreed: flood victims that are looking for shelter  #Calgary https://t.co/GBk0gUaBDe,LABEL_1,0.9999178647994996,"[None, 'Calgary', None]",,
RT @nitjet: Thoughts and prayers go out to everyone affected by the flooding in Alberta. #canada http://t.co/wMmOLTuYbj,LABEL_1,0.9999173879623412,"['Alberta', None, 'canada']",,
BLOG: Is #Alberta #flooding a sign of climate change? Asks @DavidSuzukiFDN http://t.co/yaoeG4ZYC4 via @huffpostalberta,LABEL_1,0.9999127388000488,"['Alberta', None, None]",,
RT @CalgaryParking: On-street parking has been free since emergency declared & will continue until the emergency has been lifted. #yycflood…,LABEL_1,0.9999185800552368,"[None, 'Calgary', None]",,
"@nenshi Proud a Calgarian politician is making the news for the good they have done,but really?, just another week for Nenshi. #yycflood",LABEL_1,0.9998243451118468,"[None, 'Calgary', None]",,
Interesting discussions on the crucial importance of education and collabs to shift our mgmt of water in Canada at #Watersummit,LABEL_1,0.9984474778175354,"[None, None, 'Canada']",,
"RT @Crackmacs: Princess Auto is open 24hrs for #yycflood relief http://t.co/F4EwWdtDfi pumps, hoses, generators and other clean-up supplies…",LABEL_1,0.999919056892395,"[None, 'Calgary', None]",,
@cityofcalgary: How to organize your own grass roots clean up team http://t.co/ofJKC7rkuu #yycflood #yychelps,LABEL_1,0.99988853931427,"[None, 'Calgary', None]",,
"June 22, Red Deer river is rising outside #Drumheller during 3 hrs, it's flowing fast and tons of debris. #abflood http://t.co/dEQe53nAWc",LABEL_1,0.9999191761016846,"['Alberta', None, 'Drumheller']",,
RT @lori19stewart: We're at 402 cliffe ave in stanley park and could really use some help to clear the house. #yycflood #yyc,LABEL_1,0.999918818473816,"[None, 'Calgary', 'stanley park']",,
@NHLFlames Pres/CEO says they need to get into the #Saddledome (once it's deemed safe) and assess the damage and start the clean-up.#abflood,LABEL_1,0.999918818473816,"['Alberta', None, 'Saddledome']",,
RT @Crackmacs: 4 year old female grey tabby found floating near Eau Claire. Help us find the owners! #yyc #yycflood http://t.co/79Jrkpt1Jj,LABEL_1,0.999915361404419,"[None, 'Calgary', 'Eau Claire']",,
RT @NHLFlames: We want to express our heartfelt sympathy (to those affected by #yycflood). - Ken King,LABEL_1,0.9999178647994996,"[None, 'Calgary', None]",,
RT @alex_ruiz: Oh Calgary :( -- Before/After Downtown Calgary. 9th Ave SE at 4th St #yycflood  http://t.co/fjNMQvi5sH via @AlainDupere @wea…,LABEL_1,0.9999115467071532,"[None, 'Calgary', '9th Ave SE']",,
"If you can help with a generator, pump or hoses, please come. RT #yycflood #elbowpark http://t.co/3llsXLbtjN",LABEL_1,0.999909520149231,"[None, 'Calgary', 'elbowpark']",,
"RT @PGATOUR: Reminder: Leader @GrahamDeLaet is donating $1,000 per birdie and $2,500 per eagle to Alberta flood relief: http://t.co/30dyNSI…",LABEL_1,0.9999176263809204,"['Alberta', None, None]",,
The town of High River is still under water after #ABflood hit. @FJSilvaggio reports: http://t.co/t28IHcS3sP,LABEL_1,0.999916672706604,"['Alberta', None, 'High River']",,
"“@cityofcalgary: Info for downtown business electrical inspections, available now at: http://t.co/OOH7kX0ke7 #yycflood #yyc”",LABEL_1,0.9999184608459472,"[None, 'Calgary', None]",,
Canadian Tire has re-opened their #Okotoks sani-dump @ their retail store on the east side of 100-201 Southridge Dr... #ABflood,LABEL_1,0.9999163150787354,"['Alberta', None, '100-201 Southridge Dr']",,
Calgary floods: What you need to know now: Residents forced to flee their homes in Calgary because of flooding... http://t.co/HcilS6RtVR,LABEL_1,0.9999164342880248,"[None, 'Calgary', None]",,
Rubber boots and river silt head-to-toe is the new river chic style. #yycflood,LABEL_1,0.9998288154602052,"[None, 'Calgary', None]",,
What a clown! @Crackmacs: and the Biggest Douche Award of 2013 goes to http://t.co/inUMv9bGzr #yyc #yycflood #abflood,LABEL_1,0.9891286492347716,"['Alberta', 'Calgary', None]",,
RT @hificlub: We regret to inform you that we will not be open tonight due to the #yycflood. Everyone please stay safe. Stay tuned for upda…,LABEL_1,0.9999191761016846,"[None, 'Calgary', None]",,
RT @BowValley: FAQ now up to help you access important information. Information here: http://t.co/KT8nYLkkMT #BVCStrong #yyc #yycflood #BVC…,LABEL_1,0.9998960494995116,"[None, 'Calgary', None]",,
RT @Ian_Halifax: Just heard that  @calgarystampede has adopted the motto Come Hell or High Water. If that's true.. Hell ya! \ #yycflood\#…,LABEL_1,0.9998985528945924,"[None, 'Calgary', None]",,
"RT @wick_22: Please RT #omgp .... it costs @WBrettWilson $1.00 for #Yycflood every time!!!Just do it!! #abflood #yyc thanks Brett, love yo…",LABEL_1,0.9999133348464966,"['Alberta', 'Calgary', None]",,
RT @Mookalicious: If you want to look at the images inside the Dome. pretty wet!! http://t.co/hcoxd5c7oj #abflood,LABEL_1,0.999901294708252,"['Alberta', None, None]",,
"RT @LukaszukMLA: Med Hat responders ready for Saturday flood. 10,000 evacuations expected on Saturday. #abflood #ableg http://t.co/uZnaz6NO…",LABEL_1,0.9999185800552368,"['Alberta', None, None]",,
RT @DSolberg: Buggar off Suzuki. BLOG: Is #Alberta #flooding a sign of climate change? Asks @DavidSuzukiFDN http://t.co/70GdyrSl5j #ABflo…,LABEL_1,0.9999017715454102,"['Alberta', None, None]",,
Please @nenshi  please make this the official song of #yycflood  2013!!!!!! Keep RTing if you agree! #localyycband! https://t.co/9DD8Gdi5g0,LABEL_1,0.9985774755477904,"[None, 'Calgary', None]",,
RT @Valley_First: Neighbour helping neighbour; it’s what we do. Help support flood relief in Alberta http://t.co/WtIBPidkow #ABfloodCU,LABEL_1,0.9999179840087892,"['Alberta', None, None]",,
RT @martinhume: Pt 2: Floods in Southern Alberta Caused by NEXRAD Stations and Chemtrails http://t.co/wLRBb7TH46 via @Hsaive,LABEL_1,0.9999181032180786,"[None, None, 'Southern Alberta']",,
To give you a clearer view of the damage #Calgary #yycflood Be safe help where you can http://t.co/UtKcQ6VwUq  @KooL1015Calgary @TarzanDan,LABEL_1,0.9999184608459472,"[None, 'Calgary', None]",,
"RT @PavanSukhdev: Calgary floods, climate changes, but Canada's oil sands & shale must go on being mined for corporate profits!  Corp1920, …",LABEL_1,0.9999167919158936,"[None, 'Calgary', 'Canada']",,
"RT @lite959: Good News Elbow expected to drop 60% in the next two days...The Bow will too, just much more gradually. #yycflood",LABEL_1,0.9998992681503296,"[None, 'Calgary', None]",,
RT @BCprairiegirl: Follow @SUNLyleAspinall for very real photos of the flooding in #yyc       This one: Prince's Island Park. #yycflood htt…,LABEL_1,0.9999178647994996,"[None, 'Calgary', ""Prince's Island Park""]",,
RT @knoowaah: day 2 of volunteering? feels really good to help out. ? #yycflood #yychelps,LABEL_1,0.9999123811721802,"[None, 'Calgary', None]",,
RT @CanRedCrossATL: Alberta #flood relief - how to help via @redcrosscanada #abflood http://t.co/BYGnxTtNrU,LABEL_1,0.9999179840087892,"['Alberta', None, None]",,
RT @GlobalCalgary: Full details on the outdoor water use ban in place for City of Calgary: http://t.co/SHTocwCBir #yycflood,LABEL_1,0.999918818473816,"[None, 'Calgary', 'City of Calgary']",,
Calgary police says: MEMORIAL DRIVE IS OPEN in both directions. Only 1 lane restriction westbound at 3a St. #yyc #yycflood,LABEL_1,0.999919056892395,"[None, 'Calgary', '3a St']",,
Shell Canada has donated $150k to Red Cross and has provided a link for employees to contribute as well. Way to go Shell. #abflood,LABEL_1,0.999916672706604,"['Alberta', None, None]",,
RT @CBCCalgary: Tim Hortons creates Alberta Rose donut to aid flood relief http://t.co/jxhlMkEXco,LABEL_1,0.9999175071716307,"[None, None, None]",,
Pix of Lafarge construction under water http://t.co/rTcjXJw1r4,LABEL_1,0.9998927116394044,"[None, None, None]",,
RT @VegOutBoutique: So many determined ppl pulling together right now during #yycflood - inspiring 2see such strength in the face of advers…,LABEL_1,0.999919056892395,"[None, 'Calgary', None]",,
RT @MilConnect: CFB Edmonton soldiers deployed to Alberta flood zones http://t.co/GGgWQ46FeQ,LABEL_1,0.9999172687530518,"['Alberta', None, None]",,
RT @bradkane: special thanks to @parkscanada for charging me a cancellation fee for my camping spot in #banff this weekend. #abflood #lol #…,LABEL_1,0.9999022483825684,"['Alberta', None, 'banff']",,
"RT @Neil_Zee: Area #yycflood photos from our friends at @FortCalgary. (they are open for Canada Day, btw!) http://t.co/Gb4kPKraJu",LABEL_1,0.9999144077301024,"[None, 'Calgary', '@userortCalgary']",,
RT @calstampeders: Tackling adversity and overcoming obstacles. People in our community sure know how to  Cowboy up #yycflood #abflood,LABEL_1,0.999919295310974,"['Alberta', 'Calgary', None]",,
"RT @GlobalCalgary: About 10,900 customers without power in Calgary. #yycflood WATCH LIVE: http://t.co/tjXEoTHOqP",LABEL_1,0.9999181032180786,"[None, 'Calgary', None]",,
RT @CBCAlerts: 500-700 soldiers in Alberta flood effort returning to base  . Military official says situation has 'stabilized' #abflood,LABEL_1,0.9999151229858398,"['Alberta', None, None]",,
@setyourstage My plan is to come out and be as useful as I can tomorrow! See you then! #sunnyside #yycflood,LABEL_1,0.9996732473373412,"[None, 'Calgary', None]",,
"RT @OKCStormWatcher: As many as four people may have died in heavy flooding in southern Alberta, RCMP say - @stephaniesmyth",LABEL_1,0.9999176263809204,"[None, None, 'southern Alberta']",,
My Thoughts & Prayers go out to all those in Calgary who are affected by the flooding. Stick together & help one another #Calgary,LABEL_1,0.9999141693115234,"[None, 'Calgary', None]",,
Latest #YYC #Calgary ‘Come hell or high water’ tshirts to support flood relief http://t.co/hB1gmMVD8Z,LABEL_1,0.9999179840087892,"[None, 'Calgary', None]",,
"Massive Flooding In Alberta Canada Forces 75,000 To Flee http://t.co/o0vrNmXjxQ via @thinkprogress",LABEL_1,0.9999170303344728,"[None, None, 'Alberta Canada']",,
RT @CityFortSask: #fortsask RCMP have sent 4 officers to aid with the flood disaster in Southern Alberta. Our thoughts are with everyone. S…,LABEL_1,0.9999163150787354,"[None, None, 'Southern Alberta']",,
Canadian Forces work to stabilize flood-ravaged High River: http://t.co/wWOt9GSiuk #abflood #yycflood,LABEL_1,0.999915599822998,"['Alberta', 'Calgary', 'High River']",,
"Calgary residents displaced by floods line up for recovery cash from Alberta government: It was a long, hot wait,... http://t.co/HtDO4Fw08a",LABEL_1,0.9999160766601562,"[None, 'Calgary', None]",,
RT @chimaincalgary: The giraffes had a tough time but they are recovering #yycflood #onward http://t.co/vWG34if7mQ,LABEL_1,0.999919056892395,"[None, 'Calgary', None]",,
"RT @CTVRyleeCarlson: Why you're being asked to stay out of the water - sidewalks along McLeod now dry, but compromised #yycflood http://t.c…",LABEL_1,0.9999175071716307,"[None, 'Calgary', 'McLeod']",,
Sad face. RT @toriepeterson: Photos from the Dome yesterday. We have created a video slideshow with them ~ http://t.co/9pCMLeIdYB #yycflood,LABEL_1,0.9998883008956908,"[None, 'Calgary', 'the Dome']",,
RT @k_macd11: @Jmalks: It's going to take Calgarians a long time to scoop all water out of the saddledome with one cup. #yycflood #yyc ou…,LABEL_1,0.9999195337295532,"[None, 'Calgary', 'saddledome']",,
RT @iceTyyc: Pls RT. If U R looking 4 accurate information this am re #yycflood in #yyc please go to http://t.co/dy5HgjY5Vd,LABEL_1,0.999908447265625,"[None, 'Calgary', 'yyc']",,
RT @_natashawrites: My heart goes out to everyone affected by the flood in #Calgary !,LABEL_1,0.999914288520813,"[None, 'Calgary', None]",,
#abflood YYC is doing as well as it is because of community mindedness and good planning.,LABEL_1,0.9999181032180786,"['Alberta', None, 'YYC']",,
"For latest on Medicine Hat, follow the Herald's @amandamsteph on scene. Official releases via @medhatpolice and @medicinehatcity. #abflood",LABEL_1,0.9998781681060792,"['Alberta', None, 'Medicine Hat']",,
"RT @CTVCalgary: EMERG Update/11:30am: Stampede may look different, but it will go on. #YYC #ABflood",LABEL_1,0.9999197721481324,"['Alberta', 'Calgary', None]",,
"RT @VolunteerCal: Some good news: residents of Deer Run, Quarry Park, Riverbend and Douglasdale can return home #yycflood",LABEL_1,0.999918818473816,"[None, 'Calgary', 'Douglasdale']",,
10th st bridge between downtown and Kensington are open,LABEL_1,0.9377889037132264,"[None, None, 'Kensington']",,
Alberta flood economic losses as high as $5 billion. http://t.co/FtOndiiLyo via @YahooFinanceCA,LABEL_1,0.9999148845672609,"['Alberta', None, None]",,
How B.C. residents can help the Alberta flood victims http://t.co/XpvQqOmxHe via @sharethis,LABEL_1,0.9999163150787354,"['Alberta', None, 'B']",,
88 years young...2 time Stanley Cup Champ...hockey legend... Vic Stasiuk helping clean up @ParadiseCanyon #abflood http://t.co/VBPWysddNh,LABEL_1,0.9993958473205566,"['Alberta', None, '@useraradiseCanyon']",,
"RT @kenneyjason: If you want to volunteer to help with #YYCflood cleanup, check-out this site: http://t.co/dh1OwYVZfU",LABEL_1,0.9999176263809204,"[None, 'Calgary', None]",,
"In one hour - 1 pm - about 65,000 Calgarians eligible to return home. For more, go to  http://t.co/NxW1k48FJL #yycflood #yyc #abflood",LABEL_1,0.9999183416366576,"['Alberta', 'Calgary', None]",,
RT @CalgaryPolice: #yyc water is safe to drink. However please limit use as much as possible. #yycflood,LABEL_1,0.9999195337295532,"[None, 'Calgary', None]",,
"RT @YourAlberta: DEBIT CARD update: to register for #abflood evacuee relief cards, call @RedCrossAB at 1-866-696-6484, not 311. http://t.co…",LABEL_1,0.9999185800552368,"['Alberta', None, None]",,
Spread the word!  Use #yychelps on Facebook or Twitter when posting your offers to help. #yycflood http://t.co/UsnaZMuQG6,LABEL_1,0.999895453453064,"[None, 'Calgary', None]",,
Dudes. We don't need pancake breakfasts to inspire communities in Calgary..we need shirt sleeves rolled up and real clean up help. #yycflood,LABEL_1,0.9999185800552368,"[None, 'Calgary', None]",,
Monster drive off the tips #floodday @ Lynx Ridge Golf http://t.co/Bltn3zW0p9,LABEL_1,0.9997552037239076,"[None, None, 'Lynx Ridge Golf http']",,
"Good morning everyone, If you are looking to donate here is link to @RedCrossAB AB Floods Fund http://t.co/dqjTIRuzG9 #yyc #yyccc #yycflood",LABEL_1,0.999912977218628,"[None, 'Calgary', None]",,
"RT @SUNKSchneider: Transportation hub set up again sunday at MRU.  Busing volunteers to Erlton, Mission and Elbow Park #yycflood",LABEL_1,0.9999160766601562,"[None, 'Calgary', 'Elbow Park']",,
RT @Miss604: RT @mikesbloggity: Comparative photos are the best way to show the magnitude of #yycflood. This one is a doozy. http://t.co/e2…,LABEL_1,0.9999045133590698,"[None, 'Calgary', None]",,
RT @UnitedWayCgy: Our Plane Pull w/ @UPS_Canada this Sunday is postponed because of #abflood. Will resked for late Aug or early Sept. Pls R…,LABEL_1,0.9999136924743652,"['Alberta', None, None]",,
RT @Premier_Redford: Very much appreciate the Duke & Duchess of Cambridge for their support of those affected by #abflood  http://t.co/6zFW…,LABEL_1,0.9999171495437622,"['Alberta', None, None]",,
"RT @GlobalCalgary: .@nenshi says ENMAX working to restore power to Cliff Bungalow, Mission, should be done by today. #yycflood",LABEL_1,0.9999189376831056,"[None, 'Calgary', 'Mission,']",,
I was so impressed by the team assembled in High River to deal with #abflood. Professionals & volunteers in unison for a great common cause!,LABEL_1,0.999916672706604,"['Alberta', None, 'High River']",,
Loving all my #MAPC peeps right now! Thank you for keeping me in your thoughts during #yycflood  @6continents @Kato42 @BrigittePet #RRU,LABEL_1,0.9998598098754884,"[None, 'Calgary', None]",,
Calgary flooding cancels Nanaimo trade mission - Nanaimo Daily News http://t.co/PPgSoCx3aF @RichardGEarl,LABEL_1,0.9998015761375428,"[None, 'Calgary', 'Nanaimo']",,
A special Thank You to all the tweeters keeping everyone up to date #abflood @Mookalicious @terrylo_calgary @news_ian @reapcalgary @nenshi,LABEL_1,0.9999189376831056,"['Alberta', None, None]",,
"Xclnt sense of humor. Important! RT @Andie1743: Aliens are gonna land, Chief Hansen, you're awesome :) @calgarypolice  #ABFlood #YYCStrong",LABEL_1,0.9992051720619202,"['Alberta', None, None]",,
@CBCCalgary stop trying to find the negative in the #yycflood  You were so supportive &amp; now U seem to be focusing on the bad. Please stop.,LABEL_1,0.9999169111251832,"[None, 'Calgary', None]",,
RT @CTVCalgary: Drop-In Centre wishlist - bring items to temp. centre (former hotel) 4804 Edmonton Trail NE #yyc #yycflood http://t.co/EATD…,LABEL_1,0.9997190833091736,"[None, 'Calgary', 'yyc']",,
Home Is where the heart is. It's hard to watch it get destroyed and not be able to do a thing about it. #abflood #yycflood,LABEL_1,0.9999184608459472,"['Alberta', 'Calgary', None]",,
"via #sky.com news: Western Canada Hit By (insane) Flooding 4 missing, cities underwater. {Ea.BC also hit hard}  http://t.co/hD5yniVktO",LABEL_1,0.9999176263809204,"[None, None, 'Ea']",,
Calgary evacuees get first look at flood damage in Discovery Ridge | Calgary | News | Calgary Sun http://t.co/cNnWRvlHKT,LABEL_1,0.9999167919158936,"[None, 'Calgary', 'Discovery Ridge']",,
McIver: Warns it will be a slow go...asks lookie-loos to give it a few days. #abflood #highway1 #canmore #banff,LABEL_1,0.9999066591262816,"['Alberta', None, 'banff']",,
"RT @nenshi: Love it! MT @Dubes1989: Getting married. People will pay $5 for us to kiss, money raised will go to #yycflood relief. I'll matc…",LABEL_1,0.9998880624771118,"[None, 'Calgary', None]",,
Rt“@JeffWilson_MLA: #yyc We may need drivers to deliver the supplies to the Siksika.  We will depart at 3pm #ableg #yycflood #abflood”,LABEL_1,0.999919295310974,"['Alberta', 'Calgary', None]",,
Donate HERE to the Red Cross to help victims of the #abflood. http://t.co/kOWpSrENT2,LABEL_1,0.999915599822998,"['Alberta', None, None]",,
RT @thedaleykate: Alberta flood victims mostly out of luck with insurance - Business - CBC News http://t.co/2EtnE1c18Z,LABEL_1,0.9999178647994996,"['Alberta', None, None]",,
Bow River - Kelly Hofer Photography has some amazing photos of #yycflood http://t.co/9IafU5JxKa,LABEL_1,0.9999110698699952,"[None, 'Calgary', 'Bow River']",,
RT @KyleMacQuarrie: Action Auger - The Gentleman Plumbers are pumping out basements at no charge. Phone 403.288.1111. #yycflood #yychelps  …,LABEL_1,0.9998131394386292,"[None, 'Calgary', '403']",,
RT @jdetmold: #yycflood #abflood Reinforcements passing through to High River. Thanks to all who are helping! @canadianarmy http://t.co/7yk…,LABEL_1,0.9999169111251832,"['Alberta', 'Calgary', 'High River']",,
RT @smashedpenney: CALGARY FLOODING - Alberta Floods Canmore Bragg Creek High River 2013 Fl...: http://t.co/kSTuWWRJI0 \\Our poor city. We …,LABEL_1,0.999916672706604,"['Alberta', 'Calgary', None]",,
High River has received $50 million from the province to help pay for emergency response and initial costs. http://t.co/wRgAMnqoKv #abflood,LABEL_1,0.9999173879623412,"['Alberta', None, 'High River']",,
RT @SalHowell: @RiverCafeYYC still standing! Water level below main floor. Waiting for the crest! #yycflood #optomistic http://t.co/89giaEP…,LABEL_1,0.9999191761016846,"[None, 'Calgary', '@useriverCafeYYC']",,
"RT @TheoFleury14: “@GlobalCalgary: BEFORE and AFTER photos of Calgary, amid flooding: http://t.co/lKKmzad1aY #yycflood #YYC” These are unbe…",LABEL_1,0.999918818473816,"[None, 'Calgary', None]",,
RT @cityofcalgary: Cleaning up after the flood? Stay safe. Stay healthy. Check out AHS safety information: http://t.co/DUMji6zSbl #yycflood,LABEL_1,0.9999185800552368,"[None, 'Calgary', None]",,
To all our friends & customers in Calgary. Our thoughts are with you and hopes for a return to normalcy asap.  #abflood,LABEL_1,0.9999157190322876,"['Alberta', 'Calgary', None]",,
RT @ThatKevinSmith: CALGARY! My heart goes out to you Red Milers who are flooded out of house & home! To help ALBERTA FLOODS victims: http:…,LABEL_1,0.9999152421951294,"[None, 'Calgary', None]",,
Awesome!! I'm moving in!! RT @joannanicolas_: #YYC flood victims still have a great sense of humor... :) http://t.co/lcobqSNx3p,LABEL_1,0.999913215637207,"[None, 'Calgary', None]",,
"RT @calgaryherald: Another evacuation centre opened at Heritage Heights school east of the Okotoks overpass, say RCMP #yycflood",LABEL_1,0.9999176263809204,"[None, 'Calgary', 'Okotoks overpass']",,
RT @WestJet: Please limit non-urgent calls to us so that we can focus on guests affected by #abflood and those with immediate travel needs.,LABEL_1,0.9999171495437622,"['Alberta', None, None]",,
RT @aerel: Dog found @ 40 Ave NW & 2 St NW (Highland Park). Dropped off at Calgary North Veterinary Hospital on 4 st #yycflood http://t.co/…,LABEL_1,0.9999163150787354,"[None, 'Calgary', 'Calgary North Veterinary Hospital']",,
@cityofcalgary is blue bin recycling cancelled this week? Garbage collection as usual? #yycflood,LABEL_1,0.9999184608459472,"[None, 'Calgary', None]",,
WOW -- Cambodian orphans donate to help Alberta flood victims http://t.co/Ck0Td3POku,LABEL_1,0.999916672706604,"['Alberta', None, None]",,
RT @BCLions: Our friends at @TELUS are doing some great work to support those affected by the #abflood. #BCLions #CFL,LABEL_1,0.9999184608459472,"['Alberta', None, None]",,
RT @ZiyahKarmali: The North Saskatchewan river has roads blocked off in Riverdale community #yeg via @r_bohn #abflood @CitytvEdmonton http:…,LABEL_1,0.999918818473816,"['Alberta', 'Edmonton', 'Riverdale community']",,
RT @ampcalgary: Hearing reports that 13 RCMP officers have lost homes or property even as they work to save others. #yycflood,LABEL_1,0.9999182224273682,"[None, 'Calgary', None]",,
"75,000 evacuated and three dead after severe flooding in Canada: Severe flooding has killed at least three peo... http://t.co/Z8jb6lzqls",LABEL_1,0.9999163150787354,"[None, None, 'Canada']",,
RT @stmeiklejohn: This hits right in the feels. Incredible photo from the #abflood (credit @Chersantamaria for finding it): http://t.co/r7f…,LABEL_1,0.9999173879623412,"['Alberta', None, None]",,
"Tough day for all of #YYC, most especially those by the water. #yycflood http://t.co/epfKaJRIpC",LABEL_1,0.9999183416366576,"[None, 'Calgary', None]",,
RT @KelseyTWN: Still looking for family and haven't been able to connect? CONTACT Red Cross Information Line: 1-866-696-6484 #abflood @weat…,LABEL_1,0.9999186992645264,"['Alberta', None, None]",,
"#YYCFlood  History in the Making: History writes itself, like it or not. The beauty is that the people who... http://t.co/RHyTLTqGuQ",LABEL_1,0.99970144033432,"[None, 'Calgary', None]",,
"RT @jengerson: 660 reporting 1,000 Calgarians showed up for volunteer clean up duty at McMahon stadium today. Only 600 needed. #yycflood",LABEL_1,0.999919056892395,"[None, 'Calgary', 'McMahon stadium']",,
RT @AnjuRestaurant: Huge shout out to @Downtownfood for their huge hearts! You guys rock! #yycflood,LABEL_1,0.9998639822006226,"[None, 'Calgary', None]",,
RT @JohnnyJesus: To @HomeDepotCanada you have lost our business forever. Spread the word everyone. $42 for a flat of water during #yycflood…,LABEL_1,0.9999181032180786,"[None, 'Calgary', None]",,
"RT @salvationarmy: Salvation Army responding with flood relief in Calgary, Blackie, Medicine Hat, Drumheller, Canmore and High River.http:/…",LABEL_1,0.9999185800552368,"[None, None, 'High River']",,
"RT @calgarybride: Had a wonderful gatheRING at @notablecalgary w @chefmnoble, who have been so generous during the #yycflood http://t.co/Fm…",LABEL_1,0.9999184608459472,"[None, 'Calgary', '@notablecalgary']",,
still stay away from river banks: @nenshi #yycflood,LABEL_1,0.9999191761016846,"[None, 'Calgary', None]",,
"RT @USATODAY: Unbelievable photo gallery. Devastating, huge floods overwhelm Alberta: http://t.co/pyILzo5whQ",LABEL_1,0.9999172687530518,"['Alberta', None, None]",,
I cannot believe all of the flooding happening here in Calgary. http://t.co/aFdVEtpy62,LABEL_1,0.9999184608459472,"[None, 'Calgary', None]",,
“@calgaryjournal: RCMP confirm two bodies pulled from Highwood River - first confirmed fatalities of #abflood. #yyc #yycflood #abstorm”,LABEL_1,0.999915599822998,"['Alberta', 'Calgary', 'Highwood River']",,
RT @GlobalPetFoods: Help #Alberta families with furry members affected by flooding by donating to GPF Animal Foundation http://t.co/Xiy2yGQ…,LABEL_1,0.99991774559021,"['Alberta', None, None]",,
RT @SeanChu4Ward4: Huge cash contributions (time & equipment too) from our developers to the Red Cross: http://t.co/4j6HpCBWBp #yycflood #y…,LABEL_1,0.9999079704284668,"[None, 'Calgary', None]",,
"A tent city has been set up to house the few hundred crews that have come in from #yeg, #yvr, etc. #yycflood http://t.co/V1P2LoRZOK",LABEL_1,0.9999191761016846,"[None, 'Calgary', None]",,
"RT @Dean_Murdoch: People are wonderin if I'm OK. I'm at the Saddldome, in the Nosebleeds, fishin.  #yycfloods",LABEL_1,0.9999110698699952,"[None, None, 'the Saddldome']",,
"RT @timeturkiye: Flooding in Alberta ,Canada forces 75,000 to Evacuate. http://t.co/ac08B2AXAx",LABEL_1,0.9999158382415771,"[None, None, 'Alberta,Canada']",,
Carburn Park during and after the flood. Crazy the difference only 1 day can make. #yycflood http://t.co/bxoXNl7o73,LABEL_1,0.9999183416366576,"[None, 'Calgary', 'Carburn Park']",,
RT @erikamstark: (3/n) Information about the towed cars in #highriver will be available on the town's website tomorrow. #abflood,LABEL_1,0.9999186992645264,"['Alberta', None, 'highriver']",,
RT @Gally11Baby: @BizNasty2point0 I know you hate this but can I get a rt for everyone affected by the Calgary floods.,LABEL_1,0.999914050102234,"[None, 'Calgary', None]",,
RT @AlleyBurger: Alley Burger loading up to hit the streets again tomorrow to give back to our community #yycflood #freeAlleyBurger #YYCstr…,LABEL_1,0.9999133348464966,"[None, 'Calgary', None]",,
RT @metrocalgary: Evacuation could be partially or fully lifted in six Calgary communities. http://t.co/SLChTfVPb0 #yycflood #abflood,LABEL_1,0.9999172687530518,"['Alberta', 'Calgary', 'Calgary communities']",,
"Braid: Challenges are huge, but Stampede must go on http://t.co/GgRpeYTTed #yycflood #yycstampede #loveyyc",LABEL_1,0.99972265958786,"[None, 'Calgary', None]",,
"@Crackmacs bit of a drive, but the Calgary Jewish center is offering free gym use to those whose home gyms are closed due to flooding",LABEL_1,0.999895453453064,"[None, None, 'Calgary Jewish center']",,
RT @ArjayTaylor: I am in search of my Mother  who was evac from #inglewood her name is Theresa Taylor 52yrs old. #yycflood,LABEL_1,0.999891757965088,"[None, 'Calgary', 'inglewood']",,
RT @BTCalgary: Alberta Health Services has released a list of how to clean your home post flood. http://t.co/xTuJWOwfQN,LABEL_1,0.9999182224273682,"[None, None, None]",,
RT @markusoff: RT @CarrieTait (Globe): A pic from a resident who refused to leave High River. This is in the northwest. #abflood http://t.c…,LABEL_1,0.999919056892395,"['Alberta', None, 'northwest']",,
RT @NBCNews: Video: House smashes into bridge after being swept away by Canada floods http://t.co/iWapvLjx2U,LABEL_1,0.9999158382415771,"[None, None, 'Canada']",,
RT @redcrosscanada: Red Cross accepting financial donations to assist people affected by flooding in Alberta: http://t.co/Xd9mbM2uj8 #abflo…,LABEL_1,0.9999172687530518,"['Alberta', None, None]",,
This from Facebook writen by an irate Calgarian disgusted that all the harpers think about is photo http://t.co/jA0Dt8tofZ #cdnpoli #abflood,LABEL_1,0.9999126195907592,"['Alberta', None, None]",,
So strange:@FFWDWeekly: A rare sight. Ship and Anchor sitting empty. #yycflood http://t.co/ulEMNz37v3,LABEL_1,0.999874472618103,"[None, 'Calgary', None]",,
...Ought to waive some of their BS out clauses and make some decisions for the greater good of the big picture here. #yycflood,LABEL_1,0.9997465014457704,"[None, 'Calgary', None]",,
"No! MT @KananaskisGolf done for the season as best case scenario. Reports say most, if not all, of 140 employees will be laid off #ABFlood",LABEL_1,0.9997958540916444,"['Alberta', None, None]",,
"Floods kill three, force 75000 from Calgary homes - http://t.co/qAE2qWfSYE",LABEL_1,0.9999172687530518,"[None, 'Calgary', None]",,
Please RT: Does anyone know of a drop off area for supplies to go to the Morley Reserve? #abflood #ableg #yychelps,LABEL_1,0.999918818473816,"['Alberta', None, 'Morley Reserve']",,
"Call me crazy, but now I want to go to the #Calgary stampede as a show of support after the floods- plus I've never been to #Alberta before",LABEL_1,0.9999178647994996,"['Alberta', None, None]",,
RT @CstShaw: Evening everyone! Signing back on for another long night. I'll see what kind of info I can share on #yycflood. Stay tuned! #yyc,LABEL_1,0.99990975856781,"[None, 'Calgary', None]",,
RT @alijnewton: Just got evacuated from my house in Calgary.  Stay safe everybody. #flood #yycflood,LABEL_1,0.9999159574508668,"[None, 'Calgary', None]",,
Find Family Members affected by Flooding in Alberta http://t.co/G0ePyyZ0tG,LABEL_1,0.999915599822998,"['Alberta', None, None]",,
"Amazing to see such amazing support! @LondonDrugs' Customers Contibute $30,000 & Counting To Flood Victims http://t.co/QME1CAzMDg #abflood",LABEL_1,0.9999179840087892,"['Alberta', None, None]",,
Video: House Smashes Against Bridge | Bragg Creek Alberta Flood 20/06/2013 http://t.co/ff2ZpAzbNp  #tv #video #tvshow,LABEL_1,0.9999184608459472,"[None, None, None]",,
RT @coreywilson: This really made me laugh. Love mayor @nenshi \\Stay off the rivers!!\#yycflood #YYC http://t.co/LtfR2EAzbY,LABEL_1,0.9995403289794922,"[None, 'Calgary', None]",,
Flood-striken Calgarians won't like Harper describing his visit to Calgary a photo opportunity #abflood #cdnpoli #YYC http://t.co/vP7ZwSBgl2,LABEL_1,0.9999186992645264,"['Alberta', 'Calgary', None]",,
Was the province 'ill-prepared' for the flood? http://t.co/tGtNOEBjWe @calgaryherald #yycflood #Calgary,LABEL_1,0.9999183416366576,"[None, 'Calgary', None]",,
News: Canadian Pacific recovery from Southern Alberta Floods ahead of schedule: Canadian Pacific announced tod... http://t.co/RWW5Ij0bSR,LABEL_1,0.9999164342880248,"[None, None, 'Southern Alberta']",,
RT @YourAlberta: How to clean your home after a flood and other important re-entry info: http://t.co/Ye13uxCCNx | #abflood #yycflood,LABEL_1,0.9999171495437622,"['Alberta', 'Calgary', None]",,
Civic Centre parkade will be closed indefinitely due to severe flood damage. #yycflood #abflood,LABEL_1,0.999914288520813,"['Alberta', 'Calgary', 'Civic Centre parkade']",,
RT @zaider: #yycflood 4318 4A St SW needs volunteers. This is the first day they are in there. Please help them out.  @nenshi @yychelps,LABEL_1,0.9999184608459472,"[None, 'Calgary', '4318 4A St SW']",,
"Bernard Valcourt Regarding First Nations Affected by Recent Flooding in Alberta\\Bernard Valcourt, Minister of... http://t.co/10IY11IvfF",LABEL_1,0.9999157190322876,"['Alberta', None, None]",,
$5B price tag for Alberta flood damages could have been reduced if province heeded 2006 report | http://t.co/4x1i021jqe #abflood #Alberta,LABEL_1,0.9999170303344728,"['Alberta', None, None]",,
RT @BigFisch47: Water levels rapidly rising in #medhat as you can see debris coming to the surface #mhflood #floodwatch #abflood http://t.c…,LABEL_1,0.9999165534973145,"['Alberta', None, 'medhat']",,
RT @redcrosscanada: We are looking for volunteers to help following south Alberta floods. Please register at: http://t.co/0zYRdw5TO8 “ #yyc…,LABEL_1,0.99991774559021,"[None, 'Calgary', 'south Alberta']",,
RT @Banff_Squirrel: :) RT @mookalicious: This pic of an awesome firefighter in Mission needs to go viral.  Please share! #abflood http://t.…,LABEL_1,0.9999183416366576,"['Alberta', None, 'Mission']",,
That's a lot of toilet paper. #abflood http://t.co/D2hXPQ60rF,LABEL_1,0.999880075454712,"['Alberta', None, None]",,
RT @VanCanucks: Our thoughts go out to the city of #Calgary and all those affected by this week's flooding.,LABEL_1,0.9999148845672609,"[None, 'Calgary', None]",,
RT @globalcalgary: Bragg Creek residents allowed back in homes as evacuation order lifted: http://t.co/OkbFHaaNFY #abflood,LABEL_1,0.9999170303344728,"['Alberta', None, 'Bragg Creek']",,
"Much more help needed in #yycflood neighbourhoods in coming days. If you can help, pick one you can get to by Ctrain or bike or carpool. Go!",LABEL_1,0.9999186992645264,"[None, 'Calgary', None]",,
Flooding in British Columbia and Alberta impacting #acaGrParksN and #acaGDMBR See discussions on forum: http://t.co/sYYhNawsp4,LABEL_1,0.9999191761016846,"['Alberta', None, 'British Columbia']",,
"RT @brittanymohan: If anyone knows the location of Marina Mohan please please contact me I can't contact her, please RT #yyc #yycflood #abf…",LABEL_1,0.9999001026153564,"[None, 'Calgary', None]",,
RT @SUNRenatoGandia: Put together in 1 place. Everything U need to know about finances following flooding in Calgary and southern Alberta h…,LABEL_1,0.9999175071716307,"[None, 'Calgary', 'southern Alberta']",,
"RT @john__bennett: Alberta flooding sets records, prompts calls for action on climate change - Penticton Herald http://t.co/4kYSYBKYsN",LABEL_1,0.9999178647994996,"['Alberta', None, None]",,
@AARCS_Canada Of course and best of luck with your rescue efforts! Thank you SO much for rescuing the furry victims of the #abflood,LABEL_1,0.9999173879623412,"['Alberta', None, None]",,
RT @Cmdr_Hadfield: Disaster Cam - we installed a telescope on ISS that's helping see extent of Alberta flooding: https://t.co/s4jMcCjNgN ht…,LABEL_1,0.9999189376831056,"['Alberta', None, None]",,
Wishing all of my friends and followers in Alberta safety from the flood. Be safe #abflood,LABEL_1,0.999914526939392,"['Alberta', None, None]",,
VIDEO: Canada floods leave three dead http://t.co/i4qntxHwxJ,LABEL_1,0.9999172687530518,"[None, None, 'Canada']",,
"My #RCMP hubby just saved a little toddler from #abflood - so proud, my thoughts continue to be with everyone down there, hurt or helping",LABEL_1,0.999916672706604,"['Alberta', None, None]",,
/r/worldnews [spam filtered] Flooding in Canada: Video of House Crashing into Bridge http://t.co/V921GY1e0q,LABEL_1,0.9999181032180786,"[None, None, 'Canada']",,
@JoeSantagato please tweet #calgarystrong #abflood it would mean so much to my city,LABEL_1,0.9999158382415771,"['Alberta', None, None]",,
"RT @DJQbert: Sending a huge prayer out to those in the Calgary flood right now... Don't know why yet, but God works in mysterious ways.",LABEL_1,0.9999152421951294,"[None, 'Calgary', None]",,
RT @mmichaelsshow: flood at the dome reaches 25th row #yycflood,LABEL_1,0.999916672706604,"[None, 'Calgary', 'dome']",,
RT @redcrosscanada: We are accepting financial donations to assist people affected by flooding in Alberta: http://t.co/Xd9mbM2uj8 #abflood,LABEL_1,0.9999165534973145,"['Alberta', None, None]",,
MEC is joining relief efforts for the City of Calgary. You can make monetary donations to the Red Cross at any open MEC Store. #yycflood,LABEL_1,0.999916672706604,"[None, 'Calgary', 'City of']",,
RT @ThatKevinSmith: CALGARY! My heart goes out to you Red Milers who are flooded out of house & home! To help ALBERTA FLOODS victims: http:…,LABEL_1,0.9999152421951294,"[None, 'Calgary', None]",,
CALGARY FLOODING - Alberta Floods http://t.co/nrXYBMrduG @youtube ????...,LABEL_1,0.9999154806137084,"[None, 'Calgary', None]",,
RT @gccarra: Another serious sitch emerging out of #yycflood : The #CPR mainline bridge into #Alyth across the bow is in trouble & a train'…,LABEL_1,0.9999195337295532,"[None, 'Calgary', 'Alyth across']",,
RT @samuel_fletcher: Here's a view of the sea of volunteers at McMahon. So proud of my city. #yycflood #yychelps http://t.co/WjQCpCf2vz,LABEL_1,0.9999090433120728,"[None, 'Calgary', 'McMahon']",,
Got to love those who are bitching about oil companies causing all the flooding in Alberta!!!,LABEL_1,0.9999157190322876,"['Alberta', None, None]",,
But the city has fought back! Tremendous work by everyone so far! #CalgaryStrong #YYC_Stormwater #YYCFlood,LABEL_1,0.9999183416366576,"[None, 'Calgary', None]",,
RT @NASA_EO: ISERV observes flooding in Calgary [image] http://t.co/e9httzbwNA #NASA,LABEL_1,0.9999183416366576,"[None, 'Calgary', None]",,
"MT @NewsTalk770: All but 3 in Hillhurst, all Bridgeland except 4th to 9th st and rest of #DiscoveryRidge allowed home by 10PM #yycflood",LABEL_1,0.9999186992645264,"[None, 'Calgary', 'DiscoveryRidge']",,
RT @redcrosscanada Red Cross accepting financial donations to assist people affected by flooding in Alberta: http://t.co/PoaA0R50dA #abflood,LABEL_1,0.9999161958694458,"['Alberta', None, None]",,
RT @CanRedCrossATL: If u need food/supplies for your #pet bc of the #abflood #yycflood call/come to @CalgaryHumane http://t.co/EtbtFRqfNS,LABEL_1,0.9999184608459472,"['Alberta', 'Calgary', None]",,
"RT @UCalgary: Due to #yycflood, #UCalgary cancelled Stampede Stories and pancake breakfast slated for Fri at downtown campus.",LABEL_1,0.9999117851257324,"[None, 'Calgary', 'downtown campus']",,
RT @tersestuff: @ABPremierComms @ndnstyl I'd be happy to assist if you will STOP BULLYING BC ABOUT THE #PIPELINE #yycflood #medhat,LABEL_1,0.9998937845230104,"[None, 'Calgary', 'BC']",,
@CBCNews: Hippos nearly escaped Calgary Zoo during flood http://t.co/7HxNOlOK39 Just imagine if they were on bikes like Steve McQueen!,LABEL_1,0.9999178647994996,"[None, None, 'Calgary Zoo']",,
"RT @weareperryscope: Special request by @ilovembf, we added face painting to the #YYCFlood Relief Stampede Pancake Party @biltmorecabaret! …",LABEL_1,0.9998891353607178,"[None, 'Calgary', 'biltmorecabaret']",,
"CityNews Top Stories: 11:30 p.m.: Alberta floods, Danforth shooting and guilty Barrie cop round out the top... http://t.co/nhbzSrX8ds",LABEL_1,0.9999183416366576,"['Alberta', None, 'Barrie']",,
RT @CstShaw: Evening everyone! Signing back on for another long night. I'll see what kind of info I can share on #yycflood. Stay tuned! #yyc,LABEL_1,0.99990975856781,"[None, 'Calgary', None]",,
"People need to get some class, this isn't a joke just because it doesn't directly effect you #disappointed #yycflood #tragic",LABEL_1,0.999578893184662,"[None, 'Calgary', None]",,
"Mmmm donuts!! “@GlobalCalgary: Sweet relief for Alberta flood victims, @TimHortons new donut: http://t.co/kxczZA2cnB #abflood #yycflood”",LABEL_1,0.9999171495437622,"['Alberta', 'Calgary', None]",,
"RT @LisaOstrikoff: RT @EricFrancis: Best stat from #YYCflood is 100K+ evacuated, only 1,500 needed shelter.. rest were taken in by fellow C…",LABEL_1,0.9999176263809204,"[None, 'Calgary', None]",,
RT @cityofcalgary: Landfill hours have been extended and tipping fees will be waived for citizens disposing flood related waste #yycflood,LABEL_1,0.999915361404419,"[None, 'Calgary', None]",,
Calgary floods: What you need to know now - http://t.co/a0l6MjLTyh,LABEL_1,0.99991774559021,"[None, None, None]",,
"The Pas endures heavy rain, braces for Alberta flood waters: Heavy rain near The Pas and Opaskwayak Cree Nation... http://t.co/iSdOrAfLBn",LABEL_1,0.9999170303344728,"['Alberta', None, 'Opaskwayak Cree Nation']",,
"Floods kill two, forces 75,000 from Calgary homes: CALGARY, Alberta (AP) — Floodwaters that devastated much of…",LABEL_1,0.9999151229858398,"[None, 'Calgary', 'CALGARY, Alberta']",,
RT @LondonDrugs: Alberta flood relief donations are being accepted at all @londondrugs stores. http://t.co/GKmvEwRbln,LABEL_1,0.9999169111251832,"['Alberta', None, None]",,
Holy crap. RT @littlemissmocha My jaw dropped. Oh NO. #yycflood @calgaryherald Here's a view in East Village from our http://t.co/3WWmTNQwgJ,LABEL_1,0.9998819828033448,"[None, 'Calgary', 'East Village']",,
RT @CalgaryPolice: Aerial photo of flooding at the Calgary Stampede Grandstand. #yycflood http://t.co/mcxO9RekKQ,LABEL_1,0.999918818473816,"[None, 'Calgary', None]",,
Water rising downtown Med Hat. #ABFlood via @weathernetwork https://t.co/7bQ6i3FNsD,LABEL_1,0.9999184608459472,"['Alberta', None, 'Med Hat']",,
RT @dinnerwithjulie: Fish sauce - a Fundraiser for @RedCrossAB Top #yyc chefs to make a difference.  http://t.co/thLPhc4CTF #yycflood,LABEL_1,0.9998879432678224,"[None, 'Calgary', None]",,
At least three dead as Canada floods force large-scale Calgary evacuation: Guardian http://t.co/wL3CUmx7Vt *direct result tar sands,LABEL_1,0.9999160766601562,"[None, 'Calgary', 'Canada']",,
RT @JellyModern: Let's keep the #yycflood effort going! We're donating 10% of sales and all tips today from BOTH #yyc and #yyz locations to…,LABEL_1,0.999918818473816,"[None, 'Calgary', None]",,
RT @weathernetwork: Will become iconic photo of floods. RT @ShaneKeller #HighRiver Man swims after his cat Momo.. #abflood #yycflood http:/…,LABEL_1,0.9999183416366576,"['Alberta', 'Calgary', None]",,
"RT @Real_ESPNLeBrun: For those who want to help out flood victims in Calgary, here's a link: http://t.co/ma2jhjGASQ",LABEL_1,0.9999167919158936,"[None, 'Calgary', None]",,
RT @CTVdavidspence: Beautifully done video of the #Calgary flood.  Must see.  #yyc  http://t.co/NRe4GuWzu9,LABEL_1,0.9999176263809204,"[None, 'Calgary', None]",,
Ask me how you can get your #Arbonne and help out relief efforts with the #abflood at the same time!  I'm donating my paycheck on sets!,LABEL_1,0.999915361404419,"['Alberta', None, None]",,
.@nenshi visit calgary.ca for downtown drop off locations/hours for #yycflood related refuse,LABEL_1,0.9999176263809204,"[None, 'Calgary', None]",,
RT @Mookalicious: This pic of an awesome firefighter in Mission needs to go viral.  Please share! #abflood http://t.co/H1YF3RhJZs,LABEL_1,0.999918818473816,"['Alberta', None, 'Mission']",,
"On Saturday 22, #abflood was Trending Topic in Edmonton for 23 hours: http://t.co/b0llsM3s3B",LABEL_1,0.999853014945984,"['Alberta', 'Edmonton', None]",,
"RT @cityofcalgary: #yyc water quality is good. But, we ask you to reduce water usage to reduce demand on treatment plants. #yycflood http:/…",LABEL_1,0.9999181032180786,"[None, 'Calgary', None]",,
Wow!! RT @DruhFarrell: Peak flow of Bow River: 1700 cubic meters per second. Niagara Falls: 1834 cubic meters per second.  #yycflood,LABEL_1,0.9999189376831056,"[None, 'Calgary', 'Niagara Falls']",,
@yycfoodtrucks Exellent! Also a huge thank you for everything you and all the food trucks are doing for the city! You're amazing! #yycfloods,LABEL_1,0.999868392944336,"[None, None, None]",,
I have been to Cambodia. And I have seen these children - they have nothing. But they're raising $ for #yycflood.  http://t.co/im3i8X9Zgh,LABEL_1,0.9999170303344728,"[None, 'Calgary', 'Cambodia']",,
RT @SunNewsNetwork: POLL: How would you rate your approval of the overall response to the #Alberta floods? http://t.co/F2cF54H2nM #ABflood,LABEL_1,0.9999172687530518,"['Alberta', None, None]",,
"@nenshi you are such a great leader! You deserve an award for the way youve handled this crisis. Thanks for being awesome, Nenshi! #yycflood",LABEL_1,0.999040424823761,"[None, 'Calgary', None]",,
RT @EqReflection: The water in the Saddledome. Crazy to finally see it. Our poor city #yycflood #abflood http://t.co/qFALZtAzWd,LABEL_1,0.9999173879623412,"['Alberta', 'Calgary', 'Saddledome']",,
"RT @cityofcalgary: Info for downtown business electrical inspections, available now at: http://t.co/Nlhu5jyKOu #yycflood #yyc",LABEL_1,0.999918818473816,"[None, 'Calgary', None]",,
Twitter has been the place to be for all things #abflood - you can follow me at the link below; I've also been... http://t.co/jQOhjxl6pf,LABEL_1,0.9999167919158936,"['Alberta', None, None]",,
8 am Rush hour at ghost town Calgary today. Hope everyone is safe @ Bankers Hall http://t.co/cJHdx52gCH,LABEL_1,0.9995330572128296,"[None, 'Calgary', 'Bankers Hall']",,
RT @Wetaskijen: Brett Wilson will donate $1.00 to Calgary Flood Relief for every Tweet with the #OMGP hashtag.  Thank you Brett Wilson!,LABEL_1,0.9999159574508668,"[None, 'Calgary', None]",,
Calgary! \Please support tonights Flood Victim Fundraiser \at @CommonwealthYYC \https://t.co/1Ejznf1cMK,LABEL_1,0.9999183416366576,"[None, 'Calgary', None]",,
RT @billmckibben: Can't make this stuff up: corp hq of a bunch of the big tarsands cos were in the Calgary flood zone. #whenwillwelearn,LABEL_1,0.9999183416366576,"[None, 'Calgary', None]",,
“@pmharper: Briefing with @Premier_Redford and @nenshi. http://t.co/2CFZFKxcrH #abflood #yycflood” Bringing in the big guns #abflood,LABEL_1,0.9999169111251832,"['Alberta', 'Calgary', None]",,
RT @CBCAlerts: Power restored to 53% of #Calgary's downtown  - and power is back in all but 9 neighbourhoods. #abflood,LABEL_1,0.9999158382415771,"['Alberta', None, ""Calgary's downtown""]",,
RT @MardaLoopCA Want to volunteer with to clean up after #yycflood? Register with  @yychelps at http://t.co/9aQ6hgxUlq   #yychelps,LABEL_1,0.9999165534973145,"[None, 'Calgary', None]",,
@nenshi  Save water in Calgary... shower with a buddy. ;) #yycflood,LABEL_1,0.9999181032180786,"[None, 'Calgary', None]",,
If I hear 1 more person use the #yycflood as a soap box to say we deserve it bc of tar sands I'm gunna lode my shhhh!! NOT the time!,LABEL_1,0.9998681545257568,"[None, 'Calgary', None]",,
RT @YourAlberta: How to volunteer: call Samaritans Purse at 1-866-628-6565 to add your name to the #abflood clean up list. | #yycflood #yyc…,LABEL_1,0.9999181032180786,"['Alberta', 'Calgary', None]",,
Is the Bow River flow remaining steady? Do we know yet if it has crested? #yycflood,LABEL_1,0.9999175071716307,"[None, 'Calgary', None]",,
What part of Restricted Water Use do these people in Harvest Hills not get? #yycflood @cityofcalgary #yyc http://t.co/VAfoh0FKhH,LABEL_1,0.9999191761016846,"[None, 'Calgary', 'Harvest Hills']",,
RT @ampcalgary: Latest from down by the Dome #yycflood http://t.co/hk3S6Syud7,LABEL_1,0.99991774559021,"[None, 'Calgary', 'the Dome']",,
"Nice move RT @PGATOURCanada: Update: @atbfinancial has agreed to match @GrahamDeLaet's donations to #ABFlood relief $1K/ birdie, $2.5K/eagle",LABEL_1,0.999911904335022,"['Alberta', None, None]",,
"11am Emerg Update: In many places the 'system' is re-energized, but building needs inspection before power turned on. #YYC #ABFlood",LABEL_1,0.9999195337295532,"['Alberta', 'Calgary', None]",,
To all of our southern AB members and colleagues... Stay safe and dry.  All the best during this disaster. #iap2 #abflood,LABEL_1,0.9999184608459472,"['Alberta', None, None]",,
@ssedoga worst so far #recordrainfall in #yyc #calgary #unexpected for this area. Suspect #yycfloods likely to #continue in future.,LABEL_1,0.9999181032180786,"[None, 'Calgary', None]",,
@nenshi you say to stay out of certain DT areas while employers want employees to come to work. Who do we listen to? #yycflood,LABEL_1,0.9997212290763856,"[None, 'Calgary', 'DT areas']",,
"RT @NealaBarton: This is High River, AB from the air. Thoughts are with all who calls this town home. Just astounding. #abflood http://t.co…",LABEL_1,0.9999171495437622,"['Alberta', None, 'AB']",,
RT @EllisFun: Once we get this #yycflood cleaned up it's going to be more than evident why we all need to #shoplocal and support our own ne…,LABEL_1,0.9999165534973145,"[None, 'Calgary', None]",,
"RT @YourAlberta: Update on #abflood response, including how to access Alberta govt services: http://t.co/Ye13uxCCNx (Sat 4pm)",LABEL_1,0.9999182224273682,"['Alberta', None, None]",,
Alberta must've slept with Mother Nature then never called her. #ABfloods,LABEL_1,0.9999165534973145,"['Alberta', None, None]",,
"RT @klaszus: Heartbreaking to think of city archives, @nmc_canada artifacts & @calgarylibrary materials being lost to #yycflood. #abflood",LABEL_1,0.9999169111251832,"['Alberta', 'Calgary', None]",,
Sally on the media: 'Everyone was talking about the Saddledome ... You forgot about us.' #abflood,LABEL_1,0.9999165534973145,"['Alberta', None, 'Saddledome']",,
Dear #Alberta: These floods are #climate change. http://t.co/WyAhqeCt1I #abflood #yycflood Excellent guest post by @MikeSoron.,LABEL_1,0.9999186992645264,"['Alberta', 'Calgary', None]",,
RT #yychelps @voyagevixen we are going to need volunteers with trucks to help us deliver items to the #Siksika and #Morler areas! #yycflood,LABEL_1,0.9999183416366576,"[None, 'Calgary', 'Morler areas']",,
@YYCFlood In the wake of #yycflood Place2Give has created emergency flood relief fund http://t.co/r3Qj59Y5Gz for grassroots initiatives,LABEL_1,0.9999184608459472,"[None, 'Calgary', None]",,
Shout out to Ward 9 team for their flood volunteer coordination in Erlton! Thanks for all your hard work!!! @gccarra #yycflood #Erlton #yyc,LABEL_1,0.9999179840087892,"[None, 'Calgary', 'yyc']",,
"AB lawyers/staff who lost LESA materials in #abflood - free, immediate access to electronic versions. http://t.co/VOWdStQNvI Pls RT.",LABEL_1,0.9999178647994996,"['Alberta', None, None]",,
RT @DNSDj: The @CBCCalgary is calling this one of the #worst #natural #disasters in #Canadian history. #yycflood #abfloods,LABEL_1,0.9999186992645264,"[None, 'Calgary', None]",,
RT @Calgary_News: Latest #YYC #Calgary Pre-loaded debit cards for Calgary and Canmore flood victims available Sunday afternoon http://t.co/…,LABEL_1,0.9999185800552368,"[None, 'Calgary', 'Canmore']",,
Thank you to all the Calgarians who've been helping flood relief efforts. Your work is invaluable. #yycflood #yycfloodhero,LABEL_1,0.9999159574508668,"[None, 'Calgary', None]",,
RT @cityofcalgary: .@nenshi good news - the Elbow is down to 60 CMS - normal flow rate for this time of year #yycflood,LABEL_1,0.9999182224273682,"[None, 'Calgary', None]",,
AB Gov't testing flow of River in #drumheller #abflood http://t.co/2rrKYBqCOw,LABEL_1,0.9999151229858398,"['Alberta', None, 'drumheller']",,
Oil capital to be shut for days after flooding | Canada | News | Ottawa Sun http://t.co/mXFRK2Vlkm,LABEL_1,0.9999164342880248,"[None, None, 'Canada']",,
RT @YYCFlood: Photo: Someone needs a doggy bath! http://t.co/QezS02WIui #yycflood,LABEL_1,0.9998905658721924,"[None, 'Calgary', None]",,
RT @CIAwesome: COP @WinSportCanada is at capacity as evac centre. Please check calgary.ca for other locations to go to #yycflood #abflood,LABEL_1,0.999919295310974,"['Alberta', 'Calgary', None]",,
@canadianfknalex Stay tuned to http://t.co/P3RJEsE07W for updates on community re-openings. #yycflood,LABEL_1,0.999895453453064,"[None, 'Calgary', None]",,
RT @HuwpHuw: CANADA FLOODS: Is #Alberta #flooding a sign of climate change? Asks @DavidSuzukiFDN http://t.co/SyiF7eButI,LABEL_1,0.9999189376831056,"['Alberta', None, 'CANADA']",,
"#Flooding Forces 75,000 from Western #Candian Homes. http://t.co/tXUWH7EzNN via @wordpressdotcom #Canada #Floods",LABEL_1,0.9999127388000488,"[None, None, 'Canada']",,
Emergency task force reconvened to spearhead Alberta flood recovery: The provincial government says it will... http://t.co/WVob9Dl3qF,LABEL_1,0.999916672706604,"['Alberta', None, None]",,
Qualico opens some showhomes to people displaced by Calgary flooding http://t.co/Z2Yy2fWgNZ,LABEL_1,0.9999158382415771,"[None, 'Calgary', None]",,
"Update: Eden Valley This is river n it's still raining,water treatment plant needs repairing #abflood #yycflood http://t.co/tsodfvyo2g",LABEL_1,0.9999157190322876,"['Alberta', 'Calgary', 'Eden Valley']",,
RT @Paramedic_Mike: Wondering why the @TimHortons #AlbertaRose donut benefiting @redcrosscanada #ABFlood efforts is not avail cross #Canada…,LABEL_1,0.9999042749404908,"['Alberta', None, 'Canada']",,
Flood discussed as Edmontonians celebrate Canada’s birthday. http://t.co/9uoAtOhtDi #yeg,LABEL_1,0.9993005990982056,"[None, 'Edmonton', None]",,
RT @MikeHudema: #Climate scientist David Keith from flooded #YYC basement says #abflood should be wake-up call: http://t.co/Q8O7y28lI2 #abl…,LABEL_1,0.9999189376831056,"['Alberta', 'Calgary', 'YYC basement']",,
Wondering how you can help with the #yycflood ? Check out http://t.co/X0jXKxkcz3 to sign up for volunteer notification. #yychelps,LABEL_1,0.9999167919158936,"[None, 'Calgary', None]",,
RT @cityofcalgary: State of Local Emergency will remain in place for at least another 7 days #yycflood #yyc,LABEL_1,0.9999184608459472,"[None, 'Calgary', None]",,
RT @JShoota1: My brother snapped this pic of @TheoFleury14 buying supplies for the needy at Okotoks Costco. #abflood #yycflood http://t.co/…,LABEL_1,0.999914050102234,"['Alberta', 'Calgary', 'Okotoks Costco']",,
RT @CalgaryPolice: Please help us out and stay away from the water and closed bridges. Lets all be safe. #yycflood. #yyc.,LABEL_1,0.9999171495437622,"[None, 'Calgary', None]",,
RT @AHS_media: Got health/safety questions about #abflood recovery? Dr. Musto is here at 3 http://t.co/pQHFz72TPt answer them. #yycflood #A…,LABEL_1,0.9999186992645264,"['Alberta', 'Calgary', None]",,
so the city of Calgary are hoping for a new arena due to flooding.  Not on mu watch!!!!!!!!,LABEL_1,0.9999184608459472,"[None, 'Calgary', None]",,
RT @Mookalicious: I am blown away by this. The Dome has pumped out every drop of water!!  #abflood! http://t.co/kbPUZbWzim,LABEL_1,0.9999191761016846,"['Alberta', None, None]",,
RT @AustinPowers44: Downtown Calgary evacuated as flooding takes turn for the worse | Edmonton | News | Edmonton Sun http://t.co/hW0r1tHDP6,LABEL_1,0.9999183416366576,"[None, 'Edmonton', 'Downtown Calgary']",,
"RT @slackadjuster: Calgary Alberta Canada Emergency Flooding Disaster Saw earlier 75,000 evacuated & in shelters tonight #AB #ABFlooding",LABEL_1,0.999914288520813,"[None, None, 'Calgary Alberta Canada']",,
RT @canadianwitch75: #yycflood anyone have pictures of Deer Run area around 146 ave.,LABEL_1,0.999919295310974,"[None, 'Calgary', '146 ave']",,
Photo: Had a Great Saturday! Played some #Guitar Helped pull out the work truck #Hino #YYCFloods played some... http://t.co/a9y1OI8yk1,LABEL_1,0.9972207546234132,"[None, None, None]",,
"Stuck in Cochrane with no Internet to get update emails. So if the dam opens more, someone let me know #fml #abflood #poolsopen",LABEL_1,0.9999109506607056,"['Alberta', None, 'Cochrane']",,
RT @CTVecarpenter: Good news. RCMP say west and eastbound #transcanada will be open within hours #abflood,LABEL_1,0.9999189376831056,"['Alberta', None, 'transcanada']",,
@GlobalCalgary who is this reporter jamie in Canmore reporting on an iphone since thursday and can we PLEASE give her an award!? #abflood,LABEL_1,0.9997909665107728,"['Alberta', None, 'Canmore']",,
"RT @llearth: Calgary wakes to swollen rivers, powerless downtown core  http://t.co/tydO4lEdbW #yycflood http://t.co/Fe4lVu56f8",LABEL_1,0.9999183416366576,"[None, 'Calgary', None]",,
Worst hit in #Alberta flooding:  High River...where every home needs to be inspected before residents can return.  #floodingdisaster,LABEL_1,0.999914288520813,"['Alberta', None, 'High River']",,
"RT @yychelps: Please ask your followers to follow us! The more followers we can get, the more help we can give! #yychelps #yycflood #calgar…",LABEL_1,0.9999185800552368,"[None, 'Calgary', None]",,
"Calgary flooding forces 75,000 from homes http://t.co/bwWWTlsqtY",LABEL_1,0.9999173879623412,"[None, 'Calgary', None]",,
"RT @WenBraun: Red Deer River, Drumheller now expected to crest at 12:00am Monday http://t.co/KMuUjIXfeG #abflood #dhflood",LABEL_1,0.9999186992645264,"['Alberta', None, None]",,
RT @REactionMike: Businesses taking advantage and profiting from of #abflood are not considering the lifetime value of a customer. http://t…,LABEL_1,0.9999176263809204,"['Alberta', None, None]",,
RT @BruceMcCurdy: Scary stuff. RT: @paul_dunphy We're now hearing that the Saddledome  might be half-filled with water. #yyc #abflood via…,LABEL_1,0.9999191761016846,"['Alberta', 'Calgary', 'Saddledome']",,
RT @redcrosscanada: We are accepting financial donations to assist people affected by flooding in Alberta: http://t.co/Xd9mbM2uj8 #abflood,LABEL_1,0.9999165534973145,"['Alberta', None, None]",,
"RT @GlobalCalgary: VIDEO: Army helps High River cleanup, Premier Alison Redford surveys damage. http://t.co/JO5r1jAQCX #abflood",LABEL_1,0.9999172687530518,"['Alberta', None, 'High River']",,
Cabinet minister says no to Rossdale power plant demolition: Alberta Culture Minister Heather Klimchuk said... http://t.co/het1dS4gJM,LABEL_1,0.9999135732650756,"[None, None, 'Rossdale power plant']",,
@ampcalgary bought some groceries for a homeless evacuee this weekend. #happytohelp #yycflood,LABEL_1,0.9999164342880248,"[None, 'Calgary', None]",,
RT @McD_Canada: Please help Albertans affected by flooding and make a donation to @RedCrossCanada at our restaurant locations in #Alberta #…,LABEL_1,0.99991774559021,"['Alberta', None, None]",,
RT @Mookalicious: This pic of an awesome firefighter in Mission needs to go viral.  Please share! #abflood http://t.co/H1YF3RhJZs,LABEL_1,0.999918818473816,"['Alberta', None, 'Mission']",,
Thank you to the @MH_Firefighters who waved to my daughter from their fire truck. Made her day! #medhat #localheros,LABEL_1,0.9998787641525269,"[None, None, None]",,
The hashtag #abflood took the 1st place in the Top20 of Edmonton's Trends for Saturday 22: http://t.co/b0llsM3s3B,LABEL_1,0.9383620619773864,"['Alberta', 'Edmonton', None]",,
30 Years of Calgary Flood Warnings Fell on Deaf Ears http://t.co/earVND2kF0,LABEL_1,0.9999167919158936,"[None, 'Calgary', None]",,
"At least one really great thing will come of this flood, the disgusting Calgary Stampede might be cancelled.",LABEL_1,0.9999182224273682,"[None, None, None]",,
RT @Cmdr_Hadfield: Disaster Cam - we installed a telescope on ISS that's helping see extent of Alberta flooding: https://t.co/s4jMcCjNgN ht…,LABEL_1,0.9999189376831056,"['Alberta', None, None]",,
"If anyone had some time and energy, Jill and I could use a few hands to help muck out our basement! #yycflood #wetsos",LABEL_1,0.9998736381530762,"[None, 'Calgary', None]",,
RT @Mookalicious: This pic of an awesome firefighter in Mission needs to go viral.  Please share! #abflood http://t.co/H1YF3RhJZs,LABEL_1,0.999918818473816,"['Alberta', None, 'Mission']",,
RT @calgaryherald: The details you need to know about the Calgary flooding situation this morning: http://t.co/vQ6w1T67lF #yyc #yycflood,LABEL_1,0.9999183416366576,"[None, 'Calgary', None]",,
RT @technocardy: There is NO NEED to hoard water! Water quality is HIGH and there are NO boil water advisories. #yycflood #abflood,LABEL_1,0.9999178647994996,"['Alberta', 'Calgary', None]",,
RT @YourAlberta: #highriver Welcome Centre processed about 400 homes in first 2 hours today. Thank you to staff and volunteers! #abflood,LABEL_1,0.99991774559021,"['Alberta', None, 'highriver Welcome Centre']",,
@DavidSuzuki “@davecournoyer chart showing record water flows in #yyc's Bow River Big floods 1932 1929 1870 #abflood http://t.co/4rom9dMfLC”,LABEL_1,0.9999181032180786,"['Alberta', 'Calgary', 'yyc']",,
RT @Mookalicious: This pic of an awesome firefighter in Mission needs to go viral.  Please share! #abflood http://t.co/H1YF3RhJZs,LABEL_1,0.999918818473816,"['Alberta', None, 'Mission']",,
How long until things become normal what kind of question is that? Half the city is under water of course it's going to take a long time.,LABEL_1,0.9995813965797424,"[None, None, None]",,
Strange timing to leave town hours before the evacuation call! #yycflood,LABEL_1,0.9999173879623412,"[None, 'Calgary', None]",,
nakakainis naman ang calgary i thought only philippines have a stupid flood but even canada too uggghhh http://t.co/OKyz0iEkOw i can't sleep,LABEL_1,0.9999161958694458,"[None, 'Calgary', 'canada']",,
RT @MonetteScott: Calgary floods spotlight cities' costly failure to plan for climate change\http://t.co/2yA2Je61uf,LABEL_1,0.9999170303344728,"[None, 'Calgary', None]",,
Thanks you to all the @CalgaryPolice for keeping everyone safe in the rough time.. It truly means a lot to all calgarians ! #yycflood,LABEL_1,0.9999186992645264,"[None, 'Calgary', None]",,
RT @AndrewSchultzWX: Breakfast Television Calgary is Live on City with Flood Updates. #abflood #yyc #calgary,LABEL_1,0.9999171495437622,"['Alberta', 'Calgary', None]",,
@permitmasters Our gallery is on that block. Are they allowing access to the area? #yycflood,LABEL_1,0.9998940229415894,"[None, 'Calgary', None]",,
RT @WayneEClarke: Thank you @TELUS 4 charging me a 1 month cancellation fee to cancel my phone after my place was destroyed in the #abflood…,LABEL_1,0.9999172687530518,"['Alberta', None, None]",,
RT @weathernetwork: Kananaskis Country Public Safety Section shared this incredible aerial photo of the #abflood damage in #Canmore: http:/…,LABEL_1,0.999919295310974,"['Alberta', None, 'Canmore']",,
"These were once train tracks, believe it or not.  O_O #yycflood http://t.co/m8uRYsiqax",LABEL_1,0.9997358918190002,"[None, 'Calgary', None]",,
RT @kylevandelft: Check out the #YYCFlood flicker group. Lots of photos showing the power of water! #ABFlood http://t.co/Ux4zyyUmjb,LABEL_1,0.9999189376831056,"['Alberta', 'Calgary', None]",,
"RT @CTVCalgary: Mayor Nenshi says Stampede may look different than last year, but it will happen.\#abflood #yycflood @nenshi",LABEL_1,0.9999172687530518,"['Alberta', 'Calgary', None]",,
"RT @Edmontonsun: Wonderful news! In less than 48 hours, roughly $2.1 million has been raised for #ABflood relief efforts, says Cdn. Red Cro…",LABEL_1,0.9999179840087892,"['Alberta', None, None]",,
RT @mariamdena: How you can help Alberta flood victims http://t.co/mpr4JZ5hDJ #abflood,LABEL_1,0.9999165534973145,"['Alberta', None, None]",,
Waiting out the floods @wilw style with some tabletop featured games! Ticket to ride and gloom! Keep dry folks. #yycflood #crisiswithstyle,LABEL_1,0.9998608827590942,"[None, 'Calgary', None]",,
I've always known that Calgary was a kick ass town but this week has proven it nationwide!! #calgarystrong #abflood @jannarden @nenshi,LABEL_1,0.9999109506607056,"['Alberta', 'Calgary', None]",,
RT @AaronCatsMedia: @calstampeders please help and rt!\Stolen during the #calgary flood. Last seen in blue pickup. Reward offered. http://t…,LABEL_1,0.9999184608459472,"[None, 'Calgary', None]",,
RT @epcor: EPCOR crews leaving #YEG heading out to help restore power in #YYC. #ABflood http://t.co/08bpi3Nm49,LABEL_1,0.9999195337295532,"['Alberta', 'Calgary', 'YYC']",,
"Queensland Liquor Store in Calgary is gouging flood victims, charging $20 for a bag of ice. Spread the word, let them know its unCanadian",LABEL_1,0.9999157190322876,"[None, 'Calgary', None]",,
Flood of the century here in Calgary and were heading to #ranchmans to party.. Yup #noshitstobegiven @amdusterhoft,LABEL_1,0.999909520149231,"[None, 'Calgary', 'ranchmans']",,
RT @TheAlexCHC: Alberta flood cleanup volunteers told to protect their health http://t.co/YPTJWXOj55,LABEL_1,0.9999171495437622,"['Alberta', None, None]",,
@HLNTV  please RT to get the word out. We are going to need help to recover #calgaryflood   http://t.co/Qm6Sb3ZV7f,LABEL_1,0.9999175071716307,"[None, None, None]",,
Flood Impact Assessment Survey: Calgary Arts Development - http://t.co/Lbr7Kx3SHZ via @Shareaholic,LABEL_1,0.9999182224273682,"[None, 'Calgary', None]",,
RT @AmandaLogan: Stay Safe! RT @weathernetwork: Another view of @calgaryzoo island from the air. Thanks Michelle Zimmer. #yycflood http://t…,LABEL_1,0.9999057054519652,"[None, 'Calgary', '@calgaryzoo island']",,
Vehicles stranded in Medicine Hat flood waters VIDEO ttp://instagram.com/p/a6uFxmC65q/,LABEL_1,0.9999171495437622,"[None, None, 'Medicine Hat']",,
"RT @AliVelshi: As a Canadian, I'm really proud of mayor Naheed @Nenshi's handling of the #Calgary floods, & of the people of Alberta",LABEL_1,0.9999179840087892,"['Alberta', None, None]",,
#climat “@HuffPostGreen: Obama: Those who are already feeling the effects of climate change don't have time to deny it.” @CP24 #abflood,LABEL_1,0.9999099969863892,"['Alberta', None, None]",,
@Bergg69 After Hurricane Hazel in the 50's #Toronto made floodplain parkland. People more important than development profit. #abflood,LABEL_1,0.9999170303344728,"['Alberta', None, 'Toronto']",,
"High River re-entry criteria: All homes are inspected, classified and cleared by inspectors for occupancy. (3/6) #abflood",LABEL_1,0.9999178647994996,"['Alberta', None, 'High River']",,
Team #Flexpipe not out today but made an impact. Many msg's about joining the team & how to get involved! #yycflood http://t.co/GDZAuQmL8y,LABEL_1,0.9999011754989624,"[None, 'Calgary', None]",,
"RT @DruhFarrell: If leaving fridges or freezers on front lawn, please take the doors off for safety reasons. #yycflood",LABEL_1,0.9999003410339355,"[None, 'Calgary', None]",,
RT @RedCrossAB: PLZ RT: Red Cross will be doing #abflood community outreach and support today at the following locations from 10 to 5 http:…,LABEL_1,0.9999186992645264,"['Alberta', None, None]",,
RT @BauerHockey: Thoughts and prayers are with the people of Calgary and southern Alberta that have been affected by the floods. #calgaryfl…,LABEL_1,0.9999158382415771,"[None, 'Calgary', 'southern Alberta']",,
RT @StarbucksCanada: Make a difference in #Alberta. Visit your participating store to make a donation to the Red Cross #abflood http://t.co…,LABEL_1,0.99991774559021,"['Alberta', None, None]",,
Residents of #Banff &amp; Lake Louise have their power back. It was out all night after a transformer flooded. A long night for crews. #abflood,LABEL_1,0.9999163150787354,"['Alberta', None, 'Lake Louise']",,
@jeanniedixon the water is 3 to 4 metres deep in some areas.,LABEL_1,0.9998045563697816,"[None, None, None]",,
Like many in #YYC @PaulNorris5 found a way to help out & teach his kids an important lesson http://t.co/wC7QjfwHOY #ABflood,LABEL_1,0.9999161958694458,"['Alberta', 'Calgary', None]",,
#comehellorhighwater #yycflood Thank All Volunteers And Praise All Emergency Workers!! @ProfileTree http://t.co/WvKq4fjeRf,LABEL_1,0.9999185800552368,"[None, 'Calgary', None]",,
"RT @wick_22: Alright Calgary, another big day to make a dent! All hands on deck, but be safe and smart. #wearyourmask #yycflood",LABEL_1,0.9999185800552368,"[None, 'Calgary', None]",,
EMERG Update/11:30am: Bow River Looks like we are holding Elbow River is dropping too.  #YYC #ABflood,LABEL_1,0.9999176263809204,"['Alberta', 'Calgary', 'Elbow River']",,
RT @Cara_Henry: #yycfloodhero  Kevin Altheim after he rescued this fawn from the river near Bowness. Pic by Jim Sherwood # #abflood http://…,LABEL_1,0.9999185800552368,"['Alberta', None, 'Bowness']",,
"RT @ShelleyLarose: “@CampbellMLA: Red Cross teams are on the ground in Siksika, Morley and Eden Valley #abflood” yeah! @redcrosscanada doin…",LABEL_1,0.9999152421951294,"['Alberta', None, 'Eden Valley']",,
RT @encana: Volunteer & donation info. for #Encana staff can be found here http://t.co/299CdGoYsK or on ECN. #yycflood #ABflood,LABEL_1,0.9999186992645264,"['Alberta', 'Calgary', None]",,
RT @CampbellMLA: @kenhughesMLA and I talking with people at Siksika.  Amazing support from neighboring municipalities. #abflood http://t.co…,LABEL_1,0.9999159574508668,"['Alberta', None, 'Siksika']",,
Update #11 for All Suncor Personnel in the Calgary Area - June 27 http://t.co/kJaOwxFX3s #yyc #ABFloods #yycfloods,LABEL_1,0.9999105930328368,"[None, 'Calgary', 'Calgary Area']",,
"RT @YahooNews: Flooding kills 3, forces 75,000 from Calgary homes: http://t.co/b7ex163ipv http://t.co/53DjAYzjM9",LABEL_1,0.9999176263809204,"[None, 'Calgary', None]",,
"amazing!!!! Thankyou. RT “@Mookalicious: Ok Calgary, let's give this some RT love. It's awesome!! #abflood http://t.co/utul42vrKQ”",LABEL_1,0.9999184608459472,"['Alberta', 'Calgary', None]",,
RT @InsuranceBureau: Video of the Canmore flood provides context to those outside the province. http://t.co/xclmSFvEoi #ABflood #ABstorm,LABEL_1,0.9999178647994996,"['Alberta', None, 'Canmore']",,
RT @CTNCalgary: Calgary - closed for flood  bothways Heritage Drive at 11Th Street Se,LABEL_1,0.9999152421951294,"[None, 'Calgary', '11Th Street Se']",,
@JimCarrey you should give a shout out to all the people effected by the floods and all the people helping to clean up AMAZINGYYC #yycfloods,LABEL_1,0.9999171495437622,"[None, None, None]",,
RT @Tangroo: Is it true that @CallingwoodReg won't let a soldier reschedule a test after he was deployed to help flood victims? #yycflood #…,LABEL_1,0.9999189376831056,"[None, 'Calgary', None]",,
@matt_klatt Check out: https://t.co/hcG0EImbEO or https://t.co/wwfy7CTN7z #abflood,LABEL_1,0.9998063445091248,"['Alberta', None, None]",,
Look! Helmets!! RT @clasicmac: Love this pic!!! Police keeping our streets safe overnight. #yycflood #abflood http://t.co/1U31GzvLho,LABEL_1,0.9999191761016846,"['Alberta', 'Calgary', None]",,
RT @Premier_Redford: AEMA has deployed field officers to assist Siksika & other First Nations. Stay safe! #abflood,LABEL_1,0.9999169111251832,"['Alberta', None, None]",,
Calgary flood: Alberta residents describe what they’re seeing – CBC.ca http://t.co/3FGMEoW7xA,LABEL_1,0.9999172687530518,"['Alberta', None, None]",,
Alberta flood: 'I watched a refrigerator go by. It's insane' http://t.co/0mQxhFB45r,LABEL_1,0.9999183416366576,"['Alberta', None, None]",,
RT @redcrosscanada: We are accepting financial donations to assist people affected by flooding in Alberta: http://t.co/Xd9mbM2uj8 #abflood,LABEL_1,0.9999165534973145,"['Alberta', None, None]",,
RT @nenshi: This long weekend is a great time to celebrate Canada by helping our neighbours. Flood volunteer checklist here: http://t.co/It…,LABEL_1,0.9998942613601683,"[None, None, 'Canada']",,
RT @AnthonyDiMoro: Hope all are safe in Calgary. Prayers to my followers and their friends/family who have been affected by the flooding. S…,LABEL_1,0.9999161958694458,"[None, 'Calgary', None]",,
A few simple tips from AHS that will help keep our volunteers safe! #yychelps #yycflood http://t.co/9B7rWLpr58,LABEL_1,0.9999136924743652,"[None, 'Calgary', None]",,
Trying another route. My fab rubber boots are inside my dang house! Of course they are! #yycflood #murphyslaw,LABEL_1,0.999775230884552,"[None, 'Calgary', None]",,
"RT @CC4currie: RT pls!Calgary-Currie office accepting basic pantry items:salt/pepper,peanut butter,ketchup, flour 2108B 33 Ave SW #yycflood…",LABEL_1,0.9999126195907592,"[None, 'Calgary', '2108B 33 Ave SW']",,
RT @Y2Y_Initiative: Here is one perspective on the floods and water situation in Southern Alberta. http://t.co/oA6rkwlUNL,LABEL_1,0.9999172687530518,"[None, None, 'Southern Alberta']",,
"RT @Mookalicious: 10th street bridge is close to being under water!  These images are real, although hard to believe! #yycflood http://t.co…",LABEL_1,0.9999181032180786,"[None, 'Calgary', '10th street bridge']",,
THANK YOU!!!!!!!!!! @ENMAX for all of your hard work in getting power to the @EastVillageYYC  SOO HAPPY RIGHT NOW. #yyc #yycflood,LABEL_1,0.9999115467071532,"[None, 'Calgary', '@userastVillageYYC']",,
RT @nmc_canada: Siksika needs help http://t.co/RxCjmb2vOI You can drop off supplies here: http://t.co/EPNDxbHJF2 #yyc #yycflood #abflood,LABEL_1,0.9999179840087892,"['Alberta', 'Calgary', None]",,
RT @thejoshda: VIDEO: The Great Canmore Flooding of 2013. This where we went for our honeymoon. Everything has changed. #abflood http://t…,LABEL_1,0.9999157190322876,"['Alberta', None, None]",,
AB arts groups affected by recent floods asked to complete impact assessments: http://t.co/1PkyIaiduz @CalgaryArtsDev @AFA1991 #yycflood,LABEL_1,0.9999185800552368,"[None, 'Calgary', None]",,
RT @cityofcalgary: .@aermter At no point were the @calgaryzoo big cats in the Calgary Court House. #yycflood,LABEL_1,0.9999169111251832,"[None, 'Calgary', 'Calgary Court House']",,
"Whether or not climate change played a role in #ABfloods, now is not the time for snide commentary. Be a good human. #yeg #yyc #yycflood",LABEL_1,0.9999186992645264,"[None, 'Calgary', None]",,
...the total and donate it to the Red Cross for #abflood relief efforts. Head down there to support to worthy causes!,LABEL_1,0.999914526939392,"['Alberta', None, None]",,
RT @cdn_84: RT @gaie: My BFF sent me this pic from Calgary.$20 for a bag of ice\Queensland Liquor Store\#pricegouging #yyc #abflood...,LABEL_1,0.9999186992645264,"['Alberta', 'Calgary', None]",,
I was scared for my father and my sister Massive flood forces #ComoxValley man's family out of #Highriver home now on @CTVNewsVI #abflood,LABEL_1,0.9999182224273682,"['Alberta', None, 'Highriver home']",,
RT @redcrosscanada: Red Cross accepting financial donations to assist people affected by flooding in Alberta: http://t.co/Xd9mbM2uj8  #abfl…,LABEL_1,0.9999172687530518,"['Alberta', None, None]",,
Alberta floods: before and after photos  #abflood,LABEL_1,0.9999135732650756,"['Alberta', None, None]",,
"RT @RobinsonMegan: Only in Calgary, does a natural disaster turn into a neighbourhood block party. #YYCFlood.",LABEL_1,0.99991774559021,"[None, 'Calgary', None]",,
"RT @kimrobyn: Love hearing about all the restaurants, food trucks and other businesses pitching in and helping the evacuees! #yycflood #yyc…",LABEL_1,0.9999183416366576,"[None, 'Calgary', None]",,
"Yep, Fish Creek Park is flooded too!! Good thing I brought my life jacket. #flood #yycflood http://t.co/QhAqvQJggN",LABEL_1,0.999919056892395,"[None, 'Calgary', 'Fish Creek Park']",,
#yycflood just emptied freezers and heard power coming back in a few hours.  Feel like I'm in an alanis morisette song.,LABEL_1,0.9999183416366576,"[None, 'Calgary', None]",,
I don't like working from home... I'm never as productive as I would be if I were at the office @FieldLaw #yycfloods #ilikepeople,LABEL_1,0.9995982050895692,"[None, None, None]",,
My jaw is dropped with the images on @GlobalCalgary #abflood #yycflood,LABEL_1,0.9999163150787354,"['Alberta', 'Calgary', None]",,
1000s of people show up for 600 volunteer positions with #cityofcalgary #yyc #yycflood #mcmahonstadium… http://t.co/LHblC9ahSg,LABEL_1,0.999919056892395,"[None, 'Calgary', 'mcmahonstadium']",,
RT @cityofcalgary: 1/4If your home is in a self-assessed area don't forget to follow these steps before entering. #yycflood http://t.co/6Sp…,LABEL_1,0.999919295310974,"[None, 'Calgary', None]",,
RT @EllisFun: Once we get this #yycflood cleaned up it's going to be more than evident why we all need to #shoplocal and support our own ne…,LABEL_1,0.9999165534973145,"[None, 'Calgary', None]",,
RT @CIAwesome: Amazing! Shaw has donated $1 million to @redcrosscanada to help with #abflood. You can make your donation here too: http://t…,LABEL_1,0.9999181032180786,"['Alberta', None, None]",,
RT @LondonDrugs: We're still welcoming those affected by the floods to come to any of our stores to charge your mobile devices. #abflood,LABEL_1,0.9999171495437622,"['Alberta', None, None]",,
I remember when there was a dry Calgary. #yyc #flood,LABEL_1,0.9999173879623412,"[None, 'Calgary', None]",,
RT @2SusanJohnson: Deadly #monsoon in #India & #floods in #Alberta remind us that big % of disasters r water related & affect millions.,LABEL_1,0.9999170303344728,"['Alberta', None, 'India']",,
#wisdom! RT @layseejay Friends-Volunteer because U want to make someone smile not because U want to tell social media U did #yycflood,LABEL_1,0.999769389629364,"[None, 'Calgary', None]",,
RT @WHLKootenayICE: Thoughts & prayers are with Southern Alberta and the @tigershockey as their arena floods #abfloods,LABEL_1,0.99991774559021,"[None, None, 'Southern Alberta']",,
"If you want to volunteer, go volunteer, says @nenshi. Don't need the city 2 tell u where to go, just help. #yycflood” @bronniedavies #dana",LABEL_1,0.9998776912689208,"[None, 'Calgary', None]",,
The Stampede Grounds are a lake right now. #abflood,LABEL_1,0.9999160766601562,"['Alberta', None, 'The']",,
Bloomberg: Severe Flooding Hits Calgary: Raw Video http://t.co/pWY1FjHHbD,LABEL_1,0.9999165534973145,"[None, 'Calgary', None]",,
RT @Sportsnet: The #Flames have released photos of inside the Saddledome following the flood: http://t.co/ACO5SczE62 #ABFlood #WeAreCalgary,LABEL_1,0.999919056892395,"['Alberta', None, 'Saddledome']",,
"Flood waters recede in Calgary - As record flood waters receded in parts of southern Alberta, Canada, residents in... http://t.co/yeYuGPGNl8",LABEL_1,0.9999151229858398,"[None, 'Calgary', 'Canada']",,
"RT @KikkiPlanet: Get your Kleenex & hankies, peeps! Hell or High Water - a theme song for a foothills town. #yyc #abflood  http://t.co/wb…",LABEL_1,0.9999161958694458,"['Alberta', 'Calgary', 'foothills town']",,
Automatic public pay rises to stop. Calgary flooding forces state of emergency extension.,LABEL_1,0.9999175071716307,"[None, 'Calgary', None]",,
They are expecting 30% more flow on the bow. What do you suppose that means? #yycflood,LABEL_1,0.9999063014984132,"[None, 'Calgary', None]",,
@kittylover7907 @Glam_Lee1 @SaulbertLove @saulbertglam @WKuittinen @adamlambert All of my family in Alberta is safe from the flood waters.,LABEL_1,0.9999104738235474,"['Alberta', None, None]",,
RT @redcrosscanada: We are accepting financial donations to assist people affected by flooding in Alberta: http://t.co/Xd9mbM2uj8 #abflood,LABEL_1,0.9999165534973145,"['Alberta', None, None]",,
Businesses accused of price gouging in #Calgary http://t.co/sjoGr7bBMt #abflood,LABEL_1,0.9999173879623412,"['Alberta', 'Calgary', None]",,
"Its just stuff, but #AB cant spare you RT@HeatherMLA: just been told to evacuate.  A big thanks to the Calgary Police. #unbelievable . .",LABEL_1,0.9998974800109864,"[None, None, None]",,
Morning chaparral valley! River at same height and pools only slightly larger at golf course. Homes safe and dry #yycflood,LABEL_1,0.9999183416366576,"[None, 'Calgary', 'golf course']",,
RT @cityofcalgary: Residents must visit a re-entry centre prior to returning home. Sites are still be established #yycflood,LABEL_1,0.9999194145202636,"[None, 'Calgary', None]",,
RT @cityofcalgary Residents of communities returning home are encouraged to read: http://t.co/rV5FzckR0p #yycflood #yyc,LABEL_1,0.999919295310974,"[None, 'Calgary', None]",,
"RT @cbcDougDirks: @nenshi If you're still standing, @WBrettWilson donating $1 for every tweet, RT of hashtag #OMGP to max 50k for #yycflood…",LABEL_1,0.9999170303344728,"[None, 'Calgary', None]",,
Alberta floods expected to cut Canada’s GDP growth in half: The worst floods in Alberta's history could cut... http://t.co/lG6Vge0FBL,LABEL_1,0.9999165534973145,"['Alberta', None, 'Canada']",,
".@Premier_Redford statement on $1 billion in emergency funding, next steps in #abflood recovery: https://t.co/VeKkZiNqI8",LABEL_1,0.9999167919158936,"['Alberta', None, None]",,
"Canada’s oil capital to be shut for days after flooding: CALGARY, Alberta, June 22 (Reuters) - Southern Albert... http://t.co/Vy6ag7c5Xm",LABEL_1,0.9999185800552368,"[None, None, 'Southern Albert']",,
RT @cityofcalgary: Have pics of the Calgary 2013 Flood?. Please share with friends and share with us. #yyc #yycphoto #yycflood http://t.co/…,LABEL_1,0.9999170303344728,"[None, 'Calgary', None]",,
RT @jeffcouillard: Have to share the #awesome things happening within the tragedy of #abflood. http://t.co/hvHcdya6iy #Morley #Cochrane,LABEL_1,0.9999184608459472,"['Alberta', None, 'Cochrane']",,
RT @cherylanne: #medicinehat officials now say the river will peak on Monday morning at record flood levels. #abflood,LABEL_1,0.9999176263809204,"['Alberta', None, None]",,
"RT @NewsTalk770: .@nenshi begins his briefing, sporting his @calstampeders jersey. Says this is a good news kind of day. #yycflood http:/…",LABEL_1,0.9998263716697692,"[None, 'Calgary', None]",,
RT @calgaryjournal: .@nenshi: Four men taken to hospital due to carbon monoxide poisoning from running machinery indoors #yycflood #abflood…,LABEL_1,0.9999172687530518,"['Alberta', 'Calgary', None]",,
RT @X929: 2 Hippos almost escaped from the Calgary Zoo during the flood. My dream of having a House Hippo was *this* close to reality #yycf…,LABEL_1,0.9999183416366576,"[None, None, 'Calgary Zoo']",,
"RT @ARRES3: M&M Canada Day BBQ after @AirdrieParades M&M, ARRES donating proceeds to Red Cross flood relief @AIR1061FM @City_of_Airdrie @Ai…",LABEL_1,0.999910831451416,"[None, None, None]",,
RT @ChadBrownlee: Hope everyone in Calgary are OK. Thinkin' about all of you guys. #yyc #flood,LABEL_1,0.9999184608459472,"[None, 'Calgary', None]",,
"RT @CTVNationalNews: We have team coverage of the floods in Alberta tonight, beginning with @JillMacyshonCTV with the situation in Calgary.…",LABEL_1,0.9999175071716307,"['Alberta', 'Calgary', None]",,
@JuanCharqueno @LMakeila I guess you know a thing or two about being scared of a disaster...,LABEL_1,0.999840259552002,"[None, None, None]",,
Did you know @willownatfood is open till 8 pm weekdays! @inglewoodyyc #shoplocal in areas affected #yycflood http://t.co/6dxOVxHHa9,LABEL_1,0.9997467398643494,"[None, 'Calgary', 'inglewoodyyc']",,
Hey @HuffPostAlberta we're all still stuck in #Canmore with no ETA on TCH opening. Our video log: http://t.co/l1aVaTjlgZ #ABFlood,LABEL_1,0.9998924732208252,"['Alberta', None, 'Canmore']",,
RT @jdetmold: #yycflood #abflood Reinforcements passing through to High River. Thanks to all who are helping! @canadianarmy http://t.co/7yk…,LABEL_1,0.9999169111251832,"['Alberta', 'Calgary', 'High River']",,
"Poppy Plaza is still breathing, but Memorial Drive pathway east of Bow is a river. #yycbike #chlive @ http://t.co/q9GDELhqF3",LABEL_1,0.9989221096038818,"[None, None, 'Bow']",,
Huge shout out to all the VOLUNTEERS and EMERGENCY RESPONDERS in Calgary and surround areas. #proudalbertan #yycflood #teamwork,LABEL_1,0.9999170303344728,"[None, 'Calgary', None]",,
RT @cenovus: Our DT offices will remain closed Tuesday as #yycflood cleanup continues. Staff can call 1-877-789-7750 for more info,LABEL_1,0.999919056892395,"[None, 'Calgary', 'DT offices']",,
RT @weathernetwork: Will become iconic photo of floods. RT @ShaneKeller #HighRiver Man swims after his cat Momo.. #abflood #yycflood http:/…,LABEL_1,0.9999183416366576,"['Alberta', 'Calgary', None]",,
RT @newswatchcanada: #Calgary orders evacuation of entire downtown core\#ABflood\#YYC\\http://t.co/9SGeifwGiW,LABEL_1,0.9999170303344728,"['Alberta', 'Calgary', 'downtown core']",,
RT @jrmonty12: Calgary Saddledome flood photo.  Water up to 9th row. http://t.co/N9XmAUciFX”,LABEL_1,0.9999176263809204,"[None, None, 'Calgary Saddledome']",,
Nenshi on helping flooded Calgarians: There is nothing preventing you from knocking on a neighbour's door. #abflood #,LABEL_1,0.9999175071716307,"['Alberta', None, None]",,
RT @CalgaryPolice: .@RidaChoudhry we are asking Calgarians to avoid any travel unless absolutely necessary. #yycflood,LABEL_1,0.9999171495437622,"[None, 'Calgary', None]",,
yup! come hell or high water! RT “@sonic1029: Calgary Stampede is a GO despite the flood damage! - RG”,LABEL_1,0.999919056892395,"[None, None, None]",,
@GlobalCalgary that would make inspection approx 3 times a day? They couldn't get in the water so what were they inspecting???,LABEL_1,0.99819415807724,"[None, None, None]",,
"@nenshi @ToriePeterson: When the state of emergency is lifted, I feel like the flame should be lit on the Calgary Tower. #yyc #yycflood",LABEL_1,0.9999186992645264,"[None, 'Calgary', 'Calgary Tower']",,
@CTVCalgary Two military helicopters just flew over the farm.  We're under the flight plan.  E of Didsbury  #abflood #yycflood,LABEL_1,0.9999181032180786,"['Alberta', 'Calgary', 'Didsbury']",,
RT @angryinalberta: #alberta Alberta flood victims mostly out of luck with insurance http://t.co/QOMRQ6ij06,LABEL_1,0.9999179840087892,"['Alberta', None, None]",,
@SarahSimMusic i wish i could see you live! I'm stuck drowning in Calgary!  #yycflood #abflood http://t.co/07AtKmOLV9,LABEL_1,0.9999181032180786,"['Alberta', 'Calgary', None]",,
Cat and owner swim for their lives in Canada flood http://t.co/rufSRnfDvn  via @NBCNewsPictures,LABEL_1,0.9999126195907592,"[None, None, 'Canada']",,
Edmonton Trail Relief Center has enough volunteers for today.  Thank you. #yycflood,LABEL_1,0.99991774559021,"[None, 'Calgary', None]",,
"RT @cityofcalgary: All Calgary Dams are operating as designed, there is NO risk of a dam breach. All Dams are safe and sound. #yyc #yycflood",LABEL_1,0.9999181032180786,"[None, 'Calgary', 'Calgary Dams']",,
RT @ENMAX: Pls do not approach any low-hanging or downed power lines at any time. Call 403-514-6100 or 911 immediately #yycflood http://t.c…,LABEL_1,0.999919295310974,"[None, 'Calgary', None]",,
RT @CBCAlerts: Medicine Hat could soon be divided north & south: city  .Possible Trans Canada bridge will close in 24 hours #abflood,LABEL_1,0.9999178647994996,"['Alberta', None, 'Trans Canada']",,
RT @JustinTrudeau: Communities impacted by the floods in Alberta urgently need our help - donate to the Canadian Red Cross: http://t.co/gLi…,LABEL_1,0.999915599822998,"['Alberta', None, None]",,
Might be easier to mark the roads that are open. #gridlock #yycflood http://t.co/CPX2S9mhpK,LABEL_1,0.9999035596847534,"[None, 'Calgary', None]",,
@CalgaryPolice what happens if someone stays in their house but the whole neighbourhood has been evacuated??,LABEL_1,0.9999172687530518,"[None, None, None]",,
RT @CTVMercedes: Special needs folks being evacuated from Kananaskis by military personnel. Photo credit: DND. #yycflood #abfloods http://t…,LABEL_1,0.9999170303344728,"[None, 'Calgary', 'Kananaskis']",,
RT @CTVNews: Tim Hortons creates 'Alberta Rose' doughnut to raise cash for flood relief http://t.co/jvtNo6RbkI #abflood,LABEL_1,0.9999157190322876,"['Alberta', None, 'Albert']",,
RT @PaulaTrotter: Oh my gosh! My sister just sent me this pic of MacLeod at 9th Ave SE. Insane. #yycflood #downtownyyc #abflood http://t.co…,LABEL_1,0.9999175071716307,"['Alberta', 'Calgary', 'downtownyyc']",,
RT @crudereporter: CIBC just said it will defer mortgage/loan/credit card payments to help #abflood victims afford the cost of being displa…,LABEL_1,0.9999158382415771,"['Alberta', None, None]",,
“@jannagummo: @tonygmarshall How bad were you hit? #ABFlood” Both home and biz are flooded. Cleaning up at home now - biz could take months,LABEL_1,0.9999191761016846,"['Alberta', None, None]",,
RT @CHARCUT: 20mim Alley Burger at CHARCUT in the original ALLEY!!! Free burgers or donations for @RedCrossAB  … #yycflood,LABEL_1,0.9999014139175416,"[None, 'Calgary', 'ALLEY']",,
@my3acres we still don't know. As of 1 hour ago we still have no way out other than through BC #abflood,LABEL_1,0.9999189376831056,"['Alberta', None, 'BC']",,
"RT @kimpagegluckie: RT @dominique_mac: Please help find David! He was evacuated, may be in #yycflood shelter. Ask to call sister Debra http…",LABEL_1,0.9999183416366576,"[None, 'Calgary', None]",,
RT @cityofcalgary: Please remember to call 911 only in case of emergency @calgarypolice #yyc #yycflood,LABEL_1,0.999919056892395,"[None, 'Calgary', None]",,
RT @nenshi: Please stay clear of downtown tomorrow (if you can). There will be a number of road closures. #yycflood #yyc,LABEL_1,0.9999185800552368,"[None, 'Calgary', 'downtown']",,
"RT @lonnietaylor: Downtown smells like a wet dog. Not the worst thing I've smelled down here, but noticeable. #yycflood",LABEL_1,0.9999139308929444,"[None, 'Calgary', 'Downtown']",,
Security is on hand to protect homes#Alberta Floods#those trying to exploit the situation will be responded to by officials,LABEL_1,0.9999165534973145,"[None, None, None]",,
"RT @AgentMaple: Anyone else, please visit redcross.ca or call 1-800-418-1111 to donate anything for Alberta Flood Relief. #abfloods #yycflo…",LABEL_1,0.9999175071716307,"['Alberta', None, None]",,
@saskajules Same. Been glued to #abflood coverage since yesterday. Hoping we get spared.,LABEL_1,0.999916672706604,"['Alberta', None, None]",,
Looks like we will be spreading some music while someone spreads some debit cards tomorrow for #abflood. #staytuned,LABEL_1,0.9999184608459472,"['Alberta', None, None]",,
Event downtown tonight with Jeannette Walls CANCELLED due to #yycflood http://t.co/DTtwC8PeGh,LABEL_1,0.9999126195907592,"[None, 'Calgary', None]",,
Edmonton Fire & Rescue showed up at the communities that were hit hard by the flooding in Calgary. I know of at... http://t.co/JKMoqYxegQ,LABEL_1,0.9999169111251832,"[None, 'Calgary', None]",,
"RT @CBCCalgary: Alberta flood zone development was a mistake, former MLA says http://t.co/UbWPdrZThv",LABEL_1,0.999916672706604,"['Alberta', None, None]",,
"RT @HomeDepotCanada: #Calgary, please follow this link for our official statement on #yycflood water price concerns - http://t.co/xZ67SErquS",LABEL_1,0.9999186992645264,"[None, 'Calgary', None]",,
Can someone send a raft to Churchill Square? We're about to be underwater.,LABEL_1,0.9864691495895386,"[None, None, 'Churchill Square']",,
Your Council is at City Hall getting essentials. City Hall itself will be closed for a while. #yyc #yyccc #yycflood,LABEL_1,0.9998151659965516,"[None, 'Calgary', 'City Hall']",,
Thousands of Calgarian's turnout today to volunteered to clean up after the flood. You rock Calgary! #yycflood #yyc http://t.co/vgDJEFDbeb,LABEL_1,0.9999176263809204,"[None, 'Calgary', None]",,
"For those wanting to check on homes, here's video of most of #yycflood via #CPS helicopter. Awful stuff. https://t.co/33KlO9siKK",LABEL_1,0.9999186992645264,"[None, 'Calgary', None]",,
Finally saw ariel shot of @RowanHouse - tough to say what the situation is inside. Still hoping for the best #highriver #ABflood,LABEL_1,0.999886393547058,"['Alberta', None, '@userowanHouse']",,
"@jaypalter Insurance in a changing climate is going to be a HUGE issue. Imagine Calgary as a 10 year flood, not 100.",LABEL_1,0.999890923500061,"[None, 'Calgary', None]",,
1/3 Raw - Media Scrum Mayor Nenshi Calgary Floods 5 pm 6/22 #yyc #yccflood http://t.co/Q9AEnZiIfk,LABEL_1,0.9999157190322876,"[None, 'Calgary', None]",,
"Calgary home buyers, sellers in muddy legal waters after flood #realestate #yycre  http://t.co/fvE5lk3uVn",LABEL_1,0.9999173879623412,"[None, 'Calgary', None]",,
"RT @criticalmassfb: Today, some of our Calgary employees were out in the community helping those affected by the flood. Andrew... http://t.…",LABEL_1,0.9999169111251832,"[None, 'Calgary', None]",,
RT @GlobalCalgary: Mayor @nenshi says all money collected through downtown parking revenues will be donated to #yycflood relief.,LABEL_1,0.9999159574508668,"[None, 'Calgary', None]",,
#abflood What can you do before & after a flood? for your family / health http://t.co/rYw90QzfYo … #mhflood #yycflood @nenshi #canmedlibs,LABEL_1,0.999919295310974,"['Alberta', 'Calgary', None]",,
#Climate - Climate change and the Alberta flood - Macleans.ca http://t.co/vuQ6FSHPLc,LABEL_1,0.9999158382415771,"['Alberta', None, None]",,
#medhat @CHAT945 will have the media scrum live with Ron Robinson to update on flood conditions coming soon tune in please,LABEL_1,0.999787986278534,"[None, None, None]",,
Owner of Alberta flood cat shocked to see feline paddle to safety  http://t.co/fRgDyV0Gfm,LABEL_1,0.9999169111251832,"['Alberta', None, None]",,
RT @CBCScott: Are we clear? Did not happen! “@cityofcalgary: At no point were the @calgaryzoo big cats in the Calgary Court House. #abflood…,LABEL_1,0.999919295310974,"['Alberta', None, 'Calgary Court House']",,
"If the giraffes die from stress, my heart will break into a million little pieces. #yycflood http://t.co/VHzs2BixPM",LABEL_1,0.9998912811279296,"[None, 'Calgary', None]",,
I'm worried about a Police State in Calgary right now! #yycflood http://t.co/BKn3OBQoHV,LABEL_1,0.999919056892395,"[None, 'Calgary', None]",,
So glad my dear friends and family in Calgary and Colborne are safe and sound. This #calgary #flood is unbelievable. Thx to all who helped.,LABEL_1,0.9999173879623412,"[None, 'Calgary', 'Colborne']",,
"RT @Mookalicious: They needed 600 volunteers at McMahon stadium, 7,000 showed up. 6,300 turned away. Staggering!!  #abflood http://t.co/LsO…",LABEL_1,0.9999186992645264,"['Alberta', None, 'McMahon stadium']",,
Note: We are not encouraging people to take action against these businesses. We simply want you to know so that you can avoid them. #abflood,LABEL_1,0.9999160766601562,"['Alberta', None, None]",,
"It's truly ridiculous the number of extremely selfish comments out there regarding #ABFlood, #yycflood, and #Canmore.",LABEL_1,0.9999186992645264,"['Alberta', 'Calgary', 'Canmore']",,
RT @ABPremierComms: VIDEO: @Premier_Redford says safety of @TownOfHighRiver residents utmost importance http://t.co/iQIGrak6va #abflood #hi…,LABEL_1,0.9999184608459472,"['Alberta', None, None]",,
Here's some pics from Red Deer. We seem to be in a lot better situation here than other communities in the #abflood http://t.co/CtSr74xpCz,LABEL_1,0.9999107122421264,"['Alberta', None, 'Red Deer']",,
RT @calgaryherald: City emergency update: Extremely unlikely downtown will reopen Monday http://t.co/EZkveGRwC1 #yycflood #chlive,LABEL_1,0.999919056892395,"[None, 'Calgary', 'downtown']",,
Wow massive floods in Calgary hoping my family is okay,LABEL_1,0.9999167919158936,"[None, 'Calgary', None]",,
Reducing the risk of #asbestos exposure in #flood-affected areas in #Alberta http://t.co/mSaOd1N7mi,LABEL_1,0.99991774559021,"['Alberta', None, None]",,
"RT @clara_ho: 600 to 1,000 volunteers needed. Asked to meet at McMahon Stadium at 10 a.m. Will be bused into evac centres. #chlive #yycflood",LABEL_1,0.9999189376831056,"[None, 'Calgary', 'McMahon Stadium']",,
RT @redcrosscanada: Red Cross accepting financial donations to assist people affected by flooding in Alberta: http://t.co/Xd9mbM2uj8 #abflo…,LABEL_1,0.9999172687530518,"['Alberta', None, None]",,
Day 3 and still no idea when I can go home. #evacuated #CalgaryFlood,LABEL_1,0.9999172687530518,"[None, None, None]",,
RT @RickStrankman: Happy to be at Q91 radiothon helping them raise money for southern #abflood relief. Call 1-800-418-1111 #ableg #wrp http…,LABEL_1,0.9999183416366576,"['Alberta', None, None]",,
RT @YourAlberta: How to clean your home after a flood and other important re-entry info: http://t.co/Ye13uxCCNx | #abflood #yycflood,LABEL_1,0.9999171495437622,"['Alberta', 'Calgary', None]",,
RT @604homesguy: Not all flooding damage will be covered #yycflood http://t.co/KIx93bKFR0,LABEL_1,0.999919295310974,"[None, 'Calgary', None]",,
RT @BFSingh: My commentary in the Globe & Mail today http://t.co/AiJpF4VDYn #yycflood,LABEL_1,0.9997581839561462,"[None, 'Calgary', None]",,
RT @News1130radio: To help those affected by flooding in Alberta -- Rogers and Fido customers can donate $5 to Red Cross by texting AB-HELP…,LABEL_1,0.9999150037765504,"['Alberta', None, None]",,
RT @cityofcalgary: Bridges over the Bow River open to the public 60% #yycflood,LABEL_1,0.9999169111251832,"[None, 'Calgary', 'Bow River']",,
@___Danno @CP24 @pmharper @kenneyjason \You know how it goes in the Nigel Write me a #Cheque #abflood #yyc #yycflood #Ottawa #CPC Hood #Bell,LABEL_1,0.9998086094856262,"['Alberta', 'Calgary', None]",,
"RT @Crackmacs: For all @colormerad5k #yyc participants, our race day has been moved to Aug 03. All other details remain the same #yycflood",LABEL_1,0.9998226761817932,"[None, 'Calgary', None]",,
#espy in @InglewoodYYC as you can imagine is closed today. Will keep updating ... Eager to get back.. Will extend @groupon due to #yycflood,LABEL_1,0.9999178647994996,"[None, 'Calgary', '@usernglewoodYYC']",,
RT @EricFrancis: Found in the mud in Bowness - a nice chuckle to break up the day. #yycflood http://t.co/KleTVG5ztC,LABEL_1,0.9998986721038818,"[None, 'Calgary', 'Bowness']",,
Update - State of Local Emergency: The City of Calgary remains in a state of local emergency due to significant... http://t.co/hgyxgPfYIW,LABEL_1,0.999918818473816,"[None, 'Calgary', 'City of']",,
RT @jannarden: The way Alberta has dealt with the recent horrific round of flooding(s)- is nothing short of F$&@ing amazing.. Proud to be #…,LABEL_1,0.9999176263809204,"['Alberta', None, None]",,
RT @etchysketch: Bottled water is in low supply at all grocery stores. Thankfully there's no water boil advisory yet! #yycflood http://t.co…,LABEL_1,0.9999183416366576,"[None, 'Calgary', 'grocery']",,
RT @cityofcalgary: Please continue to share your amazing photos with us! http://t.co/8r559mUZM9 #yycflood #yyconward,LABEL_1,0.9999171495437622,"[None, 'Calgary', None]",,
RT @State_Of_Shock: Our thots n prayers with those affected by the flooding in Alberta. #yycflood,LABEL_1,0.9999158382415771,"['Alberta', 'Calgary', None]",,
"RT @Real_ESPNLeBrun: For those who want to help out flood victims in Calgary, here's a link: http://t.co/ma2jhjGASQ",LABEL_1,0.9999167919158936,"[None, 'Calgary', None]",,
"RT @wackycashew: Please pray for those affected by the flooding in Calgary, Alberta (western Canada). http://t.co/O9f7hnW2mB",LABEL_1,0.9999167919158936,"[None, None, 'Calgary, Alberta (western Canada']",,
Mayor advises everyone to avoid downtown area.  #abstorm #yyc #floodpotential,LABEL_1,0.9999170303344728,"[None, 'Calgary', 'downtown area']",,
RT @urbanthriftyyc: If ppl are displaced & need a change of clothes shoes or kids stuff plz DM us. We have some to give. #yycflood #yychelps,LABEL_1,0.9999186992645264,"[None, 'Calgary', None]",,
"RT @ARRL_EMCOMM: #FD13 from Alberta SEC VE6AEW Amateur Radio support for flooding in AB, nets active on 3.675 and 7.135 MHz. Please try and…",LABEL_1,0.9999146461486816,"['Alberta', None, 'AB']",,
Hey @nenshi rubber boots galore at Army & Navy! $14.99 #yycflood http://t.co/rtpNPzi2DF,LABEL_1,0.9996325969696044,"[None, 'Calgary', 'Army & Navy']",,
Tell me about it I'm losing paint here RT @aldjohnmar: U have to c it to appreciate the speed of the water #yycflood http://t.co/nQyuuHRqQ8,LABEL_1,0.9998778104782104,"[None, 'Calgary', None]",,
VIDEO: Canada floods leave three dead: At least three people have died and hundreds of thousands forced to eva... http://t.co/5BJqsaW0v8,LABEL_1,0.9999170303344728,"[None, None, 'Canada']",,
RT @HomeToHeather: so interesting to see @Lowes_Canada make a large donation this AM and @HomeDepotCanada be accused of gouging. #yycflood …,LABEL_1,0.9999184608459472,"[None, 'Calgary', None]",,
"#Harper praying #oilsands ok during #abflood it's all about him, you know. False hearings. cdn's not included Check. http://t.co/4srJNuNALI",LABEL_1,0.9999173879623412,"['Alberta', None, None]",,
"@ActorLeeMinHo My city Calgary had really bad flood since last Thursday, your sunny smile really supporting me, thank you. Happy Birthday :)",LABEL_1,0.9998950958251952,"[None, 'Calgary', None]",,
I think a 'favourite' for a #yycflood tweet now means #grieve//help/rebuild  “@BluHrGirl: Erlton Ave SW #yycflood  http://t.co/17HXpzdTzO”,LABEL_1,0.9999184608459472,"[None, 'Calgary', 'Erlton Ave SW']",,
Stanley Park Pool & Park in #yyc\#yycflood http://t.co/URaayeaqyX,LABEL_1,0.9998611211776732,"[None, 'Calgary', 'Stanley Park Pool & Park']",,
RT @calstampeders: Tackling adversity and overcoming obstacles. People in our community sure know how to  Cowboy up #yycflood #abflood,LABEL_1,0.999919295310974,"['Alberta', 'Calgary', None]",,
"Black Hair Forum: June/22 Eau Clare Market community room, has been cancelled due to the flooding in Calgary.",LABEL_1,0.9999148845672609,"[None, 'Calgary', 'Eau Clare Market']",,
Nice work! RT @canmoreradisson: Big thanks to @SBHotelsResorts for matching our donation - $10k going to #canmore relief efforts! #abflood,LABEL_1,0.99991774559021,"['Alberta', None, 'canmore']",,
RT @AIDSCalgary: Wonderful support from @TD_Canada. They've donated so much for #Siksika #abflood relief! Thanks TD! http://t.co/MRgANki2J9,LABEL_1,0.9999181032180786,"['Alberta', None, 'Siksika']",,
"RT @weathernetwork: A mandatory evacuation order has been issued in Medicine Hat. The order covers an area with 10,000 residents. #YYCFlood…",LABEL_1,0.999919056892395,"[None, 'Calgary', 'Medicine Hat']",,
RT @42megasxlr: #yycflood Saddledome water level about 9 rows up http://t.co/RGH9IIqIXA,LABEL_1,0.9999184608459472,"[None, 'Calgary', 'Saddledome']",,
RT @presbyterchris: Prayers for those in Calgary displaced by the flooding.,LABEL_1,0.9999154806137084,"[None, 'Calgary', None]",,
"RT @grahamclark: If you've ever heard of Calgary legend Buckshot, you ought to check this out (all proceeds to Alberta flood victims): http…",LABEL_1,0.999916672706604,"['Alberta', 'Calgary', None]",,
RT @WilliamShatner: My thoughts and prayers are with the flood victims in Calgary. MBB,LABEL_1,0.9999148845672609,"[None, 'Calgary', None]",,
RT @KerryPowell: The lower trails in Goldbar off-leash park are completely underwater. #abflood http://t.co/CQ93ZuQ0TH,LABEL_1,0.9999191761016846,"['Alberta', None, 'Goldbar off-leash park']",,
RT @JaiminSacchetti: @chochi_23 @sacchettimarco Baptist church tweets Ezra to tell him the floods were gods revenge on Alberta.. #OHYEAH! h…,LABEL_1,0.9999111890792848,"['Alberta', None, None]",,
Some of the water they're trying to pump is as thick as a milkshake #yycflood,LABEL_1,0.9999150037765504,"[None, 'Calgary', None]",,
"RT @donmoen: Lord, bring comfort & safety to those affected by flooding in Western Canada; let us be Your hands and feet to those who are h…",LABEL_1,0.9999173879623412,"[None, None, 'Western Canada']",,
RT @AHS_media: It is essential to clean and disinfect play equipment and play surfacing material prior to use by children. #abflood #yycflo…,LABEL_1,0.999913454055786,"['Alberta', None, None]",,
RT @StarbucksCanada: Make a difference in #Alberta. Visit your participating store to make a donation to the Red Cross #abflood http://t.co…,LABEL_1,0.99991774559021,"['Alberta', None, None]",,
6 Calgary flood evacuation orders expected to lift - CBC.ca: Vancouver Sun6 Calgary flood evacuation orders ex... http://t.co/MgPMl7nKz8,LABEL_1,0.9999161958694458,"[None, 'Calgary', None]",,
Airdrie air show will benefit victims of Alberta floods - ... http://t.co/rWOQyn8vmW,LABEL_1,0.9999164342880248,"['Alberta', None, None]",,
The generous donation from @Enbridge will greatly improve our work in providing #abflood #yycflood relief and recovery. Thank you very much!,LABEL_1,0.999915361404419,"['Alberta', 'Calgary', None]",,
"Canada floods: Troops deployed to help with evacuation of 100,000 people (PHOTOS)\http://t.co/HJ4VCvehHG",LABEL_1,0.9999169111251832,"[None, None, 'Canada']",,
RT @HeatherGoesWest: Downtown Calgary. The lights are coming back on! #yycflood http://t.co/1Xfg9HLpiz,LABEL_1,0.999919295310974,"[None, 'Calgary', 'Downtown Calgary']",,
"Flood us receding. The long, arduous clean up begins | How You Can Help #Calgary  http://t.co/grKr6Z9Kxh via @zite #yyc",LABEL_1,0.9999184608459472,"[None, 'Calgary', None]",,
The flooding in Calgary and area has caused us to relocate operations to Red Deer. We have been blogging about... http://t.co/cBOwZrRHVg,LABEL_1,0.9999183416366576,"[None, 'Calgary', 'Red Deer']",,
Dan Misener: Calgary floods show why backing up your digital memories matters http://t.co/H3Db6kTrQr,LABEL_1,0.9999164342880248,"[None, None, None]",,
The flood at the Calgary zoo was high enough for the hippos to swim out of their enclosure #wtf,LABEL_1,0.9999111890792848,"[None, None, 'Calgary zoo']",,
PHOTOS: Rain floods Calgary landmarks  #cbc »http://t.co/G6ZgZIZ0uD« #follow,LABEL_1,0.9999167919158936,"[None, None, 'Calgary landmarks']",,
A song for everyone who has volunteered to help clean up after #yycfloods. Your #yychelps work is inspiring http://t.co/jVKZgvDGTr,LABEL_1,0.9999183416366576,"[None, None, None]",,
WATCH LIVE NOW! @CTVCalgary News 5 - 7 ~ Complete coverage of flood + recovery efforts in #yyc + S. #Alberta: http://t.co/arUV06Csfc,LABEL_1,0.9999154806137084,"['Alberta', 'Calgary', 'S']",,
"A few cities are flooding, but we as a community support not just our city, but our province and our country as well through tough times.",LABEL_1,0.9999173879623412,"[None, None, 'province']",,
Visit the Human Services flood situation website at http://t.co/Nn1CfEM99z for information on office closures #yycflood.,LABEL_1,0.9999159574508668,"[None, 'Calgary', None]",,
RT @PetersDriveIn: #yyc #yycflood We want help flood cleanup - show up tonight (Wed only) MUDDY and your meal is free!! Help neighbour and …,LABEL_1,0.9999183416366576,"[None, 'Calgary', None]",,
We worked w/ @suncorenergy to get 150  @petrocanada gift cards to the community through @NeighbourLink #yycflood http://t.co/5PRZ0gef3M,LABEL_1,0.9998759031295776,"[None, 'Calgary', None]",,
RT @660News: Outdoor water ban lifted in Calgary as of midnight tonight #yycflood,LABEL_1,0.9999170303344728,"[None, 'Calgary', None]",,
"RT @CoriAnne87: @C_DIG Siksika Nation needs dish soap, laundry soap and pet food. Drop off centre at 6110 34th Street SW #abflood Please RT",LABEL_1,0.9999186992645264,"['Alberta', None, '6110 34th Street SW']",,
RT @DruhFarrell: Damaged transformers and vaults are delaying power to East Village. @ENMAX hopes that by Saturday. #yycflood,LABEL_1,0.999919056892395,"[None, 'Calgary', 'East Village']",,
RT @SUNRenatoGandia: MT @SUNMichaelWood: #abflood Here's the FB page set up to help Siksika Nation. In bad shape and need everything. https…,LABEL_1,0.9999171495437622,"['Alberta', None, None]",,
@poppibigg 2/2 The focus right now is on ensuring safety and defining the extent of the Transportation challenge. #SafetyFirst #abflood,LABEL_1,0.9999043941497804,"['Alberta', None, None]",,
RT @CalgaryPolice: Aerial photo of flooding at Prince's Island Park. #yycflood http://t.co/C8Fz1cGWdK,LABEL_1,0.999918818473816,"[None, 'Calgary', ""Prince's Island Park""]",,
R we hospital buddies 2day? #iv #bloodwork #livinthedream,LABEL_1,0.999675154685974,"[None, None, None]",,
BBC News - Canada floods: waters threaten Calgary http://t.co/ZHTu9lWI1O,LABEL_1,0.9999160766601562,"[None, 'Calgary', 'Canada']",,
"Cdn golfer Graham DeLaet raises $36,000 for #abflood relief.. $9k for his 9 birdies at weekend's @PGATOUR event, matched by 3 other parties",LABEL_1,0.9999165534973145,"['Alberta', None, None]",,
Tragic that we don't have scientists any longer in Canada who could have helped prepare Alberta for flooding :-( @pmharper #CPC #SHAME!,LABEL_1,0.9999042749404908,"['Alberta', None, 'Canada']",,
Reading about all of those horrible floods in Calgary & praying everything is alright over there. Is everything ok @janlisiecki?,LABEL_1,0.9999164342880248,"[None, 'Calgary', None]",,
"RT @cityofcalgary: 8:30 p.m., June 21, 2013  Raw - Media Scrum - Police Chief Rick Hanson talks about Calgary Flood http://t.co/QFuV6em1K3 …",LABEL_1,0.999891996383667,"[None, None, None]",,
"The world is ending!!! (In Calgary, at least) #geeseapocalypse @ Langevin Bridge http://t.co/8z7UuiHUsI",LABEL_1,0.9997544884681702,"[None, 'Calgary', 'Langevin Bridge']",,
"@dmgullekson: Don't be fooled, it isn't thunder, staying put would be a blunder... -Jumanji #jumanji #yyc #yycflood #staysafe",LABEL_1,0.9998886585235596,"[None, 'Calgary', None]",,
Calgary Greek Festival raising money to help flood victims. Sponsors raised an additional $95k to help pay for food and admission. Open.,LABEL_1,0.9999163150787354,"[None, None, None]",,
RT @cityofcalgary: For a map of areas of the downtown that remain closed to the public check here: http://t.co/xhagCvFFZn #yycflood,LABEL_1,0.9999179840087892,"[None, 'Calgary', 'downtown']",,
RT @660News: RCMP report possibly 4 casualties due to flooding in High River area. All swept into Highwood River Thursday. #abflood,LABEL_1,0.9999154806137084,"['Alberta', None, 'Highwood River']",,
RT @NHLFlames: ICYMI: The #Flames have made a $1 million donation to the @redcrosscanada to help with #abflood relief efforts ~ http://t.co…,LABEL_1,0.99991774559021,"['Alberta', None, None]",,
"RT @cityofcalgary: Reminder, residents of Deer Run, Quarry Park, Riverbend and Douglasdale can return home #yycflood",LABEL_1,0.9999191761016846,"[None, 'Calgary', 'Douglasdale']",,
Alberta braced for fresh flooding: More communities in the Canadian province of Alberta are on flood alert as ... http://t.co/YzqQRfEf6L,LABEL_1,0.9999167919158936,"['Alberta', None, 'Canadian province of']",,
"The floods are serious, in Calgary.  #Pray for #Calgary. #Alberta http://t.co/rGZKYT0xn1",LABEL_1,0.9999163150787354,"['Alberta', 'Calgary', None]",,
"@KellieFlett I hope everyone safe out there no one's hurt, hope the rain to stop for you soon. Best wishes and stay safe #Calgary #yycflood",LABEL_1,0.999919295310974,"[None, 'Calgary', None]",,
RT @RickFraserMLA: .@okotoksNow busses starting at 9am from airport. Will run continuously. #abflood,LABEL_1,0.9999111890792848,"['Alberta', None, 'airport']",,
Something in the works so Inti Restaurant can help out with #yycflood. Stay tuned as we iron out the details.,LABEL_1,0.9999185800552368,"[None, 'Calgary', None]",,
"Floods kill two, forces 75,000 from Calgary homes: CALGARY, Alberta (AP) — Floodwaters that devastated much of... http://t.co/KPJBSsghxW",LABEL_1,0.9999159574508668,"[None, 'Calgary', 'CALGARY, Alberta']",,
"RT @660News: Nenshi: Why don't we have regulatory authority over CP rail bridge, but it is my guys down there risking their lives. #yycflood",LABEL_1,0.999891996383667,"[None, 'Calgary', None]",,
@KingslandFM Are you open today for individuals evacuated due to yycflood to pick up food? #yycflood,LABEL_1,0.9999170303344728,"[None, 'Calgary', None]",,
Our thoughts & prayers are with the hundreds of thousands of people affected by & responding to the flood.http://t.co/r1qOB86hrx #yycflood,LABEL_1,0.9999179840087892,"[None, 'Calgary', None]",,
Got to Denver late last night. Surprised by the news. Here Wishing speedy dry and safety to Calgarians #yyc #yycflood,LABEL_1,0.9999179840087892,"[None, 'Calgary', 'Denver']",,
@_geeeg please check for flood-related @calgarytransit information here - http://t.co/TfU7mO6o51 #yycflood,LABEL_1,0.999918818473816,"[None, 'Calgary', None]",,
MT @davidhowse: http://t.co/ZssAhN2FLw Calgary Flood 2013 Stampede Grounds Saddledome Grandstand Water Removal Canadian Pump,LABEL_1,0.9999169111251832,"[None, None, None]",,
Today was meant to be. Meeting Jackie was so inspiring. Moments that matter. @nenshi  #yychelp #yycflood http://t.co/dtLR5KozwV,LABEL_1,0.9988123178482056,"[None, 'Calgary', None]",,
#BOMA staff have completed their shift at  EOC. Will be back at our desk tomorrow. Helping #Calgary recover. #yycflood,LABEL_1,0.9999181032180786,"[None, 'Calgary', 'EOC']",,
RT @DruhFarrell: Peak flow of Bow River: 1700 cubic meters per second. Niagara Falls: 1834 cubic meters per second.  #yycflood,LABEL_1,0.9999186992645264,"[None, 'Calgary', 'Niagara Falls']",,
'the cost of goods before a local state of emergency should be the cost of goods during the local state of emergency' #yycfloods,LABEL_1,0.9998692274093628,"[None, None, None]",,
"RT @OperSledDogs: FOUND Siberian Husky #yycflood\\Contact:  403-938-9311\Location:  Okotoks, Alberta (Sheep River area)... http://t.co/2Z7x…",LABEL_1,0.9999154806137084,"[None, 'Calgary', 'Sheep River area']",,
Just off of Bowness Road right now. #yycflood #rain http://t.co/EDvLeUNENr,LABEL_1,0.99991774559021,"[None, 'Calgary', 'Bowness Road']",,
@nenshi you are the best mayor ever! such a relief to not have to do the pats! God bless&lt;3 #yycflood,LABEL_1,0.9994432330131532,"[None, 'Calgary', None]",,
"RT @YourAlberta: DEBIT CARD update: to register for #abflood evacuee relief cards, call @RedCrossAB at 1-866-696-6484, not 311. http://t.co…",LABEL_1,0.9999185800552368,"['Alberta', None, None]",,
RT @yycARTS: MT @jzarts: Epcor Centre flooded - incredible staff salvaged everything - long day! http://t.co/vTtevzl2pc #yycflood,LABEL_1,0.999918818473816,"[None, 'Calgary', 'Epcor Centre']",,
So it was Halestorm I saw unloading @TheUnionWest: EDMONTON: TONIGHT @Halestorm rock @StarliteRoom w/ @ageofdays #yegmusic,LABEL_1,0.9983837604522704,"[None, 'Edmonton', None]",,
@Aeshir I didn't realise Canada floods with milk. That's gonna stink later,LABEL_1,0.9996615648269652,"[None, None, 'Canada']",,
RT @TanaraMcLean: AB Gov confirms 2013 flood is worst in Alberta's history. 25 confirmed states of emergency right now. #yyc #yycFlood #Med…,LABEL_1,0.9999172687530518,"[None, 'Calgary', ""Alberta's""]",,
Southern Alberta Floods: How You Can Help Flood-Hit Places Recover http://t.co/UAoniCKbYd via @Wakingthered important on #CanadaDay,LABEL_1,0.9999175071716307,"[None, None, 'Southern Alberta']",,
Looks like the Calgary stampeed will happen as planned dispite the flooding!,LABEL_1,0.9999172687530518,"[None, 'Calgary', None]",,
".@EricFrancis on the damage at the Saddledome, and the fate of Harvey the Hound http://t.co/ZYhhfpZsyz #abflood",LABEL_1,0.9998658895492554,"['Alberta', None, 'the Saddledome']",,
"RT @YourAlberta: List of websites, twitter and Facebook accounts for #abflood communities. Stay connected for latest info: http://t.co/pLXt…",LABEL_1,0.9999181032180786,"['Alberta', None, None]",,
"CALL OUT for ground search, no #SARdogs as yet, assisting with #ABflood. Mustering at 3:30 am so good night all! #LASARA",LABEL_1,0.999919295310974,"['Alberta', None, None]",,
Stampede News Conf: New temp offices set up... long tables with people working both sides.\#hellorhighwater #YYC #ABflood,LABEL_1,0.9999191761016846,"['Alberta', 'Calgary', None]",,
RT @oxyyc: Celebrate East African Family Day 12-6 pm 3111 17 Ave SE @_BassBus_ music 9 countries #IA #yyc #yycfloods #yycarts http://t.co/v…,LABEL_1,0.9997610449790956,"[None, 'Calgary', '3111 17 Ave SE']",,
RT @MadelnCanada: Smile. No matter how difficult the situation can be. #abflood http://t.co/1ilJPPcPu2,LABEL_1,0.9999154806137084,"['Alberta', None, None]",,
Just read the RCMP ( mounties eh ?) used the floods in Alberta as excuse to Confiscate all the firearms in one town. Socialist Bastards.,LABEL_1,0.9999141693115234,"['Alberta', None, None]",,
RT @susanamas: In case you missed it | @jasonkenney @MichelleRempel on Calgary floods pushing #CPC convention to the fall http://t.co/FpD59…,LABEL_1,0.9998887777328492,"[None, 'Calgary', None]",,
@MotherJones: Locals in Calgary are being told the worst floods in decades are not over yet: http://t.co/nN3sTdOh2r poor Calgary,LABEL_1,0.9999172687530518,"[None, 'Calgary', None]",,
RT @redcrosscanada: Trying to register for #abflood assistance? You can do so online: http://t.co/CaBlDKLiV7,LABEL_1,0.9999178647994996,"['Alberta', None, None]",,
Love that @edmfolkfest sent me an email saying that @calgaryfolkfest needed volunteers to help with #yycflood cleanup. My province rocks!,LABEL_1,0.9999184608459472,"[None, 'Calgary', None]",,
RT @CBC_Carla: AMA tells me MOST people with flooded homes will not have insurance since flood insurance doesn't exist for homes in Canada #,LABEL_1,0.9999179840087892,"[None, None, 'Canada']",,
RT @windspeakernews: @AshaTomlinson @CBC_Carla  Props on your coverage on the impact of #abflood on #Morley #Siksika and #TsuuTina need to …,LABEL_1,0.9998873472213744,"['Alberta', None, None]",,
"RT @jim_oleary: best twitter response ever, kudos @CalgaryPolice https://t.co/Pqkh8DLPC7 #YYCFlood",LABEL_1,0.9995114803314208,"[None, 'Calgary', None]",,
RT @mjarryshore: @NotableCalgary are genuinely about community. Amazing meal and huge hearts. Thank you! We'll be back. #yycflood #bowness,LABEL_1,0.9999094009399414,"[None, 'Calgary', None]",,
"RT @john__bennett: Alberta flooding sets records, prompts calls for action on climate change - Penticton Herald http://t.co/4kYSYBKYsN",LABEL_1,0.9999178647994996,"['Alberta', None, None]",,
Wtf Calgary! You go from flooding to clear skies in under 12hrs. \#OnlyInYYC #yyc #yycflood http://t.co/fNGqKXy0dR,LABEL_1,0.999919056892395,"[None, 'Calgary', None]",,
RT @cityofcalgary: .@nenshi H2O in the city of Calgary remains clean & safe to drink #yycflood,LABEL_1,0.9999196529388428,"[None, 'Calgary', None]",,
"#yyc fortunate: Love em/hate em, at least 3 energy companies pledged $1-million donations for #yycflood relief. Not every city so wealthy.",LABEL_1,0.9999185800552368,"[None, 'Calgary', None]",,
RT @erinchrusch: As the Mayor's Citizen Liaison I've been getting lots of questions about #yycflood. Here are some of the most common: http…,LABEL_1,0.999914288520813,"[None, 'Calgary', None]",,
".@nenshi joins us live tonight at 7PM MDT on Shaw TV CGY. Share your questions, comments and concerns to the man in charge #yycflood",LABEL_1,0.9999041557312012,"[None, 'Calgary', None]",,
@dollhouseyyc @AmberCraig_ some of it maybe...but seriously any news that isn't about #abflood doesn't even seem like news to me right now.,LABEL_1,0.9998935461044312,"['Alberta', None, None]",,
Calgary flooding: Social media community unites to support ...  http://t.co/LSuv4Bu7rS #SocialMedia,LABEL_1,0.9999175071716307,"[None, 'Calgary', None]",,
Where can #abflood victims get support?! Alberta flood victims mostly out of luck with insurance http://t.co/8QCAOERVrw,LABEL_1,0.9999163150787354,"['Alberta', None, None]",,
RT @news_ian: This just in - Calgary police have found an elderly woman deceased in Mission - no word yet if it's flood related #yycflood,LABEL_1,0.9999164342880248,"[None, 'Calgary', 'Mission']",,
RT @KenzieHousego: See dramatic video of flooding @nmc_canada new construction site in YYC. http://t.co/RjzdqyFSOA #yycflood,LABEL_1,0.999919295310974,"[None, 'Calgary', 'YYC']",,
"RT @Mookalicious: Good night Calgary. Despite the pic, a very powerful city!! #abflood http://t.co/8F4KeUtiGu",LABEL_1,0.9999171495437622,"['Alberta', 'Calgary', None]",,
almost forget about the floods in alberta hang in there guys xoxo,LABEL_1,0.9999181032180786,"['Alberta', None, None]",,
RT @Mookalicious: Here's what parts of Calgary look like right now.  We are all crushed with the images but we are strong!!  #abflood http:…,LABEL_1,0.9999172687530518,"['Alberta', 'Calgary', None]",,
@thekristinjean No problem! This is not what Calgary is about. #yycflood,LABEL_1,0.9999183416366576,"[None, 'Calgary', None]",,
"RT @kenneyjason: If you're looking to do some #yycflood cleanup work tonight, join me in Chinatown from 4 to 8.  See http://t.co/dh1OwYVZfU…",LABEL_1,0.9999172687530518,"[None, 'Calgary', 'Chinatown']",,
"THE STAMPEDE STADIUM IN CALGARY, FROM WHICH WE JUST ESCAPED. PLEASE STAY SAFE, GOOD PEOPLE OF CALGARY! #Yycflood #floodisland",LABEL_1,0.9999181032180786,"[None, 'Calgary', 'STAMPEDE STADIUM']",,
Come on Toronto!  send donations to Red Cross and help our fellow Canadians in Calgary.  They would do it for us.  #abflood,LABEL_1,0.9999164342880248,"['Alberta', 'Calgary', None]",,
.@Premier_Redford: Thanks media for conveying needed information to the public #abflood #ableg,LABEL_1,0.9999181032180786,"['Alberta', None, None]",,
“@CstShaw: Wondering why the 25 Ave bridge into Mission is still closed? #yycflood #yyc http://t.co/cvh5mBA3Qd”. Wow,LABEL_1,0.9999126195907592,"[None, 'Calgary', 'Mission']",,
RT @VirginRadioYYC: Sad that some #Calgary Businesses are taking advantage of people in a crisis. #yycflood #yyc \(Pic… http://t.co/53ObYee…,LABEL_1,0.9999186992645264,"[None, 'Calgary', None]",,
"@Premier_Redford: We will get through this together. Stay strong, everyone #abflood #ableg #cdnpoli MT thoughts with all. #ldnont",LABEL_1,0.9999186992645264,"['Alberta', None, None]",,
@KimSearle “@CalgaryPolice: .@rubak5 no. Calgarians living in evacuated communities must not return. #yycflood”,LABEL_1,0.999919056892395,"[None, 'Calgary', None]",,
Space Station Camera Captures Flooding in Calgary http://t.co/qzHoqTiMQe #Calgary,LABEL_1,0.9999181032180786,"[None, 'Calgary', None]",,
RT @dbpromotionsca: Cambodian orphans donate to help Alberta flood victims\http://t.co/ZYdrPYSIbA,LABEL_1,0.9999164342880248,"['Alberta', None, None]",,
Just heard the Calgary Stampede has been cancelled #abflood,LABEL_1,0.999914288520813,"['Alberta', None, None]",,
RT @CalgaryCulture: What are your #yycflood stories? Artist Sam Hester (@calgaryhester) could use them for her Flood Diary comics. http:/…,LABEL_1,0.999900221824646,"[None, 'Calgary', None]",,
All week our earls employees have been volunteering to help clean up flood damage! Way to go guys! #bestjobever #earlsfamily #yycflood,LABEL_1,0.999912977218628,"[None, 'Calgary', None]",,
RT @theucchm: @JayFamiglietti on Alberta #floods: We should have seen this coming months ago http://t.co/SZFcfynPSa @globaltvnews,LABEL_1,0.9999167919158936,"['Alberta', None, None]",,
Calgary floods and Kim Kardashian Baby http://t.co/BUUy6LlujM,LABEL_1,0.9998984336853028,"[None, 'Calgary', None]",,
RT @JoseCanseco: heart goes out to the flood victims in Alberta.  Praying for the rain to stop,LABEL_1,0.9999154806137084,"['Alberta', None, None]",,
RT @DeLaSoulsDugout: Calgary! \Please support tonights Flood Victim Fundraiser \at @CommonwealthYYC \https://t.co/1Ejznf1cMK,LABEL_1,0.9999185800552368,"[None, 'Calgary', None]",,
RT @X929: Need help? Here are a whole TON of businesses offering services for flood victims #yycflood http://t.co/NqQaD3wgMs @MattX929 @Glo…,LABEL_1,0.9999184608459472,"[None, 'Calgary', None]",,
RT @YYCFlood: If you've lost a pet check out  https://t.co/UFOUYbe3Qj. @PetRecoveryYYC #yycflood #abflood,LABEL_1,0.9999189376831056,"['Alberta', 'Calgary', None]",,
RT @660News: Enmax has restored power to most buildings in the northwest portion of the downtown core.#yycflood,LABEL_1,0.9999181032180786,"[None, 'Calgary', 'the downtown core']",,
My thoughts and prayers go out to everyone affected by the #yycflood. Stay in good spirits knowing that all of #yyc is thinking of you.,LABEL_1,0.9999163150787354,"[None, 'Calgary', None]",,
At stamps game. Don't use this bucket. #yycflood fundraiser. http://t.co/Ls3WKvt6bB,LABEL_1,0.999858021736145,"[None, 'Calgary', None]",,
Calgary to be shut for days after flood http://t.co/cGZx0BBosZ,LABEL_1,0.9999182224273682,"[None, 'Calgary', None]",,
"RT @Edmontonsun: Wonderful news! In less than 48 hours, roughly $2.1 million has been raised for #ABflood relief efforts, says Cdn. Red Cro…",LABEL_1,0.9999179840087892,"['Alberta', None, None]",,
"RT @Premier_Redford: Today, we begin to rebuild from #abflood. Read my full statement to Albertans here: http://t.co/3WqA5JqN1J #ableg #cdn…",LABEL_1,0.9999181032180786,"['Alberta', None, None]",,
"Sunny, sunny morning - hoping that bodes well for #yycflood activity and news today. Blessings to everyone who worked through the night.",LABEL_1,0.9999182224273682,"[None, 'Calgary', None]",,
RT @brycemorland: To my Alberta cattle friends I have pasture in WC Sask for use if you need to pasture cattle out of the flood zone. Rent …,LABEL_1,0.9999186992645264,"[None, None, 'WC Sask']",,
Incredible video showing the best of Alberta during #abflood. Must see. http://t.co/JoKPipVhrB H/T to @Keondub,LABEL_1,0.9999165534973145,"['Alberta', None, None]",,
Hoping all of the flooding is gone for good before Canada Day! #yyc,LABEL_1,0.9999154806137084,"[None, 'Calgary', None]",,
"Floods kill two, forces 75,000 from Calgary homes http://t.co/KuFsJqx6Hv",LABEL_1,0.9999176263809204,"[None, 'Calgary', None]",,
Insurance News:Calgary Flood Caused Power Outages May Last Months; Insurance Coverage Minimal,LABEL_1,0.9999144077301024,"[None, 'Calgary', None]",,
RT @DruhFarrell: If you have raw sewage in your basement please wait for a vac truck. Don't pump that toxic stuff in the street.  #yycflood,LABEL_1,0.9999035596847534,"[None, 'Calgary', None]",,
"If you can, please stand with your fellow Canadians and donate to the Canadian Red Cross: http://t.co/3XkxPbkqy4 #abflood #yycflood #calgary",LABEL_1,0.9999182224273682,"['Alberta', 'Calgary', None]",,
"RT @TwitterCanada: Our thoughts are with Calgary & Southern Alberta. Follow @CalgaryPolice, @cityofcalgary & @511Alberta for info. #abflood…",LABEL_1,0.9999172687530518,"['Alberta', 'Calgary', 'Southern Alberta']",,
RT @RobertFife: Conservatives postpone next weekend's convention in Calgary because of flood waters #cdnpoli,LABEL_1,0.9999182224273682,"[None, 'Calgary', None]",,
"Consider supporting the Tar Sands Healing Walk http://t.co/HnSovFjSEn  Healing Walk - July 5-6, 2013 - Fort McMurray, Alberta @CP24 #abflood",LABEL_1,0.9998849630355836,"['Alberta', None, 'Fort McMurray, Alberta']",,
RT @JustinTrudeau: Communities impacted by the floods in Alberta urgently need our help - donate to the Canadian Red Cross: http://t.co/gLi…,LABEL_1,0.999915599822998,"['Alberta', None, None]",,
"Calgary is falling apart :-( “@WinAshleyLynn: No wait, it's a fire.  On 4th ave and 25th street.  #yyc #yycflood”",LABEL_1,0.9999189376831056,"[None, 'Calgary', '25th street']",,
Alberta floods could mean $1.5 billion hit to economy http://t.co/wgRFwaSEVo via @torontostar,LABEL_1,0.9999167919158936,"['Alberta', None, None]",,
RT @CanRedCrossATL: Alberta #flood relief - how to help via @redcrosscanada #abflood http://t.co/uTuP84rFKr,LABEL_1,0.9999178647994996,"['Alberta', None, None]",,
RT @albertarabbit: Gouging:$20 bag of ice:Queensland Liquor in Calgary Comfort Inn motel $300 night during flood http://t.co/96p6wgmFOd @QR…,LABEL_1,0.9999122619628906,"[None, 'Calgary', 'Comfort Inn']",,
#calgary #flood 2013 below centre st. Bridge at Chinatown #vidoftheday #ignation #nature #omg http://t.co/GbXlnTGuzD,LABEL_1,0.9999181032180786,"[None, 'Calgary', 'Chinatown']",,
#redcrosscanada wishing Alberta rescue and flood relief operations the best.  Our hearts and minds are with you.,LABEL_1,0.9999167919158936,"['Alberta', None, None]",,
RT @Tat00sh: @mike_close: Best Mayor in the country!  Pretty hard to say otherwise #keepcalmandnenshion #abflood #yyc  http://t.co/WRIPubT…,LABEL_1,0.999782145023346,"['Alberta', 'Calgary', 'yyc']",,
RT @calgarysun: @calgarystampede selling 'Hell or High Water' shirts — all proceeds going to #abflood relief http://t.co/lIPEM72SRX http://…,LABEL_1,0.999919295310974,"['Alberta', None, None]",,
RT Cargill and government working together to re-open plant in High River http://t.co/UKcePkAMSG #abflood @TownOfHighRiver,LABEL_1,0.999918818473816,"['Alberta', None, 'High River']",,
Sunset on day two. #yycflood http://t.co/KfPcNCtwxO,LABEL_1,0.9998769760131836,"[None, 'Calgary', None]",,
Local Red Cross volunteers assisting Calgary flood relief http://t.co/zvmi85PRpr #StarNL,LABEL_1,0.9999169111251832,"[None, 'Calgary', None]",,
RT @Ladamedemocracy: PLEASE RT! Have you seen Nacho?Lost little dog needs his meds. #yycflood #calgary Owner contact on photo: http://t.co/…,LABEL_1,0.9999089241027832,"[None, 'Calgary', None]",,
RT @CstShaw: You can lead a policeman to water…and he’ll likely wash his car and take a drink at the same time! #yycflood #yyc http://t.co/…,LABEL_1,0.9999003410339355,"[None, 'Calgary', None]",,
RT @CanacaGuanaca: MT Siksika First Nation.  Devastation is  unreal http://t.co/XlEvsX6tIC #abflood@premier_redford will you be touring???,LABEL_1,0.9998890161514282,"['Alberta', None, None]",,
sharing #suaju Medicine Hat braces for disaster after Calgary floods - CBC.ca #medicine http://t.co/7FO7H4llp4,LABEL_1,0.9999167919158936,"[None, 'Calgary', 'Medicine Hat']",,
RT @EqReflection: The water in the Saddledome. Crazy to finally see it. Our poor city #yycflood #abflood http://t.co/qFALZtAzWd,LABEL_1,0.9999173879623412,"['Alberta', 'Calgary', 'Saddledome']",,
RT @fieldid: Alberta to provide $1B in funding to kickstart flood recovery http://t.co/ADe3319aXy #safety,LABEL_1,0.9999164342880248,"['Alberta', None, None]",,
RT @rvthomas67: Do your best not to retweet or share information about #abflood that is erroneous or conjecture. #yycflood,LABEL_1,0.9999183416366576,"['Alberta', 'Calgary', None]",,
I find it truly pathetic how quick some people are to start attacking victims of the #abfloods #yycfloods Shame on you.,LABEL_1,0.999916672706604,"[None, None, None]",,
URGENT: Alberta animals in need of temp housing during flood contact AARCS at 403-250-7377 during  bus. hours or 403-869-4694 after hours.,LABEL_1,0.99991774559021,"['Alberta', None, None]",,
Floods disrupt Calgary home sales http://t.co/YtGYzXBRYP,LABEL_1,0.9999171495437622,"[None, 'Calgary', None]",,
@660News I hope there are going to be reports of the businesses who raised their prices amidst this tragedy. #abflood shame on them,LABEL_1,0.9999165534973145,"['Alberta', None, None]",,
"RT @godammitkitty: I know, I know...it's silly, but eff-off... I need to know there are Kevans and Momos in the world #abflood http://t.co/…",LABEL_1,0.999908447265625,"['Alberta', None, None]",,
RT @tedhenley: SCAM ALERT–fake sites are pretending to accept $$ for #ABFlood #yycflood relief @redcrosscanada is the best place: http://t.…,LABEL_1,0.9999189376831056,"['Alberta', 'Calgary', None]",,
Canada floods keep radio hams busy http://t.co/K5cnhifOiu,LABEL_1,0.9999091625213624,"[None, None, 'Canada']",,
"@DayneCody We're not on the Bow River, thank god. Our flooding shouldn't be as crazy as the stuff in Calgary/Canmore.",LABEL_1,0.9998824596405028,"[None, None, 'Calgary/Canmore']",,
RT @mikesbloggity: Bring your damaged #yycflood books to @pagesbooksyyc and they will see if they can replace at cost. #yychelps,LABEL_1,0.9999165534973145,"[None, 'Calgary', None]",,
Livestream as @CTVCalgary provides ongoing live coverage of the flood situation across southern Alberta: http://t.co/otQBHVTiaA,LABEL_1,0.9999179840087892,"[None, None, 'southern Alberta']",,
RT @strombo: Hope you and yours are safe in southern Alberta... A look at some pics and video from the floods: http://t.co/2oYBIrLXY7 #ABFl…,LABEL_1,0.999918818473816,"[None, None, 'southern Alberta']",,
RT @Bell_Mobility: Help support Alberta flood relief efforts & donate $5 by texting REDCROSS or ROUGE to 30333. #abflood,LABEL_1,0.9999147653579712,"['Alberta', None, None]",,
#yycflood Train carrying toxic tar sands chemicals derails over a failing bridge. Each car could have about... http://t.co/QtpUXKGbIf,LABEL_1,0.999881625175476,"[None, 'Calgary', None]",,
RT @PrairieWarbler: This is a disgrace. Photo from a friend in #yyc #abflood http://t.co/4jRLlZDfNR,LABEL_1,0.99991774559021,"['Alberta', 'Calgary', 'yyc']",,
prom tonight and the #yycflood will be stuck in my mind ? stay safe bros ?,LABEL_1,0.9998860359191896,"[None, 'Calgary', None]",,
RT @InglewoodYYC: RT @PhilipTurnbull: Wow @InglewoodYYC  @pagehanify: This is how 8Ave compares w Google Earth images. #yycflood http://t.…,LABEL_1,0.9997923970222472,"[None, 'Calgary', '8Ave']",,
RT @TD_Canada: @BusinessLinkAB Check out this link to view our assistance options: http://t.co/DZvFNJReCN #abflood ^RR,LABEL_1,0.9998905658721924,"['Alberta', None, None]",,
"(the video is quite large, so once it finishes processing, the quality will be much better in HD) #yyc #yycflood",LABEL_1,0.9997913241386414,"[None, 'Calgary', None]",,
"#bowriver #yyc railway bridge failure stabilizing in last hour, railcars to be offloaded to tankers on parallel bridge. Lets hope",LABEL_1,0.9999148845672609,"[None, 'Calgary', None]",,
Does anyone know where to go if they get evacuated? @CityofRedDeer  #reddeer,LABEL_1,0.9998759031295776,"[None, None, None]",,
"Home n I can crawl into my own bed, others not I'm overwhelmed at ppl's loss n their amazing will I honestly don't know what 2 say #abflood",LABEL_1,0.999916672706604,"['Alberta', None, None]",,
Thanks to @nmc_canada friends @TELUS_Spark & @NATIONALPR for providing meeting space and printing needs while we're out of office! #yycflood,LABEL_1,0.999897599220276,"[None, 'Calgary', None]",,
"@hakushondaimao #yycflood #yycgreedy completely false info. Have donated a lot to impacted communities, including free bins @ local school",LABEL_1,0.9999170303344728,"[None, 'Calgary', 'local school']",,
Epcor is on its way from #yeg to help. Others will be brought in as necessary. #yycflood,LABEL_1,0.9999185800552368,"[None, 'Calgary', None]",,
RT @WilliamShatner: My thoughts and prayers are with the flood victims in Calgary. MBB,LABEL_1,0.9999148845672609,"[None, 'Calgary', None]",,
Alberta gives $1 billion for relief; debit cards to be provided to flood victims: The Alberta government is... http://t.co/PI7gaJA922,LABEL_1,0.9999158382415771,"['Alberta', None, None]",,
The @calgarydropin Centre is looking for people to help serve breakfast tomorrow morning at 7am. 4804 Edmonton Trail NE #YYCFlood #YYC,LABEL_1,0.9998664855957032,"[None, 'Calgary', '4804 Edmonton Trail NE']",,
RT @stephen_ewart: Ewart: Oilpatch gets back to work despite Calgary's flooded office towers #yycflood #abflood http://t.co/yeFMewxq4Z via …,LABEL_1,0.9999159574508668,"['Alberta', 'Calgary', None]",,
TIP3 Try to keep important papers in watertight containers & record valuables kept in a safe place #yycflood,LABEL_1,0.99989116191864,"[None, 'Calgary', None]",,
Recreational property market growing stronger in Alberta: Albertas recreational property markets felt the pinch... http://t.co/n1vQ6vaXlJ,LABEL_1,0.9998921155929564,"['Alberta', None, 'Albertas']",,
@global_leslie you are amazing! Thank you for all your work today:) #yycflood,LABEL_1,0.9998767375946044,"[None, 'Calgary', None]",,
All detours for today listed here: http://t.co/7x6OT4EmyO  Information for the south here:  http://t.co/ibfRn1nkgx  #yyc #yycflood,LABEL_1,0.999806821346283,"[None, 'Calgary', 'south']",,
RT @RicMcIver: TC highway not closing at Medicine Hat! Great news! #abflood @511Alberta #ableg,LABEL_1,0.9999184608459472,"['Alberta', None, 'Medicine Hat']",,
Brutal week. Calgary floods trigger an oil spill and a mass evacuation http://t.co/qvrtAYeWZK,LABEL_1,0.9999152421951294,"[None, 'Calgary', None]",,
"@RUSS_MOVIEGOD Thank you! I live in between Edmonton and Calgary and we're also under a flood watch, but nothing drastic atm.",LABEL_1,0.999805510044098,"[None, 'Calgary', None]",,
Love this city! RT @chimaincalgary: A table with food and water for the community in Mission #yycflood http://t.co/mdCAxMlzSk,LABEL_1,0.9999182224273682,"[None, 'Calgary', 'Mission']",,
"Helping cleaning up downtown calgary #calgary #flood #nopainnogain @ Calgary, AB http://t.co/nZqzyjts1D",LABEL_1,0.9999161958694458,"[None, 'Calgary', 'Calgary, AB']",,
@JoeyBats19 @BlueJays Outstanding support to my home province Alberta. #yycfloods #ABFloods,LABEL_1,0.9999186992645264,"['Alberta', None, None]",,
We are arranging to send Dr. mist to help the flood victims of Calgary through Loblaws.,LABEL_1,0.999915361404419,"[None, 'Calgary', None]",,
RT @jfranceska: Stunning first hand account of #abflood in High River http://t.co/nmMg2Pem1y,LABEL_1,0.9999176263809204,"['Alberta', None, 'High River']",,
"RT @cbcDougDirks: @nenshi If you're still standing, @WBrettWilson donating $1 for every tweet, RT of hashtag #OMGP to max 50k for #yycflood…",LABEL_1,0.9999170303344728,"[None, 'Calgary', None]",,
Alberta braced for fresh flooding: More communities in the Canadian province of Alberta are on flood alert as ... http://t.co/Er7NAaiWrQ,LABEL_1,0.9999165534973145,"['Alberta', None, 'Canadian province of']",,
Mayor will be providing information for residents in High River #abflood,LABEL_1,0.9999146461486816,"['Alberta', None, 'High River']",,
MT. @aldjohnmar: Calgarians have shown up in droves at Mcmahon to clean up Calgary. #yycflood http://t.co/tb8F7BrjAa I LOVE this city!,LABEL_1,0.9999189376831056,"[None, 'Calgary', 'Mcmahon']",,
Hard to prove but I bet the old pedi bridge would have not been effected by the flood. Seems to me http://t.co/17YZJUg8Nf,LABEL_1,0.9998657703399658,"[None, None, 'pedi bridge']",,
"Original report was 3 deaths in High River, now I'm seeing only 2 are confirmed #thatsgood #yycflood #abflood",LABEL_1,0.9999169111251832,"['Alberta', 'Calgary', 'High River']",,
"RT @maarissa6: 9 and a half hours later, day one is over ! #yycflood #volunteer",LABEL_1,0.9999147653579712,"[None, 'Calgary', None]",,
RT @LDComputers: If you need to charge your phone #YYC we have power stations at the customer service counter in effected areas #yycflood,LABEL_1,0.99991774559021,"[None, 'Calgary', None]",,
The whole city is underwater #yycflood #staysafe,LABEL_1,0.9999164342880248,"[None, 'Calgary', None]",,
@KCCOCalgary I know it's tricky 2 redirect $ raised 4 a specific cause but I 4 one would b happy to see $ raised go to red cross 4 #abflood,LABEL_1,0.9999160766601562,"['Alberta', None, None]",,
No caption I could think of could compliment this gem anymore. #yycflood #drunkenchief http://t.co/IzSGxsngb2,LABEL_1,0.9994102716445924,"[None, 'Calgary', None]",,
RT @plumberlocal: *** IMPORTANT *** We are pumping out people's basements at no charge! Call 403 288 1111 #abfloods #yycfloods #Calgary #YYC,LABEL_1,0.9999173879623412,"[None, 'Calgary', None]",,
Sunnyside cleans up as the water recedes. #abflood @ McHugh Bluff Park http://t.co/ZvD3aNkSCL,LABEL_1,0.9999175071716307,"['Alberta', None, 'McHugh Bluff Park']",,
RT @Metro_Katie: Burrell said cars should be empty between 5 and 6 PM tonight. Evacuation zone shrunk to 300 metres #yycflood,LABEL_1,0.9999194145202636,"[None, 'Calgary', None]",,
RT @WilliamShatner: My thoughts and prayers are with the flood victims in Calgary. MBB,LABEL_1,0.9999148845672609,"[None, 'Calgary', None]",,
RT @ampcalgary: Thanks Joel for posting this to us!! #yycflood #calgarystrong http://t.co/skqwpWupt6,LABEL_1,0.999918818473816,"[None, 'Calgary', None]",,
RT @DebianIT: @Nenshi Pls RT: FREE IT help to small biz owners still struggling to recover from #YYCFlood.\http://t.co/HlKCpMLVGR http://t.…,LABEL_1,0.9999167919158936,"[None, 'Calgary', None]",,
RT @JoeAnglin2: RCMP stop volunteer aid worker in #highriver and ticket him for a cracked windshield. Really! #abflood #wrp,LABEL_1,0.999918818473816,"['Alberta', None, 'highriver']",,
"@Jeanr27 there will be no classes at BVC on Monday, full details will be released shortly. #abflood #yycflood",LABEL_1,0.9999186992645264,"['Alberta', 'Calgary', None]",,
Video: Time-lapse camera captures flooding in downtown Calgary http://t.co/mIIXsrfkh1 #yycflood,LABEL_1,0.9999161958694458,"[None, 'Calgary', 'downtown Calgary']",,
A short tour of Cougar Creek in Canmore http://t.co/s5f1xfRTW9 #abflood,LABEL_1,0.99991774559021,"['Alberta', None, 'Canmore']",,
Two killed as floods hit Canada http://t.co/IXOojc43Zc:  http://t.co/bkBjWl585z,LABEL_1,0.999916672706604,"[None, None, 'Canada']",,
RT @CarrieTait: Elbow River flowing at 700 cubic metres/sec. Nenshi surprised it isn't dropping. Bow at 1700. #ABflood,LABEL_1,0.9999191761016846,"['Alberta', None, None]",,
Family needs a generator to power a sump pump at 3620 7th Street SW in Elbow Park .if anyone can help please DM.#abflood,LABEL_1,0.999918818473816,"['Alberta', None, 'Elbow Park']",,
RT @Arriva34: @JerReid @cityofcalgary Parking enforcement was relaxed in #yycflood affected areas; may still be in effect? Will attempt to …,LABEL_1,0.9999186992645264,"[None, 'Calgary', None]",,
"Here's a few of my pics from Saturday, of the flood in #MedHat. http://t.co/DUPriwAYOW #mhflood #abflood http://t.co/GLAB6IN7RG",LABEL_1,0.9999186992645264,"['Alberta', None, 'MedHat']",,
RT @Miss604: You can still help @RedCrossCanada support flood victims in Alberta: http://t.co/GbJn1xz4Iq,LABEL_1,0.9999175071716307,"['Alberta', None, None]",,
"RT @ampcalgary: Pls RT #abflood FREE SUPPLIES 403-669-1073 baby supplies, boxes, shovel, food, water, bleach. Etc Delivered free to your do…",LABEL_1,0.9999165534973145,"['Alberta', None, '403']",,
#abflood sick of this. I am a resident of Rideau and police will not let my vehicle in only nonresident contractors http://t.co/9LRpOoto2W,LABEL_1,0.9999005794525146,"['Alberta', None, 'Rideau']",,
RT @vote4terrywong: @yycgael thanking the @calgarydropin volunteers at clean up day! #yycflood http://t.co/DCxFg8mD1b,LABEL_1,0.9999135732650756,"[None, 'Calgary', None]",,
And again: Stay alert. Stay dry. Stay smart. Stay safe. We'll get through it together with strong backs and level heads. #yycflood #abflood,LABEL_1,0.9999191761016846,"['Alberta', 'Calgary', None]",,
RT @Mookalicious: Funniest pic of the day!!  RT @fan960boomer  Found sitting in my buddies driveway today. #yycflood http://t.co/HcJ4HkXL99,LABEL_1,0.9980863332748412,"[None, 'Calgary', None]",,
"At 5:50, Calgary singer-songwriter Matt Masters in studio to talk about his experience with flood, and performs. #yycflood #abflood #",LABEL_1,0.9999169111251832,"['Alberta', 'Calgary', None]",,
RT @VoiceOfRuss: Good morning! I'm on air with updates and information regarding #abflood. What's happening with you? Where are you finding…,LABEL_1,0.9999179840087892,"['Alberta', None, None]",,
RT @SupportSDrez: Update flood in Alberta. Blackfoot rez under water.\Main media only talks about Calgary. They need your help. Thanks. htt…,LABEL_1,0.9999163150787354,"['Alberta', 'Calgary', 'Blackfoot rez']",,
